customer_id,customer_lifetime_value_usd,churn_risk_score
CUST-000001,21281.07,39
CUST-000002,28347.21,42
CUST-000003,103909.84,0
CUST-000004,171318.41,14
CUST-000006,52302.46,5
CUST-000009,55063.31,30
CUST-000010,32092.17,72
CUST-000011,18132.29,26
CUST-000012,125699.03,3
CUST-000013,21119.84,0
CUST-000014,19865.78,17
CUST-000015,170981.76,16
CUST-000016,30262.05,9
CUST-000017,13678.12,46
CUST-000018,53357.96,10
CUST-000019,29140.58,9
CUST-000020,563.14,0
CUST-000021,158971.45,17
CUST-000022,115946.05,35
CUST-000023,236917.75,25
CUST-000024,8599.06,18
CUST-000025,17395.08,20
CUST-000026,82950.26,35
CUST-000027,10181.04,49
CUST-000028,95368.96,19
CUST-000029,196902.71,24
CUST-000030,95610.31,21
CUST-000031,100774.14,21
CUST-000032,2710.31,39
CUST-000033,165456.58,10
CUST-000034,52331.7,3
CUST-000035,9511.06,21
CUST-000036,71645.77,28
CUST-000037,128466.41,73
CUST-000038,1612.56,23
CUST-000040,103931.07,41
CUST-000042,80562.22,3
CUST-000043,3720.84,28
CUST-000044,22213.76,1
CUST-000045,111806.76,37
CUST-000046,66706.87,32
CUST-000047,2604.43,24
CUST-000048,15841.43,19
CUST-000049,117968.76,6
CUST-000051,129768.7,10
CUST-000052,32197.63,1
CUST-000053,207156.39,37
CUST-000054,1251.16,15
CUST-000055,14569.28,0
CUST-000056,89866.92,56
CUST-000057,37750.16,57
CUST-000058,159967.56,9
CUST-000059,13940.39,13
CUST-000060,59056.96,8
CUST-000061,56717.47,0
CUST-000064,10217.06,5
CUST-000065,40284.99,36
CUST-000066,750.09,26
CUST-000067,111876.76,75
CUST-000068,22842.86,87
CUST-000069,27669.3,60
CUST-000070,15967.37,0
CUST-000073,20610.72,17
CUST-000074,108431.88,50
CUST-000075,7674.18,9
CUST-000077,100158.58,21
CUST-000078,41050.74,0
CUST-000079,76680.39,0
CUST-000080,2815.7,40
CUST-000082,17135.7,0
CUST-000083,11567.2,32
CUST-000084,27847.13,15
CUST-000085,72.84,43
CUST-000086,21833.85,25
CUST-000087,20634.75,34
CUST-000088,24930.78,11
CUST-000089,24697.37,36
CUST-000090,91662.43,43
CUST-000091,32194.77,34
CUST-000092,23318.35,49
CUST-000093,41733.36,41
CUST-000094,89074.28,15
CUST-000095,3686.34,10
CUST-000096,117563.78,9
CUST-000097,194871.38,9
CUST-000098,88192.69,28
CUST-000100,8899.19,44
CUST-000101,61926.12,7
CUST-000102,55097.22,9
CUST-000103,24391.23,10
CUST-000105,46889.18,36
CUST-000106,20974.63,37
CUST-000107,52540.55,15
CUST-000108,66439.36,4
CUST-000109,1917.71,28
CUST-000112,34252.68,21
CUST-000113,3388.79,40
CUST-000114,101072.12,0
CUST-000115,80033.61,30
CUST-000116,98845.0,43
CUST-000118,21802.95,27
CUST-000119,15116.25,10
CUST-000120,121990.82,1
CUST-000122,124041.54,8
CUST-000123,38618.21,30
CUST-000124,152965.45,0
CUST-000125,36039.92,0
CUST-000126,118143.01,6
CUST-000127,22726.78,10
CUST-000128,166675.59,0
CUST-000130,6790.7,72
CUST-000131,40125.17,8
CUST-000132,2434.79,9
CUST-000133,108070.79,31
CUST-000134,59390.84,0
CUST-000135,23337.41,58
CUST-000136,108748.14,0
CUST-000137,17702.2,60
CUST-000138,23008.45,0
CUST-000139,148.65,53
CUST-000140,17410.2,41
CUST-000141,134421.38,6
CUST-000142,141394.63,16
CUST-000143,103031.25,14
CUST-000144,97227.06,46
CUST-000146,12837.36,50
CUST-000147,15370.96,38
CUST-000149,123871.12,15
CUST-000150,2706.23,55
CUST-000152,35222.02,26
CUST-000154,17995.07,3
CUST-000155,37026.81,46
CUST-000156,86603.19,8
CUST-000157,712.07,31
CUST-000158,7455.1,48
CUST-000159,18603.01,0
CUST-000160,18918.45,22
CUST-000161,37412.68,0
CUST-000162,178439.73,22
CUST-000163,106237.25,42
CUST-000164,76253.35,0
CUST-000165,177173.01,35
CUST-000166,27238.92,25
CUST-000167,7577.55,8
CUST-000169,8928.06,30
CUST-000170,57651.9,20
CUST-000171,116229.38,27
CUST-000173,37435.64,42
CUST-000175,100796.98,5
CUST-000176,33919.08,35
CUST-000178,71442.84,4
CUST-000179,41329.12,52
CUST-000180,31050.58,0
CUST-000181,14976.28,17
CUST-000182,30729.82,9
CUST-000184,48964.47,4
CUST-000185,11368.95,36
CUST-000186,22505.72,24
CUST-000187,75298.64,47
CUST-000188,13792.58,8
CUST-000189,68411.6,0
CUST-000190,61167.55,28
CUST-000191,825.23,15
CUST-000192,3297.92,35
CUST-000193,123901.88,0
CUST-000194,42158.52,6
CUST-000197,21038.28,31
CUST-000198,15930.74,47
CUST-000202,39817.57,40
CUST-000203,53215.99,55
CUST-000204,28245.65,24
CUST-000205,14711.98,19
CUST-000206,27349.16,81
CUST-000207,55358.84,15
CUST-000208,36372.06,0
CUST-000209,35527.2,60
CUST-000210,160094.58,19
CUST-000212,0.0,26
CUST-000213,184851.02,8
CUST-000214,73123.16,49
CUST-000216,40196.27,16
CUST-000219,153210.45,0
CUST-000221,36953.63,42
CUST-000222,75087.27,37
CUST-000223,90634.58,26
CUST-000224,55679.17,48
CUST-000225,177454.49,8
CUST-000227,39537.98,16
CUST-000228,50148.01,7
CUST-000229,166327.62,7
CUST-000230,3932.82,0
CUST-000231,154508.13,8
CUST-000233,176720.38,9
CUST-000235,4724.18,34
CUST-000236,93748.54,66
CUST-000237,157129.8,46
CUST-000238,13657.73,50
CUST-000239,69412.07,15
CUST-000240,107081.8,13
CUST-000241,66151.98,26
CUST-000242,28386.95,11
CUST-000243,1674.51,27
CUST-000244,167347.09,32
CUST-000245,96454.72,34
CUST-000246,72499.96,45
CUST-000247,136335.08,35
CUST-000248,14468.62,11
CUST-000249,27351.16,76
CUST-000250,19474.3,4
CUST-000252,31353.32,49
CUST-000254,79873.59,32
CUST-000255,80217.44,59
CUST-000256,92493.89,6
CUST-000257,111383.84,34
CUST-000258,76618.44,11
CUST-000259,24223.16,31
CUST-000260,6285.79,7
CUST-000261,139008.12,19
CUST-000264,11888.76,72
CUST-000265,3214.55,3
CUST-000266,97219.29,35
CUST-000267,1096.66,9
CUST-000268,58201.79,25
CUST-000269,80620.66,41
CUST-000270,74433.65,25
CUST-000271,120890.85,23
CUST-000272,42102.52,30
CUST-000273,24746.92,17
CUST-000275,3972.26,22
CUST-000276,138274.03,25
CUST-000277,63040.8,34
CUST-000279,66319.31,7
CUST-000281,49199.86,24
CUST-000282,69258.85,32
CUST-000283,7143.18,5
CUST-000285,75210.92,35
CUST-000286,25774.8,56
CUST-000287,1018.08,52
CUST-000288,14807.86,41
CUST-000289,158272.09,20
CUST-000291,20175.28,0
CUST-000292,10829.64,17
CUST-000294,76196.91,0
CUST-000295,1982.91,43
CUST-000296,1207.99,10
CUST-000297,17725.85,47
CUST-000299,699.85,30
CUST-000300,62143.72,35
CUST-000301,134167.78,32
CUST-000302,90033.45,37
CUST-000303,1091.87,25
CUST-000304,49529.19,8
CUST-000306,10168.79,34
CUST-000307,47028.78,32
CUST-000308,146860.22,26
CUST-000309,58371.46,31
CUST-000310,3227.34,89
CUST-000311,116222.66,35
CUST-000312,36117.54,74
CUST-000313,183639.68,5
CUST-000314,11372.98,31
CUST-000316,84962.07,23
CUST-000319,45567.14,27
CUST-000320,3290.18,48
CUST-000321,262483.6,58
CUST-000322,141872.59,12
CUST-000326,24091.08,56
CUST-000327,43702.65,15
CUST-000328,65035.41,9
CUST-000329,86181.19,15
CUST-000330,29619.36,25
CUST-000332,35053.74,8
CUST-000334,83749.82,15
CUST-000335,20939.62,3
CUST-000336,30063.67,28
CUST-000337,19063.38,32
CUST-000338,1906.56,13
CUST-000339,100119.69,47
CUST-000340,14456.65,12
CUST-000341,32626.16,18
CUST-000343,26677.51,16
CUST-000345,2820.07,5
CUST-000346,90183.55,38
CUST-000347,67465.76,62
CUST-000348,80464.53,21
CUST-000349,53689.07,0
CUST-000350,113320.45,50
CUST-000351,85259.26,17
CUST-000353,9051.1,0
CUST-000354,12430.93,46
CUST-000356,51792.79,16
CUST-000357,184338.12,33
CUST-000358,156300.2,31
CUST-000359,10493.9,33
CUST-000360,193317.09,17
CUST-000361,42209.43,50
CUST-000362,34896.11,18
CUST-000363,23012.25,23
CUST-000364,44364.35,14
CUST-000365,124412.67,60
CUST-000366,153482.17,4
CUST-000367,72441.79,7
CUST-000368,677.85,68
CUST-000369,65230.04,31
CUST-000371,3580.82,8
CUST-000372,3123.08,0
CUST-000373,60936.78,10
CUST-000375,64064.93,0
CUST-000376,55221.79,48
CUST-000377,1825.12,50
CUST-000378,2245.48,44
CUST-000379,30071.57,7
CUST-000380,7006.45,6
CUST-000381,30187.43,20
CUST-000382,24723.41,61
CUST-000383,15643.67,48
CUST-000384,159002.73,57
CUST-000385,50724.4,52
CUST-000387,46011.33,0
CUST-000388,167940.13,41
CUST-000389,4718.9,67
CUST-000390,69970.9,6
CUST-000391,107490.45,22
CUST-000392,33503.75,30
CUST-000393,128047.96,50
CUST-000394,112510.8,24
CUST-000395,1911.03,54
CUST-000396,3512.39,36
CUST-000397,91886.03,25
CUST-000398,64347.12,45
CUST-000399,83462.79,0
CUST-000401,3968.01,56
CUST-000402,10165.75,7
CUST-000403,38810.37,63
CUST-000404,51039.77,29
CUST-000405,55186.18,2
CUST-000406,47617.72,68
CUST-000407,17029.25,21
CUST-000409,43006.44,14
CUST-000411,61894.52,6
CUST-000412,90947.83,64
CUST-000413,28684.05,0
CUST-000414,9972.89,48
CUST-000415,2248.71,0
CUST-000416,96771.28,36
CUST-000418,178063.36,15
CUST-000419,57380.7,8
CUST-000421,19375.98,20
CUST-000422,15254.19,22
CUST-000423,14899.52,58
CUST-000425,117783.07,25
CUST-000426,76491.92,28
CUST-000428,1751.97,35
CUST-000432,32316.1,0
CUST-000433,20082.96,13
CUST-000434,42774.72,35
CUST-000435,209543.23,24
CUST-000436,108169.1,0
CUST-000438,27838.12,27
CUST-000439,62639.77,0
CUST-000440,4803.01,5
CUST-000441,14982.31,32
CUST-000443,113938.77,24
CUST-000444,21130.25,20
CUST-000445,15870.24,20
CUST-000446,43891.97,10
CUST-000447,113087.27,53
CUST-000448,23324.52,3
CUST-000449,19895.85,8
CUST-000450,63491.1,64
CUST-000451,14921.45,41
CUST-000452,25634.15,50
CUST-000453,58661.95,24
CUST-000454,104057.21,0
CUST-000456,168034.95,0
CUST-000457,103200.74,71
CUST-000459,22915.17,27
CUST-000460,21661.38,47
CUST-000462,219685.98,31
CUST-000463,59831.27,26
CUST-000464,93352.47,31
CUST-000465,4228.05,41
CUST-000467,102071.25,0
CUST-000468,46637.49,9
CUST-000471,110368.11,22
CUST-000472,84978.96,36
CUST-000473,16076.62,22
CUST-000474,3971.21,42
CUST-000475,95712.53,57
CUST-000476,56123.97,23
CUST-000478,85160.11,19
CUST-000479,74737.47,0
CUST-000480,11366.66,38
CUST-000482,138628.19,35
CUST-000484,83661.31,20
CUST-000486,107376.36,49
CUST-000487,30255.7,8
CUST-000488,13131.45,15
CUST-000489,2254.69,46
CUST-000490,78086.01,0
CUST-000491,53644.27,0
CUST-000493,19525.09,23
CUST-000494,37757.18,6
CUST-000495,3582.17,66
CUST-000496,243752.16,17
CUST-000497,76673.22,9
CUST-000498,44528.71,32
CUST-000499,1400.63,59
CUST-000501,83160.3,8
CUST-000503,7709.75,25
CUST-000504,129784.1,0
CUST-000505,75406.08,61
CUST-000507,76021.24,6
CUST-000508,3032.06,19
CUST-000510,3528.42,42
CUST-000511,175899.84,0
CUST-000512,22282.98,45
CUST-000514,1340.85,47
CUST-000515,62282.3,17
CUST-000516,145386.43,0
CUST-000518,5605.95,10
CUST-000519,56254.67,7
CUST-000520,62155.38,0
CUST-000521,49194.46,26
CUST-000523,32954.83,47
CUST-000525,5990.29,38
CUST-000526,792.67,16
CUST-000527,6470.58,21
CUST-000528,153276.58,30
CUST-000529,29085.57,10
CUST-000530,3643.28,37
CUST-000531,15734.11,27
CUST-000532,55090.18,35
CUST-000534,396.67,46
CUST-000535,76230.73,7
CUST-000536,21047.27,51
CUST-000538,15412.58,37
CUST-000539,67270.03,0
CUST-000540,14127.19,20
CUST-000541,26385.68,32
CUST-000542,117075.3,38
CUST-000543,13738.46,63
CUST-000545,103925.88,65
CUST-000546,59612.62,20
CUST-000547,172761.26,16
CUST-000548,6068.18,25
CUST-000549,47837.18,29
CUST-000550,45391.36,34
CUST-000551,102962.02,45
CUST-000552,62681.51,5
CUST-000553,11429.08,16
CUST-000554,73004.76,63
CUST-000555,56403.85,60
CUST-000556,14094.79,64
CUST-000557,10789.45,58
CUST-000558,94329.02,7
CUST-000560,34784.1,5
CUST-000561,6615.28,50
CUST-000562,5260.46,24
CUST-000563,5509.09,36
CUST-000564,170011.3,35
CUST-000566,86553.21,21
CUST-000567,45679.38,0
CUST-000568,91251.2,39
CUST-000569,88877.73,47
CUST-000570,36623.16,19
CUST-000571,36073.86,23
CUST-000572,30285.63,47
CUST-000573,93847.19,34
CUST-000574,39326.15,22
CUST-000575,15313.89,17
CUST-000576,195218.74,62
CUST-000577,128951.11,39
CUST-000578,6023.67,10
CUST-000581,94154.19,33
CUST-000583,139296.46,17
CUST-000584,66860.22,39
CUST-000588,48973.88,12
CUST-000590,31761.97,29
CUST-000591,59700.35,0
CUST-000592,45356.39,29
CUST-000593,169986.67,44
CUST-000595,128602.3,34
CUST-000596,93223.36,16
CUST-000597,75077.1,41
CUST-000598,60353.66,20
CUST-000599,140342.06,17
CUST-000600,24181.0,45
CUST-000601,90355.71,40
CUST-000602,17958.42,0
CUST-000603,70945.63,0
CUST-000604,70262.23,60
CUST-000605,110990.33,22
CUST-000606,8515.43,48
CUST-000607,70988.43,0
CUST-000608,3351.97,18
CUST-000609,51726.82,0
CUST-000611,20745.97,33
CUST-000612,35745.71,4
CUST-000613,189717.31,22
CUST-000614,39463.0,6
CUST-000615,32696.56,61
CUST-000616,30681.04,35
CUST-000617,19970.05,32
CUST-000618,64319.27,28
CUST-000619,14087.78,30
CUST-000620,4879.91,21
CUST-000621,27025.88,0
CUST-000623,21840.25,11
CUST-000624,37354.27,72
CUST-000627,123653.84,40
CUST-000628,63970.34,31
CUST-000630,41672.63,60
CUST-000632,34435.16,41
CUST-000633,24774.3,15
CUST-000634,63005.07,22
CUST-000635,61609.29,16
CUST-000636,3283.17,31
CUST-000637,41697.0,1
CUST-000638,7282.09,20
CUST-000639,181423.73,15
CUST-000640,2016.62,46
CUST-000642,92128.96,33
CUST-000643,32077.06,48
CUST-000644,166199.58,0
CUST-000646,47316.87,21
CUST-000650,61010.38,28
CUST-000651,68857.33,20
CUST-000653,17136.07,0
CUST-000654,4117.63,32
CUST-000655,46492.83,2
CUST-000657,38954.87,57
CUST-000659,23513.27,41
CUST-000661,22741.89,16
CUST-000662,7746.42,31
CUST-000663,37559.37,22
CUST-000664,27560.62,32
CUST-000666,111018.2,30
CUST-000667,122541.08,47
CUST-000668,200141.85,24
CUST-000669,51674.57,15
CUST-000670,117538.01,15
CUST-000671,16910.51,21
CUST-000672,53884.08,18
CUST-000675,29650.84,43
CUST-000676,7031.9,0
CUST-000678,56127.57,35
CUST-000679,6364.19,45
CUST-000680,25219.62,63
CUST-000681,34945.58,25
CUST-000683,2436.88,25
CUST-000684,14173.52,9
CUST-000685,177745.66,68
CUST-000686,74369.95,1
CUST-000688,36779.91,26
CUST-000689,127984.25,23
CUST-000690,201946.11,39
CUST-000691,56150.57,42
CUST-000692,73087.24,3
CUST-000693,40241.54,38
CUST-000694,4681.91,38
CUST-000695,39399.31,8
CUST-000696,75351.34,29
CUST-000697,28598.45,29
CUST-000698,94606.22,2
CUST-000699,56774.57,2
CUST-000700,19420.5,0
CUST-000701,120076.21,0
CUST-000702,42316.6,18
CUST-000704,84201.93,31
CUST-000705,6281.0,21
CUST-000706,158166.58,36
CUST-000707,10225.59,16
CUST-000708,62047.81,40
CUST-000710,4242.26,22
CUST-000711,64908.97,9
CUST-000712,121745.91,41
CUST-000713,81890.71,43
CUST-000714,215799.71,62
CUST-000715,40558.51,9
CUST-000716,170152.79,35
CUST-000717,99347.68,20
CUST-000718,59960.22,7
CUST-000719,16464.25,3
CUST-000720,54566.46,24
CUST-000721,102978.16,9
CUST-000722,217278.06,18
CUST-000723,107265.31,0
CUST-000724,26974.87,34
CUST-000727,20612.12,85
CUST-000728,45825.71,27
CUST-000729,95194.06,49
CUST-000731,46793.08,9
CUST-000732,116506.46,10
CUST-000733,47843.91,30
CUST-000734,714.02,34
CUST-000736,187708.23,18
CUST-000738,54605.77,1
CUST-000739,35426.75,7
CUST-000740,8702.42,16
CUST-000742,139743.22,7
CUST-000744,6550.37,14
CUST-000745,14512.29,7
CUST-000747,22740.94,18
CUST-000750,1710.14,36
CUST-000751,101287.85,63
CUST-000752,111672.38,15
CUST-000753,44563.57,22
CUST-000754,72860.63,17
CUST-000755,20925.32,7
CUST-000756,172695.66,39
CUST-000758,91839.75,29
CUST-000760,19014.27,13
CUST-000761,39809.05,7
CUST-000762,152641.84,15
CUST-000763,56851.46,28
CUST-000764,26662.67,30
CUST-000765,44233.16,19
CUST-000766,43553.14,29
CUST-000767,29042.6,13
CUST-000768,6475.24,25
CUST-000769,81730.22,34
CUST-000770,20215.61,47
CUST-000774,8542.53,59
CUST-000775,7843.77,37
CUST-000776,99784.17,50
CUST-000778,90007.36,28
CUST-000779,13650.45,16
CUST-000780,53470.82,17
CUST-000781,87423.54,8
CUST-000782,4198.43,40
CUST-000783,19259.27,45
CUST-000784,109597.66,24
CUST-000785,8265.06,25
CUST-000786,8608.72,42
CUST-000787,9902.2,74
CUST-000788,3743.79,36
CUST-000789,8492.5,6
CUST-000790,13592.8,43
CUST-000791,85973.43,6
CUST-000793,162833.67,24
CUST-000794,19943.13,21
CUST-000795,78142.2,50
CUST-000796,162778.75,59
CUST-000797,13547.24,56
CUST-000798,62465.9,38
CUST-000799,3457.58,31
CUST-000800,52686.17,1
CUST-000802,27082.37,40
CUST-000804,169252.29,9
CUST-000805,41639.5,0
CUST-000806,123203.74,19
CUST-000807,26709.01,20
CUST-000808,236939.4,58
CUST-000809,13901.65,26
CUST-000810,40778.8,6
CUST-000811,85238.19,7
CUST-000813,98115.5,6
CUST-000814,41676.61,1
CUST-000815,25931.73,22
CUST-000816,57779.19,9
CUST-000818,45963.8,16
CUST-000819,8095.25,0
CUST-000820,147818.17,35
CUST-000821,124448.84,73
CUST-000823,543.88,61
CUST-000824,18076.33,32
CUST-000825,45719.01,44
CUST-000826,108602.32,33
CUST-000827,58161.59,8
CUST-000828,291.95,43
CUST-000829,20070.38,25
CUST-000830,157520.51,41
CUST-000831,26327.24,68
CUST-000832,98257.99,7
CUST-000833,81680.07,41
CUST-000834,15967.68,20
CUST-000835,39307.58,61
CUST-000836,32784.5,8
CUST-000837,78082.51,33
CUST-000838,20806.42,61
CUST-000839,32760.13,33
CUST-000841,62011.02,2
CUST-000842,147057.86,32
CUST-000845,148325.39,6
CUST-000846,1817.87,32
CUST-000847,211803.69,11
CUST-000850,119087.16,24
CUST-000852,92569.72,61
CUST-000853,51260.39,6
CUST-000855,107180.53,40
CUST-000856,174848.19,5
CUST-000857,1124.01,11
CUST-000859,8933.55,24
CUST-000860,2594.42,14
CUST-000861,132206.25,13
CUST-000864,39383.53,46
CUST-000865,13909.34,35
CUST-000866,34239.31,34
CUST-000868,43915.05,20
CUST-000869,57510.14,20
CUST-000870,700.74,78
CUST-000871,85947.71,0
CUST-000872,38310.76,37
CUST-000873,63894.67,54
CUST-000875,13860.55,67
CUST-000876,100005.98,37
CUST-000877,184310.2,30
CUST-000878,71067.65,0
CUST-000879,13522.38,46
CUST-000881,360.98,99
CUST-000882,27829.07,77
CUST-000883,183233.65,17
CUST-000884,68193.6,54
CUST-000886,156969.46,40
CUST-000887,125959.76,0
CUST-000888,83725.51,21
CUST-000889,154604.16,31
CUST-000890,56451.05,7
CUST-000892,4270.87,0
CUST-000894,20375.11,19
CUST-000895,36864.27,31
CUST-000896,20789.53,4
CUST-000897,52074.09,47
CUST-000898,55893.99,0
CUST-000900,19356.6,16
CUST-000901,12734.12,14
CUST-000902,131322.19,21
CUST-000904,16375.11,7
CUST-000905,102909.01,36
CUST-000906,19897.47,50
CUST-000907,205043.27,6
CUST-000908,176364.81,13
CUST-000909,18388.24,34
CUST-000910,3911.73,0
CUST-000911,50568.75,31
CUST-000913,3337.41,1
CUST-000916,29283.96,22
CUST-000917,152915.26,49
CUST-000918,116984.54,50
CUST-000919,57847.19,40
CUST-000920,166109.74,55
CUST-000921,24101.6,31
CUST-000922,45809.57,62
CUST-000923,58724.47,0
CUST-000924,7576.08,0
CUST-000925,86816.71,0
CUST-000926,4303.02,18
CUST-000928,205494.91,39
CUST-000930,99152.28,41
CUST-000932,83989.95,40
CUST-000934,21111.51,49
CUST-000935,28301.6,44
CUST-000936,226627.16,0
CUST-000938,28460.6,39
CUST-000939,10741.03,21
CUST-000942,114116.04,0
CUST-000943,35293.39,5
CUST-000945,14721.01,35
CUST-000946,66912.86,40
CUST-000947,4081.81,64
CUST-000948,12283.78,10
CUST-000949,7846.32,6
CUST-000952,39506.23,38
CUST-000953,54405.13,18
CUST-000955,84280.75,44
CUST-000956,30066.62,0
CUST-000957,150790.8,24
CUST-000959,7184.71,0
CUST-000960,76132.86,60
CUST-000961,221023.02,20
CUST-000964,54208.39,40
CUST-000965,31560.1,12
CUST-000966,11537.84,16
CUST-000967,77753.81,23
CUST-000969,125558.29,2
CUST-000970,62607.32,39
CUST-000971,9595.83,13
CUST-000973,865.66,11
CUST-000974,70527.48,12
CUST-000975,40132.74,12
CUST-000976,9112.77,32
CUST-000977,37796.27,9
CUST-000978,48591.49,43
CUST-000979,48072.51,73
CUST-000981,53117.9,45
CUST-000982,76274.52,48
CUST-000983,59540.34,0
CUST-000984,109942.4,0
CUST-000985,31357.21,15
CUST-000987,111037.33,0
CUST-000988,589.08,16
CUST-000989,13559.86,37
CUST-000991,122337.88,67
CUST-000992,3810.22,0
CUST-000993,57336.82,32
CUST-000994,77437.21,27
CUST-000995,124775.11,21
CUST-000996,54165.94,34
CUST-000997,17623.6,20
CUST-000998,101044.47,42
CUST-001000,160505.48,4
CUST-001002,113004.14,0
CUST-001003,22707.76,44
CUST-001005,128096.54,53
CUST-001007,30326.21,0
CUST-001008,0.0,85
CUST-001009,162441.48,1
CUST-001010,56214.94,15
CUST-001011,8816.55,0
CUST-001012,45779.54,18
CUST-001014,192681.77,45
CUST-001015,30191.65,0
CUST-001016,13691.39,40
CUST-001017,5907.81,42
CUST-001018,109002.68,5
CUST-001019,38737.34,45
CUST-001020,66572.18,0
CUST-001021,6351.36,28
CUST-001022,188636.67,10
CUST-001023,171198.33,0
CUST-001024,5124.4,37
CUST-001025,96656.18,46
CUST-001026,63036.87,20
CUST-001027,690.31,28
CUST-001028,7604.35,15
CUST-001029,35115.31,60
CUST-001030,39548.3,21
CUST-001032,107954.88,7
CUST-001036,47598.21,11
CUST-001037,55031.36,28
CUST-001038,77333.55,21
CUST-001039,116824.68,37
CUST-001041,110066.08,35
CUST-001042,96427.88,37
CUST-001043,54729.22,5
CUST-001045,134127.23,0
CUST-001047,22090.01,19
CUST-001048,143314.73,46
CUST-001050,117442.21,40
CUST-001051,3602.95,27
CUST-001052,65807.86,8
CUST-001055,94721.44,34
CUST-001056,35560.3,25
CUST-001057,139330.65,2
CUST-001058,103939.93,22
CUST-001059,10977.03,46
CUST-001060,79617.01,45
CUST-001061,101808.04,5
CUST-001062,113246.37,15
CUST-001063,5258.89,32
CUST-001064,147849.05,29
CUST-001065,5424.36,20
CUST-001066,101153.6,62
CUST-001067,61009.47,0
CUST-001068,117740.67,49
CUST-001070,78542.67,28
CUST-001071,113341.83,49
CUST-001072,45715.49,33
CUST-001073,124473.48,48
CUST-001074,1712.44,5
CUST-001075,5130.45,60
CUST-001076,8164.59,43
CUST-001077,55406.61,46
CUST-001080,83799.22,7
CUST-001081,53783.76,58
CUST-001082,51430.62,49
CUST-001083,91303.4,23
CUST-001084,125405.26,0
CUST-001085,45124.45,17
CUST-001086,4573.84,46
CUST-001087,6784.28,0
CUST-001088,45918.95,16
CUST-001089,67775.8,50
CUST-001090,22609.32,35
CUST-001091,90382.02,34
CUST-001092,12429.1,69
CUST-001093,553.17,36
CUST-001094,92879.39,43
CUST-001095,34124.95,21
CUST-001096,15350.2,54
CUST-001097,70646.06,0
CUST-001099,63291.85,42
CUST-001100,93170.9,49
CUST-001102,38310.38,0
CUST-001103,46992.39,32
CUST-001104,10956.14,31
CUST-001105,155622.83,30
CUST-001106,84366.55,21
CUST-001109,2011.76,16
CUST-001110,49850.24,14
CUST-001111,80127.28,26
CUST-001112,109760.35,7
CUST-001113,1163.25,34
CUST-001114,4603.07,50
CUST-001116,104597.83,49
CUST-001117,112645.56,35
CUST-001118,166948.82,60
CUST-001120,5479.27,49
CUST-001121,33148.55,26
CUST-001124,58671.16,8
CUST-001126,2920.58,29
CUST-001129,205200.26,20
CUST-001130,8836.01,19
CUST-001131,105346.28,44
CUST-001133,25687.93,31
CUST-001134,43188.44,14
CUST-001135,44331.73,0
CUST-001136,132024.36,48
CUST-001137,28915.64,31
CUST-001138,118913.24,12
CUST-001141,23635.72,0
CUST-001142,54553.83,15
CUST-001143,29698.02,18
CUST-001144,5330.83,9
CUST-001145,39285.33,25
CUST-001146,111843.82,15
CUST-001147,226106.45,41
CUST-001148,4253.29,9
CUST-001149,148720.92,54
CUST-001150,65770.23,28
CUST-001151,87468.36,32
CUST-001152,4340.06,18
CUST-001153,184899.05,22
CUST-001154,6697.35,11
CUST-001155,1774.37,42
CUST-001156,81556.71,1
CUST-001157,139734.04,3
CUST-001159,35021.7,8
CUST-001160,59606.32,45
CUST-001161,70308.97,0
CUST-001162,196393.62,29
CUST-001168,103080.45,48
CUST-001169,59056.35,5
CUST-001170,45268.46,71
CUST-001171,5158.37,42
CUST-001172,170308.82,42
CUST-001173,6954.66,16
CUST-001174,2842.29,19
CUST-001175,201645.71,22
CUST-001177,122834.28,41
CUST-001178,143445.92,6
CUST-001179,55514.22,39
CUST-001180,44435.11,40
CUST-001185,35574.48,47
CUST-001186,12014.11,0
CUST-001187,41599.2,40
CUST-001188,103799.34,68
CUST-001189,26212.87,71
CUST-001190,43938.33,0
CUST-001192,8117.91,35
CUST-001193,9117.58,44
CUST-001194,4626.7,0
CUST-001195,88604.71,20
CUST-001196,18331.44,24
CUST-001197,60630.18,15
CUST-001198,94703.11,8
CUST-001199,44541.96,6
CUST-001200,113445.72,0
CUST-001201,29956.64,0
CUST-001202,24556.0,43
CUST-001203,100581.03,30
CUST-001204,10511.38,9
CUST-001205,60380.93,5
CUST-001206,5427.7,60
CUST-001207,16677.62,27
CUST-001208,74188.39,25
CUST-001209,43091.96,34
CUST-001210,14913.53,23
CUST-001211,1525.66,31
CUST-001212,72411.97,60
CUST-001213,13571.31,8
CUST-001214,97628.93,32
CUST-001215,46633.79,13
CUST-001216,51481.75,31
CUST-001217,3658.13,72
CUST-001218,32964.18,23
CUST-001219,15111.66,50
CUST-001221,91842.33,39
CUST-001222,11494.44,1
CUST-001223,2651.81,37
CUST-001224,422.88,42
CUST-001225,77829.01,21
CUST-001226,37793.77,29
CUST-001229,31055.21,0
CUST-001230,76862.98,26
CUST-001231,14034.71,10
CUST-001232,31705.93,10
CUST-001234,6184.67,37
CUST-001235,38244.21,52
CUST-001236,28742.41,29
CUST-001237,79778.58,36
CUST-001238,53119.04,14
CUST-001239,94842.32,13
CUST-001240,3498.08,37
CUST-001241,30168.61,42
CUST-001242,180527.69,50
CUST-001243,71864.29,14
CUST-001245,36101.91,43
CUST-001246,15954.42,30
CUST-001248,55737.31,16
CUST-001249,68040.57,25
CUST-001250,36223.93,57
CUST-001251,149139.98,23
CUST-001252,120242.09,5
CUST-001253,9989.07,43
CUST-001255,104843.05,29
CUST-001256,82308.48,24
CUST-001257,130872.97,1
CUST-001258,38580.13,5
CUST-001259,50542.68,23
CUST-001260,1644.25,5
CUST-001261,102672.87,0
CUST-001262,981.42,38
CUST-001263,32489.51,51
CUST-001264,46103.67,44
CUST-001265,85722.81,35
CUST-001266,9393.26,7
CUST-001267,17285.19,39
CUST-001268,18576.65,22
CUST-001269,9549.22,15
CUST-001270,138748.97,0
CUST-001271,158947.5,56
CUST-001273,35645.95,38
CUST-001274,171946.44,20
CUST-001275,60944.94,15
CUST-001276,157234.66,10
CUST-001278,19490.6,0
CUST-001280,34738.19,44
CUST-001281,95957.35,39
CUST-001284,3180.41,39
CUST-001285,116249.99,17
CUST-001287,95550.92,4
CUST-001288,17702.02,0
CUST-001289,30129.6,50
CUST-001291,28899.41,53
CUST-001293,92604.48,67
CUST-001294,57328.08,38
CUST-001295,126917.5,55
CUST-001297,90348.81,22
CUST-001298,1657.66,16
CUST-001299,109804.54,24
CUST-001300,8086.41,13
CUST-001301,74411.34,47
CUST-001302,32421.35,15
CUST-001303,114594.29,17
CUST-001304,68416.12,30
CUST-001305,37447.37,17
CUST-001306,0.0,26
CUST-001307,194720.86,29
CUST-001308,155702.7,38
CUST-001309,64330.77,25
CUST-001310,42619.63,15
CUST-001311,244395.54,0
CUST-001312,125555.47,34
CUST-001313,32765.2,29
CUST-001314,125580.87,21
CUST-001315,179757.48,5
CUST-001316,200716.13,8
CUST-001317,34844.66,16
CUST-001319,80449.68,30
CUST-001321,8602.06,37
CUST-001322,2957.59,0
CUST-001323,42283.09,39
CUST-001324,12350.8,0
CUST-001325,30665.07,37
CUST-001326,2900.38,49
CUST-001327,101661.11,30
CUST-001328,63490.01,34
CUST-001329,47556.46,15
CUST-001330,4847.69,46
CUST-001331,149806.63,72
CUST-001333,2528.91,31
CUST-001334,5088.28,19
CUST-001335,569.23,83
CUST-001336,81955.98,26
CUST-001337,16604.06,41
CUST-001338,69865.6,52
CUST-001339,129036.11,41
CUST-001340,88079.36,89
CUST-001341,50177.33,19
CUST-001342,1797.33,15
CUST-001343,79425.07,0
CUST-001344,54062.96,20
CUST-001346,9905.49,44
CUST-001347,67731.2,4
CUST-001348,4586.69,19
CUST-001349,22028.96,0
CUST-001350,120920.11,67
CUST-001351,23243.67,21
CUST-001352,119741.44,29
CUST-001353,24113.48,7
CUST-001354,143432.91,8
CUST-001355,99374.53,4
CUST-001356,128149.46,12
CUST-001357,12998.37,28
CUST-001358,29392.29,26
CUST-001359,0.0,37
CUST-001360,81010.1,10
CUST-001361,9890.86,5
CUST-001362,71877.87,0
CUST-001363,12426.47,45
CUST-001364,151134.46,50
CUST-001365,25222.71,32
CUST-001366,49758.08,42
CUST-001367,2606.98,39
CUST-001368,22963.65,25
CUST-001369,14023.73,66
CUST-001370,36987.65,13
CUST-001372,45953.63,4
CUST-001374,8730.91,33
CUST-001375,22306.25,37
CUST-001376,46733.74,44
CUST-001377,47700.59,21
CUST-001379,73933.37,55
CUST-001380,2812.8,40
CUST-001381,63246.46,21
CUST-001382,9976.18,30
CUST-001383,17999.53,8
CUST-001384,190784.66,0
CUST-001385,87058.79,21
CUST-001386,61170.46,38
CUST-001387,20202.95,40
CUST-001388,1186.32,22
CUST-001390,18128.56,23
CUST-001392,113201.22,18
CUST-001394,3450.16,41
CUST-001395,71667.51,30
CUST-001397,58563.73,39
CUST-001399,5377.18,40
CUST-001400,38194.73,31
CUST-001402,6571.82,22
CUST-001404,99425.53,26
CUST-001405,104336.05,5
CUST-001406,21331.43,0
CUST-001408,49399.97,0
CUST-001409,55579.94,42
CUST-001410,169541.97,0
CUST-001411,18490.97,23
CUST-001412,2195.16,23
CUST-001413,8588.62,0
CUST-001416,13422.99,71
CUST-001417,105684.84,15
CUST-001420,125454.82,49
CUST-001421,21001.79,0
CUST-001422,53615.72,19
CUST-001425,151557.7,0
CUST-001426,45981.05,18
CUST-001427,72156.37,0
CUST-001428,7920.35,42
CUST-001429,31265.42,46
CUST-001430,29656.44,10
CUST-001432,41834.65,24
CUST-001433,3603.69,6
CUST-001434,102705.76,0
CUST-001435,171398.81,35
CUST-001436,62479.28,48
CUST-001437,142149.37,49
CUST-001438,95281.53,15
CUST-001439,87823.38,57
CUST-001440,57515.04,30
CUST-001441,104818.2,40
CUST-001442,81324.33,22
CUST-001444,4877.0,34
CUST-001446,174589.75,30
CUST-001447,7010.39,50
CUST-001448,26312.91,13
CUST-001450,3095.93,21
CUST-001451,25432.35,47
CUST-001453,116206.37,21
CUST-001455,67423.82,31
CUST-001456,10248.46,35
CUST-001457,9107.06,5
CUST-001458,11571.02,43
CUST-001460,17370.96,19
CUST-001461,589.19,70
CUST-001462,18569.33,18
CUST-001463,73778.18,38
CUST-001464,260336.68,71
CUST-001466,198234.85,10
CUST-001467,41026.57,37
CUST-001468,59598.23,61
CUST-001469,21171.99,19
CUST-001470,104248.21,50
CUST-001472,37508.88,23
CUST-001473,76023.41,56
CUST-001474,122399.41,24
CUST-001475,28054.91,17
CUST-001476,25235.07,0
CUST-001477,50164.73,0
CUST-001478,384.22,30
CUST-001479,0.0,43
CUST-001480,52640.24,7
CUST-001482,178691.21,22
CUST-001483,71802.65,12
CUST-001486,48984.43,36
CUST-001489,26361.63,30
CUST-001492,34067.55,35
CUST-001493,3532.84,38
CUST-001494,160590.12,25
CUST-001495,22259.03,46
CUST-001496,69288.84,47
CUST-001497,39670.31,48
CUST-001498,24685.88,41
CUST-001500,45406.54,19
CUST-001501,28446.88,31
CUST-001503,51647.86,45
CUST-001505,28960.04,0
CUST-001506,67950.08,0
CUST-001507,10755.56,63
CUST-001510,223279.95,14
CUST-001511,1672.55,47
CUST-001512,88144.86,18
CUST-001513,14962.61,19
CUST-001514,125954.11,6
CUST-001515,6859.43,0
CUST-001516,77851.77,28
CUST-001517,99035.49,12
CUST-001518,34577.04,41
CUST-001519,135722.72,45
CUST-001520,252251.93,0
CUST-001521,135441.99,16
CUST-001523,149919.46,29
CUST-001524,72285.44,20
CUST-001525,162130.85,18
CUST-001526,30699.14,37
CUST-001527,92395.66,16
CUST-001528,3297.94,39
CUST-001529,41665.81,21
CUST-001530,48540.54,15
CUST-001531,57816.47,21
CUST-001532,39564.28,42
CUST-001533,49838.97,0
CUST-001534,12836.42,21
CUST-001536,5544.3,55
CUST-001538,34725.02,50
CUST-001539,56783.62,14
CUST-001540,136776.27,0
CUST-001541,127942.92,65
CUST-001542,13988.09,32
CUST-001543,62236.76,23
CUST-001544,19529.02,0
CUST-001546,33746.1,0
CUST-001547,34186.16,16
CUST-001548,795.14,51
CUST-001549,0.0,50
CUST-001550,88278.23,12
CUST-001551,95130.13,0
CUST-001552,130882.94,0
CUST-001553,30686.85,34
CUST-001554,21773.38,13
CUST-001556,15782.42,31
CUST-001557,152696.87,44
CUST-001559,130993.97,22
CUST-001560,15314.99,9
CUST-001561,262132.08,57
CUST-001562,43596.04,40
CUST-001563,78896.48,24
CUST-001564,46839.53,0
CUST-001565,130273.18,34
CUST-001568,39557.27,30
CUST-001569,77096.85,40
CUST-001570,21172.58,15
CUST-001572,24728.7,0
CUST-001574,65426.18,39
CUST-001575,68213.55,0
CUST-001576,147391.41,31
CUST-001578,61109.16,24
CUST-001579,11848.04,22
CUST-001580,58022.55,0
CUST-001581,9750.27,13
CUST-001582,86931.55,1
CUST-001583,5609.44,12
CUST-001586,180338.89,42
CUST-001587,167083.79,0
CUST-001588,80446.14,10
CUST-001589,50028.66,0
CUST-001590,13236.37,30
CUST-001592,40833.53,11
CUST-001593,23666.16,20
CUST-001594,79832.02,0
CUST-001596,31733.21,26
CUST-001597,39930.72,8
CUST-001598,59160.94,37
CUST-001599,73107.49,13
CUST-001601,52043.98,34
CUST-001602,146740.55,8
CUST-001603,23931.6,0
CUST-001605,146988.43,28
CUST-001606,10457.4,30
CUST-001607,9633.19,4
CUST-001608,0.0,10
CUST-001610,39150.68,5
CUST-001611,10479.35,12
CUST-001612,5563.26,53
CUST-001613,18178.15,0
CUST-001614,9765.02,16
CUST-001615,135646.19,31
CUST-001616,23171.76,56
CUST-001618,35518.54,0
CUST-001620,131560.03,16
CUST-001621,206532.08,48
CUST-001623,103571.86,46
CUST-001624,11252.78,0
CUST-001625,166817.16,43
CUST-001626,421.09,43
CUST-001627,212603.28,16
CUST-001628,1379.02,6
CUST-001629,4508.25,7
CUST-001630,11639.61,26
CUST-001631,0.0,54
CUST-001633,12646.42,38
CUST-001634,99374.39,0
CUST-001635,62591.41,33
CUST-001637,83073.67,18
CUST-001638,50861.32,90
CUST-001639,96381.95,67
CUST-001640,40983.11,30
CUST-001642,33495.8,0
CUST-001643,64343.63,13
CUST-001644,2148.05,38
CUST-001646,32862.14,42
CUST-001647,29534.97,31
CUST-001649,81071.7,22
CUST-001650,38805.77,16
CUST-001651,197791.69,52
CUST-001652,83652.09,46
CUST-001653,22505.43,29
CUST-001655,3054.24,12
CUST-001657,98495.56,31
CUST-001658,10719.93,5
CUST-001659,57372.22,34
CUST-001660,2902.59,0
CUST-001661,42562.94,34
CUST-001663,39948.18,25
CUST-001664,39559.72,15
CUST-001665,113496.15,38
CUST-001666,113806.53,68
CUST-001667,111581.48,24
CUST-001668,12530.4,47
CUST-001670,278631.06,0
CUST-001673,23583.29,9
CUST-001675,2327.39,0
CUST-001677,43776.67,31
CUST-001678,118305.36,21
CUST-001679,9699.84,0
CUST-001680,30245.1,43
CUST-001684,22060.3,27
CUST-001686,159715.0,17
CUST-001687,107398.24,9
CUST-001689,86210.27,45
CUST-001690,14963.24,55
CUST-001691,47943.6,5
CUST-001692,88246.56,47
CUST-001693,13952.06,60
CUST-001694,103980.55,35
CUST-001695,53439.66,25
CUST-001696,150555.59,24
CUST-001697,62521.13,38
CUST-001699,183931.93,78
CUST-001701,39446.41,65
CUST-001702,1705.55,33
CUST-001703,188818.83,27
CUST-001706,4102.43,0
CUST-001707,198130.88,40
CUST-001709,75587.44,60
CUST-001710,82698.6,44
CUST-001712,24533.52,61
CUST-001713,36146.94,9
CUST-001714,2677.97,0
CUST-001715,89921.21,48
CUST-001716,149163.73,24
CUST-001717,16649.44,41
CUST-001718,116226.56,30
CUST-001719,109848.02,57
CUST-001720,11869.72,45
CUST-001723,47536.42,41
CUST-001724,114354.54,10
CUST-001725,203122.53,2
CUST-001726,77119.91,31
CUST-001727,6563.54,19
CUST-001728,14468.39,51
CUST-001729,15832.12,7
CUST-001730,43583.1,39
CUST-001731,27673.57,32
CUST-001733,86832.57,49
CUST-001734,9810.31,9
CUST-001735,104988.46,33
CUST-001736,22677.53,64
CUST-001738,6163.3,61
CUST-001740,25619.9,6
CUST-001741,0.0,64
CUST-001743,9928.67,0
CUST-001744,14043.76,23
CUST-001745,3105.98,10
CUST-001746,20330.54,47
CUST-001747,81879.59,2
CUST-001748,69811.78,22
CUST-001750,28613.76,22
CUST-001751,49314.33,26
CUST-001752,84280.03,8
CUST-001753,41776.8,52
CUST-001754,86707.6,9
CUST-001755,11228.88,4
CUST-001756,16596.22,55
CUST-001757,22517.96,41
CUST-001758,17030.42,15
CUST-001759,35321.28,20
CUST-001760,9271.43,40
CUST-001761,81981.99,0
CUST-001762,123747.24,50
CUST-001763,22520.02,20
CUST-001764,6731.97,47
CUST-001765,44646.57,5
CUST-001766,44940.15,15
CUST-001767,121819.3,46
CUST-001768,21590.07,21
CUST-001769,89134.72,10
CUST-001770,125288.05,0
CUST-001771,36477.19,62
CUST-001772,41462.87,7
CUST-001773,90311.57,23
CUST-001774,160860.42,38
CUST-001775,34571.44,29
CUST-001776,44922.48,59
CUST-001777,52045.91,50
CUST-001778,25481.89,54
CUST-001779,6260.73,16
CUST-001780,15654.44,5
CUST-001781,8290.42,27
CUST-001782,9805.61,0
CUST-001783,48500.18,42
CUST-001784,40993.31,25
CUST-001786,24673.44,44
CUST-001788,182526.74,44
CUST-001790,7057.23,24
CUST-001791,86038.37,44
CUST-001794,121574.44,34
CUST-001795,69083.83,16
CUST-001796,89756.06,22
CUST-001797,2282.51,75
CUST-001798,4848.24,19
CUST-001799,50010.25,19
CUST-001800,39197.71,0
CUST-001802,115170.62,18
CUST-001803,2488.42,29
CUST-001805,49136.55,27
CUST-001806,25971.07,50
CUST-001807,6310.59,40
CUST-001810,256812.17,56
CUST-001811,130550.59,20
CUST-001814,177417.31,65
CUST-001815,29217.18,64
CUST-001816,27352.99,30
CUST-001817,9704.96,32
CUST-001818,36730.48,39
CUST-001821,180119.91,8
CUST-001822,8624.72,57
CUST-001824,12091.63,22
CUST-001826,60808.2,23
CUST-001828,62324.31,2
CUST-001829,27099.22,55
CUST-001831,77202.37,49
CUST-001832,19559.66,0
CUST-001833,78021.78,50
CUST-001834,19209.48,0
CUST-001835,6370.0,9
CUST-001836,18126.73,20
CUST-001837,26801.1,6
CUST-001838,43444.7,4
CUST-001839,67721.12,39
CUST-001840,56768.51,7
CUST-001841,197837.18,1
CUST-001843,41579.72,18
CUST-001844,76093.98,4
CUST-001845,8196.78,34
CUST-001846,15342.29,32
CUST-001848,1186.2,35
CUST-001849,43785.5,31
CUST-001850,104042.85,21
CUST-001853,122711.08,6
CUST-001855,61843.6,49
CUST-001856,166127.78,0
CUST-001857,69553.32,53
CUST-001858,190.81,29
CUST-001859,20513.32,17
CUST-001861,274428.14,31
CUST-001862,78983.09,0
CUST-001863,2771.31,61
CUST-001866,127943.26,24
CUST-001868,66158.17,22
CUST-001869,21476.05,32
CUST-001870,31053.29,1
CUST-001871,47043.36,37
CUST-001872,111008.57,7
CUST-001873,6117.98,8
CUST-001874,117476.21,9
CUST-001875,22495.33,31
CUST-001876,28414.48,6
CUST-001879,6215.25,40
CUST-001880,9337.32,24
CUST-001881,100779.92,4
CUST-001882,110643.37,63
CUST-001883,43526.24,60
CUST-001884,65186.56,6
CUST-001886,60850.08,59
CUST-001887,10150.34,72
CUST-001888,1285.25,2
CUST-001889,8242.65,0
CUST-001890,60152.62,6
CUST-001891,12203.07,15
CUST-001892,39855.33,23
CUST-001893,16514.17,47
CUST-001894,153.0,20
CUST-001895,24967.11,11
CUST-001897,38096.99,39
CUST-001898,11429.74,6
CUST-001899,25556.75,73
CUST-001900,31804.38,45
CUST-001903,88130.41,30
CUST-001904,24199.93,45
CUST-001905,48798.43,31
CUST-001907,109571.24,23
CUST-001908,41433.48,45
CUST-001909,174365.84,9
CUST-001910,151017.82,15
CUST-001911,8879.55,57
CUST-001914,5724.71,44
CUST-001915,19038.63,0
CUST-001916,28963.87,0
CUST-001917,78579.02,49
CUST-001918,81975.19,44
CUST-001919,50912.49,58
CUST-001920,80959.17,13
CUST-001921,8748.3,62
CUST-001922,57711.24,45
CUST-001923,202388.0,19
CUST-001924,11309.86,0
CUST-001925,25808.25,10
CUST-001926,43687.71,35
CUST-001927,108123.57,0
CUST-001928,29302.07,25
CUST-001930,96435.28,6
CUST-001932,73646.8,59
CUST-001933,195786.42,24
CUST-001934,107416.13,28
CUST-001935,143882.12,59
CUST-001936,3156.0,9
CUST-001937,121806.03,9
CUST-001938,141131.86,0
CUST-001939,27445.67,2
CUST-001940,101094.64,16
CUST-001941,43937.96,66
CUST-001943,30007.86,37
CUST-001944,10893.73,40
CUST-001945,32885.09,60
CUST-001946,21756.44,4
CUST-001947,55172.05,60
CUST-001948,13993.3,18
CUST-001949,11993.02,23
CUST-001950,24747.05,20
CUST-001951,39561.3,46
CUST-001952,105849.0,33
CUST-001954,183350.43,15
CUST-001956,120813.09,24
CUST-001958,85042.73,6
CUST-001959,7227.87,25
CUST-001960,99835.31,45
CUST-001961,42643.71,19
CUST-001962,86453.46,30
CUST-001964,4583.64,12
CUST-001965,105591.29,40
CUST-001966,123429.24,48
CUST-001967,35296.78,30
CUST-001968,6816.86,47
CUST-001969,102808.67,15
CUST-001970,4755.08,38
CUST-001971,11323.19,16
CUST-001972,40564.22,16
CUST-001973,26965.82,8
CUST-001974,46937.9,22
CUST-001979,24348.18,23
CUST-001980,44912.32,37
CUST-001981,120830.92,7
CUST-001982,24406.53,32
CUST-001983,29172.93,25
CUST-001984,15343.47,35
CUST-001987,16446.35,13
CUST-001988,21025.6,15
CUST-001989,37639.92,5
CUST-001990,74406.87,0
CUST-001991,173844.59,22
CUST-001992,48407.39,42
CUST-001995,558.08,63
CUST-001996,60431.17,20
CUST-001997,192625.82,23
CUST-001998,13400.0,0
CUST-001999,40493.31,35
CUST-002000,80542.98,20
CUST-002002,74738.55,23
CUST-002003,209097.43,32
CUST-002004,74848.6,18
CUST-002006,71978.46,32
CUST-002007,39915.8,0
CUST-002010,91753.14,8
CUST-002011,38476.97,62
CUST-002012,129114.57,29
CUST-002014,36937.2,38
CUST-002015,1733.44,0
CUST-002016,99017.88,14
CUST-002017,152621.14,50
CUST-002018,4405.88,8
CUST-002019,77650.98,15
CUST-002020,103095.38,32
CUST-002022,42444.22,0
CUST-002024,4653.2,7
CUST-002025,8916.46,0
CUST-002026,61751.16,41
CUST-002027,72762.73,25
CUST-002028,29849.16,0
CUST-002029,146796.54,21
CUST-002031,191052.21,54
CUST-002032,110533.15,0
CUST-002033,3681.81,39
CUST-002034,70978.77,25
CUST-002036,29114.8,33
CUST-002037,17520.78,66
CUST-002038,104009.95,22
CUST-002039,21378.99,0
CUST-002040,18707.58,22
CUST-002041,16459.45,62
CUST-002042,77755.78,22
CUST-002043,107936.79,21
CUST-002044,15470.54,69
CUST-002045,37662.62,34
CUST-002046,41015.51,41
CUST-002047,127106.31,10
CUST-002048,83228.33,4
CUST-002049,37390.82,21
CUST-002050,42963.19,40
CUST-002051,12580.85,5
CUST-002052,6389.67,48
CUST-002053,139211.27,4
CUST-002054,50453.8,32
CUST-002055,4155.14,35
CUST-002057,25029.64,23
CUST-002058,3113.9,12
CUST-002059,4186.82,32
CUST-002061,193272.81,18
CUST-002062,43549.98,20
CUST-002063,7902.56,7
CUST-002064,144277.85,32
CUST-002065,21189.02,44
CUST-002066,55674.12,43
CUST-002067,3685.38,35
CUST-002068,120833.95,9
CUST-002069,21698.38,10
CUST-002071,44705.05,34
CUST-002072,8166.77,75
CUST-002073,59277.37,42
CUST-002074,8160.15,50
CUST-002075,29201.06,8
CUST-002076,41019.27,68
CUST-002077,4984.26,4
CUST-002078,53986.93,38
CUST-002079,66811.31,17
CUST-002080,37677.87,7
CUST-002081,259.72,0
CUST-002083,59457.65,48
CUST-002084,115244.41,26
CUST-002086,121862.69,1
CUST-002087,45604.37,25
CUST-002088,9244.18,5
CUST-002090,133159.77,48
CUST-002091,5945.38,0
CUST-002092,6137.41,1
CUST-002093,10650.71,35
CUST-002094,15046.63,7
CUST-002097,99092.76,61
CUST-002098,34594.6,31
CUST-002100,31414.74,20
CUST-002101,92252.74,8
CUST-002102,84714.64,0
CUST-002103,144940.12,67
CUST-002104,170302.69,18
CUST-002106,18631.59,27
CUST-002107,112347.49,39
CUST-002108,2526.65,46
CUST-002109,30437.01,75
CUST-002110,13365.34,15
CUST-002113,6704.83,0
CUST-002114,3540.57,50
CUST-002115,2278.96,0
CUST-002116,29948.11,8
CUST-002118,59574.53,4
CUST-002119,29120.07,21
CUST-002120,10603.3,52
CUST-002121,22060.67,0
CUST-002122,29209.59,27
CUST-002123,42979.23,85
CUST-002124,27296.22,0
CUST-002125,9459.2,49
CUST-002126,24304.4,46
CUST-002127,56444.51,8
CUST-002128,74281.3,25
CUST-002129,13752.92,60
CUST-002130,27499.21,30
CUST-002131,78459.35,48
CUST-002132,24491.99,43
CUST-002134,230096.74,21
CUST-002135,51502.99,23
CUST-002137,7152.85,37
CUST-002138,29271.85,0
CUST-002139,71741.17,8
CUST-002140,9161.28,22
CUST-002141,7461.82,20
CUST-002143,23322.87,8
CUST-002144,1945.78,30
CUST-002145,43910.01,18
CUST-002148,43434.54,44
CUST-002149,19489.37,67
CUST-002150,17864.45,45
CUST-002152,18893.35,42
CUST-002153,69216.1,13
CUST-002154,43033.76,80
CUST-002155,79345.48,19
CUST-002156,85725.03,45
CUST-002157,13695.36,35
CUST-002158,89682.09,20
CUST-002160,42511.29,1
CUST-002161,25045.04,15
CUST-002162,56860.39,8
CUST-002163,46607.23,35
CUST-002164,108371.96,60
CUST-002165,33792.78,17
CUST-002166,94309.51,24
CUST-002167,33499.51,7
CUST-002168,9733.3,8
CUST-002169,20177.66,45
CUST-002170,56537.17,9
CUST-002171,1510.75,20
CUST-002172,254.45,51
CUST-002173,175743.56,24
CUST-002174,208379.92,21
CUST-002176,42000.21,46
CUST-002177,3755.83,24
CUST-002178,8654.24,56
CUST-002179,101743.39,29
CUST-002180,20549.53,0
CUST-002181,56403.72,2
CUST-002184,20864.61,32
CUST-002185,1200.63,0
CUST-002188,61404.91,0
CUST-002189,21367.15,17
CUST-002191,46082.69,20
CUST-002193,75788.9,22
CUST-002194,43945.44,21
CUST-002196,102435.8,21
CUST-002197,57267.08,58
CUST-002198,13269.53,19
CUST-002199,11777.83,32
CUST-002200,23899.12,22
CUST-002201,8957.0,24
CUST-002202,106511.12,34
CUST-002203,60096.44,0
CUST-002204,83235.19,39
CUST-002205,84199.1,15
CUST-002206,150974.38,0
CUST-002207,66077.41,24
CUST-002208,90409.89,17
CUST-002209,21630.09,0
CUST-002210,118669.6,15
CUST-002213,19210.56,20
CUST-002215,26403.24,6
CUST-002216,94612.91,47
CUST-002217,40433.86,1
CUST-002218,23227.65,50
CUST-002219,32872.43,37
CUST-002220,18261.36,1
CUST-002221,49609.75,66
CUST-002222,66678.87,37
CUST-002223,128033.66,6
CUST-002224,148392.42,38
CUST-002225,14251.45,31
CUST-002226,48016.88,32
CUST-002227,28906.46,0
CUST-002228,99509.91,8
CUST-002229,22529.62,0
CUST-002230,98445.15,22
CUST-002231,76263.05,32
CUST-002233,4057.42,43
CUST-002234,1920.27,17
CUST-002235,137094.91,0
CUST-002236,80749.16,21
CUST-002237,101552.64,8
CUST-002239,45582.41,61
CUST-002240,48491.15,46
CUST-002242,19288.21,54
CUST-002243,1453.63,38
CUST-002244,84878.17,10
CUST-002245,66767.39,35
CUST-002247,51006.31,34
CUST-002249,42310.73,47
CUST-002250,32105.03,67
CUST-002251,147391.0,7
CUST-002252,44102.07,7
CUST-002253,28430.32,10
CUST-002254,84223.13,34
CUST-002255,32811.83,5
CUST-002257,13297.14,36
CUST-002258,21133.56,20
CUST-002259,0.0,29
CUST-002260,47280.75,25
CUST-002261,68965.89,69
CUST-002262,7539.26,21
CUST-002263,39219.67,28
CUST-002264,11733.95,41
CUST-002265,19081.29,40
CUST-002267,165197.21,23
CUST-002268,69918.26,48
CUST-002269,28762.24,2
CUST-002271,81686.18,3
CUST-002272,17567.93,33
CUST-002273,23462.38,5
CUST-002274,35806.21,0
CUST-002275,10494.71,34
CUST-002276,21717.06,33
CUST-002278,33050.44,23
CUST-002279,118433.93,40
CUST-002281,71762.95,55
CUST-002282,74686.2,46
CUST-002283,4329.5,24
CUST-002284,114316.91,21
CUST-002285,44933.71,9
CUST-002286,49595.45,0
CUST-002288,51684.75,45
CUST-002289,20221.39,17
CUST-002292,89809.51,45
CUST-002293,25813.06,0
CUST-002294,32919.77,34
CUST-002296,4916.69,18
CUST-002298,14822.42,32
CUST-002302,7417.92,9
CUST-002303,15273.83,35
CUST-002304,309.52,0
CUST-002307,63455.53,17
CUST-002308,88576.3,59
CUST-002309,2766.92,34
CUST-002310,39306.02,0
CUST-002311,91188.49,3
CUST-002312,158074.63,40
CUST-002313,28500.07,30
CUST-002314,48429.13,20
CUST-002315,55904.62,0
CUST-002316,13111.61,56
CUST-002317,203465.78,0
CUST-002318,2456.91,40
CUST-002319,7023.57,41
CUST-002320,143573.39,32
CUST-002321,1448.02,46
CUST-002322,4918.6,3
CUST-002324,89321.8,46
CUST-002325,29721.32,8
CUST-002328,38741.9,19
CUST-002330,17282.09,59
CUST-002331,15568.17,16
CUST-002333,34301.56,6
CUST-002334,771.19,21
CUST-002335,251205.74,18
CUST-002336,92072.86,29
CUST-002337,5015.32,0
CUST-002338,72723.86,40
CUST-002340,1626.81,43
CUST-002341,3600.4,21
CUST-002342,44442.53,31
CUST-002344,122322.64,35
CUST-002346,137458.64,13
CUST-002347,3790.84,9
CUST-002348,40721.89,41
CUST-002350,5181.99,5
CUST-002351,68313.21,33
CUST-002353,113.03,0
CUST-002354,32498.93,3
CUST-002356,41259.23,50
CUST-002357,149441.84,0
CUST-002358,13249.09,3
CUST-002359,3772.32,35
CUST-002360,128302.88,46
CUST-002362,22640.75,6
CUST-002364,72508.83,27
CUST-002365,94570.2,47
CUST-002366,7484.52,0
CUST-002367,15948.17,0
CUST-002368,1487.66,25
CUST-002369,25278.66,11
CUST-002370,72763.82,6
CUST-002371,6290.42,31
CUST-002372,113331.64,45
CUST-002374,57050.72,33
CUST-002375,104466.14,58
CUST-002376,24154.74,39
CUST-002377,31568.35,80
CUST-002378,9365.86,30
CUST-002379,29309.21,30
CUST-002380,7962.83,42
CUST-002381,2729.03,44
CUST-002382,20812.76,12
CUST-002383,79525.23,23
CUST-002384,91612.47,18
CUST-002385,111479.41,1
CUST-002388,58006.93,3
CUST-002390,21687.48,0
CUST-002391,16349.13,11
CUST-002392,109175.58,15
CUST-002393,54342.07,12
CUST-002394,114078.25,62
CUST-002395,124304.26,35
CUST-002396,30944.61,21
CUST-002397,43108.11,1
CUST-002398,46288.01,5
CUST-002399,99352.91,17
CUST-002401,77119.02,2
CUST-002402,124551.09,0
CUST-002403,30645.31,35
CUST-002404,66544.67,47
CUST-002406,116269.64,40
CUST-002407,48015.69,9
CUST-002408,0.0,37
CUST-002409,49640.81,33
CUST-002410,45747.84,30
CUST-002411,35233.36,0
CUST-002412,73775.12,17
CUST-002413,50330.65,50
CUST-002414,31339.4,17
CUST-002415,68085.71,25
CUST-002416,77308.86,24
CUST-002417,7982.33,85
CUST-002420,15322.51,44
CUST-002421,85570.1,34
CUST-002422,127742.08,27
CUST-002423,12221.35,2
CUST-002424,42359.92,20
CUST-002425,1443.28,0
CUST-002426,118289.18,73
CUST-002427,208268.56,41
CUST-002428,60143.12,23
CUST-002429,197724.28,13
CUST-002430,88820.27,13
CUST-002431,32493.72,59
CUST-002432,129626.6,0
CUST-002434,4059.63,74
CUST-002436,9316.15,46
CUST-002438,13880.35,21
CUST-002439,21216.65,55
CUST-002440,36855.53,23
CUST-002441,206284.98,38
CUST-002444,211454.93,16
CUST-002445,9716.83,28
CUST-002447,54459.31,15
CUST-002448,149701.34,0
CUST-002449,58959.24,34
CUST-002450,57666.76,30
CUST-002451,3875.52,45
CUST-002452,6739.0,74
CUST-002453,65020.01,47
CUST-002454,82227.26,8
CUST-002455,98606.92,18
CUST-002456,96922.79,37
CUST-002457,120041.52,5
CUST-002459,8750.15,29
CUST-002460,4557.6,42
CUST-002461,155811.8,2
CUST-002462,8717.51,0
CUST-002463,34365.54,21
CUST-002466,75634.8,7
CUST-002467,41307.08,11
CUST-002469,9104.68,0
CUST-002470,21676.72,10
CUST-002471,18121.79,15
CUST-002472,139416.09,0
CUST-002473,483.27,15
CUST-002474,4805.87,6
CUST-002475,362.76,43
CUST-002476,30753.31,7
CUST-002478,41127.11,25
CUST-002479,97715.95,25
CUST-002480,4401.93,0
CUST-002481,28463.66,0
CUST-002482,76392.17,17
CUST-002483,28787.31,18
CUST-002484,188949.48,20
CUST-002485,91708.08,21
CUST-002486,144059.9,18
CUST-002487,59053.26,18
CUST-002488,14820.57,51
CUST-002489,31543.04,47
CUST-002490,131594.62,12
CUST-002491,117828.02,15
CUST-002492,20410.92,20
CUST-002493,176471.38,42
CUST-002497,105148.53,28
CUST-002498,28495.58,23
CUST-002499,121939.75,39
CUST-002501,144866.58,10
CUST-002502,82451.27,20
CUST-002503,64440.35,24
CUST-002504,74264.14,24
CUST-002505,13428.42,11
CUST-002506,55603.44,46
CUST-002507,7164.55,56
CUST-002509,115976.96,15
CUST-002510,25304.26,5
CUST-002511,79067.58,57
CUST-002512,19039.63,52
CUST-002513,17456.74,41
CUST-002514,94923.66,47
CUST-002517,7407.13,49
CUST-002519,46842.04,9
CUST-002520,10012.71,34
CUST-002521,15694.85,47
CUST-002522,80539.26,61
CUST-002524,147085.53,8
CUST-002525,1155.19,31
CUST-002526,15430.18,0
CUST-002527,18581.46,18
CUST-002530,34291.75,21
CUST-002533,14926.46,2
CUST-002534,24280.67,14
CUST-002535,72913.5,27
CUST-002536,10589.15,0
CUST-002537,133735.96,35
CUST-002538,86250.68,16
CUST-002539,46426.53,62
CUST-002540,1636.97,31
CUST-002541,74168.25,35
CUST-002543,131488.94,31
CUST-002544,69211.39,35
CUST-002546,40197.53,48
CUST-002547,79697.6,22
CUST-002548,29820.95,50
CUST-002549,63557.67,25
CUST-002551,67807.04,14
CUST-002552,170407.46,28
CUST-002553,11423.24,9
CUST-002554,59115.08,46
CUST-002556,26964.3,0
CUST-002557,28714.02,45
CUST-002558,163426.14,46
CUST-002560,8209.55,35
CUST-002561,47079.05,31
CUST-002563,212031.38,0
CUST-002564,1448.33,22
CUST-002565,11471.66,42
CUST-002566,13451.71,75
CUST-002567,11331.29,41
CUST-002568,10848.13,7
CUST-002569,71431.75,21
CUST-002570,10404.69,55
CUST-002571,37426.09,15
CUST-002573,98879.64,53
CUST-002574,33858.9,29
CUST-002576,128565.12,41
CUST-002577,129925.26,20
CUST-002578,139926.67,0
CUST-002579,22217.23,35
CUST-002581,38341.09,31
CUST-002582,102246.54,47
CUST-002584,134959.63,10
CUST-002585,66860.96,15
CUST-002587,25785.26,44
CUST-002588,43954.06,7
CUST-002589,83224.61,45
CUST-002590,14185.19,0
CUST-002591,8917.92,5
CUST-002592,37481.76,0
CUST-002593,71919.01,75
CUST-002595,742.35,33
CUST-002597,139569.82,37
CUST-002598,168848.61,17
CUST-002599,124505.35,29
CUST-002600,39035.4,56
CUST-002601,23274.08,55
CUST-002603,113612.65,21
CUST-002605,87218.2,49
CUST-002606,81172.7,12
CUST-002607,5254.99,48
CUST-002608,5354.64,1
CUST-002610,14474.64,16
CUST-002611,70558.04,10
CUST-002612,3290.74,39
CUST-002613,101007.08,19
CUST-002614,4208.64,10
CUST-002615,13446.19,64
CUST-002616,61297.15,52
CUST-002618,107183.86,43
CUST-002619,65408.1,57
CUST-002620,87085.18,34
CUST-002621,11039.54,0
CUST-002622,1009.63,43
CUST-002623,11353.83,49
CUST-002624,2005.33,57
CUST-002626,619.02,22
CUST-002627,75439.62,2
CUST-002629,6130.53,41
CUST-002630,1564.39,44
CUST-002632,997.4,37
CUST-002633,45147.86,47
CUST-002634,15691.07,6
CUST-002635,15983.8,8
CUST-002637,47189.45,25
CUST-002638,50147.94,48
CUST-002640,13251.94,4
CUST-002641,7955.25,20
CUST-002642,71233.52,60
CUST-002643,126930.51,65
CUST-002644,102825.63,35
CUST-002646,4583.29,26
CUST-002647,40075.73,7
CUST-002648,92574.36,25
CUST-002649,58463.7,40
CUST-002651,74631.13,49
CUST-002652,34790.35,33
CUST-002654,13061.87,44
CUST-002655,132967.37,6
CUST-002656,102066.6,25
CUST-002657,54962.05,9
CUST-002658,10484.76,8
CUST-002660,183790.68,10
CUST-002661,5482.51,8
CUST-002662,65092.17,1
CUST-002664,23596.38,48
CUST-002666,20637.43,4
CUST-002668,3794.88,60
CUST-002669,1888.79,30
CUST-002670,166359.62,54
CUST-002671,54255.18,46
CUST-002672,141271.9,41
CUST-002674,13870.56,33
CUST-002675,75983.37,32
CUST-002676,49954.53,14
CUST-002677,2825.8,14
CUST-002678,177386.33,18
CUST-002680,120315.07,16
CUST-002682,1845.93,16
CUST-002683,11849.59,61
CUST-002684,76334.59,7
CUST-002685,215722.5,0
CUST-002686,88471.6,43
CUST-002687,31705.46,0
CUST-002688,21446.41,17
CUST-002689,65033.51,0
CUST-002690,101974.68,19
CUST-002691,192225.47,46
CUST-002692,4821.99,41
CUST-002694,21390.92,2
CUST-002695,0.0,60
CUST-002696,149252.52,29
CUST-002697,107592.71,8
CUST-002698,59502.06,62
CUST-002699,54338.36,58
CUST-002700,133179.77,28
CUST-002701,17655.85,24
CUST-002702,83974.47,33
CUST-002703,12000.78,2
CUST-002704,76122.88,33
CUST-002705,55239.18,0
CUST-002707,94652.95,36
CUST-002708,39201.94,16
CUST-002709,2109.59,55
CUST-002710,4023.13,10
CUST-002712,74622.79,51
CUST-002713,25308.04,42
CUST-002714,40993.19,74
CUST-002715,52154.92,0
CUST-002716,12008.19,21
CUST-002717,14733.16,46
CUST-002718,0.0,81
CUST-002720,152082.04,10
CUST-002721,74144.42,6
CUST-002722,71549.03,33
CUST-002723,120555.89,8
CUST-002724,118484.89,20
CUST-002725,133596.48,20
CUST-002726,18903.62,7
CUST-002728,11600.36,0
CUST-002729,54381.1,0
CUST-002733,26070.98,28
CUST-002734,8199.18,31
CUST-002735,4288.85,0
CUST-002737,99812.74,21
CUST-002738,21705.04,21
CUST-002739,2143.7,39
CUST-002740,10755.74,7
CUST-002746,14583.15,23
CUST-002748,16461.11,2
CUST-002749,62178.29,0
CUST-002750,6412.21,40
CUST-002751,14821.9,22
CUST-002752,140670.73,17
CUST-002753,18249.36,31
CUST-002754,18420.33,24
CUST-002755,1103.77,5
CUST-002757,59315.96,16
CUST-002759,27388.26,35
CUST-002760,11921.44,10
CUST-002764,433.8,23
CUST-002765,905.76,26
CUST-002766,13001.98,45
CUST-002767,6333.97,35
CUST-002769,81503.85,8
CUST-002770,235314.75,15
CUST-002771,27867.2,3
CUST-002772,37242.25,4
CUST-002774,71527.99,77
CUST-002775,734.96,40
CUST-002776,8136.75,32
CUST-002777,2862.56,19
CUST-002778,105903.26,15
CUST-002780,27411.3,31
CUST-002781,118985.16,33
CUST-002782,76242.12,13
CUST-002783,47508.71,17
CUST-002784,16365.75,49
CUST-002785,68274.51,17
CUST-002786,2648.53,2
CUST-002787,33719.9,0
CUST-002788,10293.44,59
CUST-002789,61383.51,8
CUST-002791,6838.06,19
CUST-002793,22706.53,24
CUST-002794,5945.42,63
CUST-002795,20398.27,33
CUST-002796,92171.88,50
CUST-002797,15063.91,31
CUST-002798,256966.01,50
CUST-002799,102316.41,31
CUST-002801,49613.45,28
CUST-002802,23274.47,11
CUST-002803,22177.03,6
CUST-002804,19189.95,0
CUST-002805,88079.99,0
CUST-002806,151080.63,43
CUST-002807,154668.13,50
CUST-002808,9276.75,15
CUST-002809,17661.64,9
CUST-002810,162027.1,43
CUST-002811,52379.66,0
CUST-002812,39242.35,5
CUST-002813,85285.38,1
CUST-002816,10111.62,49
CUST-002817,38134.69,30
CUST-002819,34633.87,36
CUST-002820,35252.93,20
CUST-002822,92012.23,49
CUST-002823,9509.34,30
CUST-002824,31518.31,50
CUST-002826,82897.75,34
CUST-002828,57972.23,19
CUST-002829,1521.7,42
CUST-002832,142419.62,0
CUST-002833,32449.21,45
CUST-002834,11402.37,33
CUST-002835,816.81,36
CUST-002836,49952.16,33
CUST-002838,19398.14,8
CUST-002839,8713.89,23
CUST-002840,13559.7,39
CUST-002841,10602.62,32
CUST-002842,51246.36,13
CUST-002843,11314.43,0
CUST-002844,119415.83,25
CUST-002845,56950.27,0
CUST-002846,109890.65,59
CUST-002847,132171.83,0
CUST-002848,24126.42,5
CUST-002850,137221.3,47
CUST-002851,56164.72,41
CUST-002853,9446.29,8
CUST-002854,3428.77,32
CUST-002856,40724.46,6
CUST-002857,24115.91,50
CUST-002858,126956.47,35
CUST-002859,42739.99,0
CUST-002860,30431.84,0
CUST-002861,4437.87,19
CUST-002863,28220.14,39
CUST-002867,177033.04,19
CUST-002868,53597.71,64
CUST-002870,147387.73,0
CUST-002871,889.71,23
CUST-002872,16385.73,6
CUST-002873,42757.85,44
CUST-002874,35807.89,19
CUST-002877,14128.52,45
CUST-002878,67884.33,32
CUST-002879,28983.16,18
CUST-002880,58432.29,32
CUST-002881,29022.56,1
CUST-002882,14318.53,10
CUST-002883,9136.58,32
CUST-002884,29448.1,46
CUST-002885,178485.46,16
CUST-002887,287.05,0
CUST-002888,8588.19,5
CUST-002890,10286.4,16
CUST-002891,87153.29,0
CUST-002892,65718.81,40
CUST-002893,88789.52,32
CUST-002895,102291.38,0
CUST-002896,36954.83,16
CUST-002897,7185.69,24
CUST-002898,65252.56,22
CUST-002899,20247.55,32
CUST-002904,4561.59,0
CUST-002905,78401.16,15
CUST-002906,89064.22,24
CUST-002907,131026.92,24
CUST-002910,63652.5,43
CUST-002911,76611.99,0
CUST-002912,75514.5,16
CUST-002913,16988.57,39
CUST-002914,14539.16,0
CUST-002915,55229.42,55
CUST-002918,34446.19,21
CUST-002919,5614.2,20
CUST-002920,116442.95,25
CUST-002921,101125.94,31
CUST-002922,34880.74,19
CUST-002923,180413.9,67
CUST-002924,4439.94,23
CUST-002925,10376.48,23
CUST-002926,9218.47,19
CUST-002927,97334.7,10
CUST-002928,2180.55,46
CUST-002929,166078.4,61
CUST-002930,49851.75,33
CUST-002931,37634.55,0
CUST-002932,32944.22,31
CUST-002933,79392.88,0
CUST-002934,11095.47,0
CUST-002935,18221.27,0
CUST-002936,87819.81,5
CUST-002937,26649.53,0
CUST-002938,42448.85,44
CUST-002939,58564.55,0
CUST-002940,204596.24,0
CUST-002941,153568.58,19
CUST-002942,85197.27,38
CUST-002945,70515.84,0
CUST-002946,43398.31,26
CUST-002948,104716.59,35
CUST-002949,56180.35,44
CUST-002950,30479.49,33
CUST-002951,135039.66,5
CUST-002952,18698.98,7
CUST-002954,53259.15,3
CUST-002956,804.79,34
CUST-002957,45900.92,23
CUST-002958,45908.17,29
CUST-002959,12236.86,72
CUST-002960,72660.07,17
CUST-002961,7858.47,25
CUST-002962,40505.07,26
CUST-002963,45235.71,10
CUST-002964,127706.98,2
CUST-002965,11723.33,45
CUST-002967,72651.29,21
CUST-002968,28390.97,5
CUST-002969,6469.99,18
CUST-002971,14984.29,5
CUST-002972,7767.15,42
CUST-002973,86483.95,32
CUST-002974,48465.89,6
CUST-002975,100129.74,0
CUST-002977,33277.41,0
CUST-002978,103612.99,9
CUST-002979,27698.16,23
CUST-002980,122644.02,19
CUST-002982,66105.97,3
CUST-002984,3387.33,49
CUST-002986,155442.49,19
CUST-002987,460.25,40
CUST-002988,25638.64,59
CUST-002989,11001.91,23
CUST-002992,10600.26,1
CUST-002995,4417.13,1
CUST-002996,42128.37,18
CUST-002998,11442.6,34
CUST-002999,58757.22,35
CUST-003000,6750.24,8
CUST-003005,22022.21,9
CUST-003006,234645.17,0
CUST-003007,27090.52,72
CUST-003008,174893.85,16
CUST-003009,0.0,61
CUST-003010,25785.46,33
CUST-003011,107095.01,0
CUST-003012,21203.05,10
CUST-003013,17254.02,88
CUST-003014,68275.45,18
CUST-003015,0.0,54
CUST-003016,137893.04,20
CUST-003018,57805.61,42
CUST-003019,94324.02,16
CUST-003020,6682.73,26
CUST-003021,164922.78,24
CUST-003024,38661.49,0
CUST-003025,56068.95,20
CUST-003027,2061.27,36
CUST-003028,59398.57,36
CUST-003033,179372.03,0
CUST-003034,14305.6,49
CUST-003035,101465.57,46
CUST-003039,120184.24,40
CUST-003040,92713.6,30
CUST-003041,146837.72,12
CUST-003042,13105.95,19
CUST-003043,150016.4,6
CUST-003044,13266.73,28
CUST-003045,54658.86,0
CUST-003046,90456.48,39
CUST-003047,70976.78,50
CUST-003048,58329.0,21
CUST-003049,18891.62,50
CUST-003051,37481.11,33
CUST-003052,34301.5,23
CUST-003053,131744.18,17
CUST-003055,182695.82,25
CUST-003056,134225.77,30
CUST-003058,53072.83,0
CUST-003059,1251.52,82
CUST-003060,83035.95,6
CUST-003061,22981.7,35
CUST-003062,90814.81,30
CUST-003063,96577.54,54
CUST-003064,76720.03,36
CUST-003066,7668.23,23
CUST-003067,41597.07,27
CUST-003068,94187.33,0
CUST-003070,61684.77,1
CUST-003071,26563.16,67
CUST-003072,61841.98,0
CUST-003073,55784.29,56
CUST-003074,33392.0,56
CUST-003079,229640.12,0
CUST-003080,14582.48,39
CUST-003081,60305.74,20
CUST-003082,35971.54,47
CUST-003083,14173.46,24
CUST-003084,3401.54,8
CUST-003085,71992.77,30
CUST-003087,109607.71,29
CUST-003088,83548.35,8
CUST-003089,46612.89,7
CUST-003090,7180.91,1
CUST-003091,15499.21,25
CUST-003092,41468.01,41
CUST-003093,14463.18,0
CUST-003094,31088.81,32
CUST-003095,43156.48,8
CUST-003097,19099.23,31
CUST-003098,83051.9,63
CUST-003099,60411.64,0
CUST-003100,26403.71,38
CUST-003101,102197.41,0
CUST-003102,17412.62,22
CUST-003103,96370.97,0
CUST-003104,155498.06,8
CUST-003107,2862.25,10
CUST-003108,102027.63,29
CUST-003109,39511.35,19
CUST-003110,92933.57,0
CUST-003111,41300.24,0
CUST-003112,83901.31,18
CUST-003113,94599.58,20
CUST-003114,115186.83,22
CUST-003115,90437.65,5
CUST-003117,50228.66,0
CUST-003118,98985.37,34
CUST-003120,21282.35,17
CUST-003122,3840.3,23
CUST-003123,37478.24,29
CUST-003124,5973.71,26
CUST-003125,19519.12,74
CUST-003128,158563.13,15
CUST-003129,105421.15,49
CUST-003130,59173.65,23
CUST-003131,15180.46,22
CUST-003133,27789.42,49
CUST-003134,81902.62,41
CUST-003135,23165.51,21
CUST-003136,175882.33,9
CUST-003138,42102.72,27
CUST-003139,122426.52,37
CUST-003140,99933.55,25
CUST-003141,19063.58,11
CUST-003142,143518.4,31
CUST-003143,11781.04,72
CUST-003144,28692.78,5
CUST-003145,40843.01,20
CUST-003146,81654.96,14
CUST-003147,17935.93,28
CUST-003148,47437.23,19
CUST-003149,134975.27,20
CUST-003150,130072.96,33
CUST-003152,23980.68,45
CUST-003153,13453.87,50
CUST-003154,19557.59,0
CUST-003156,18029.32,16
CUST-003158,2491.34,61
CUST-003159,68814.5,22
CUST-003160,140228.97,46
CUST-003161,15560.39,41
CUST-003163,132050.73,12
CUST-003164,28844.67,37
CUST-003165,89657.64,46
CUST-003166,16288.34,0
CUST-003167,25391.38,37
CUST-003168,117991.03,17
CUST-003171,25257.16,20
CUST-003172,22293.5,6
CUST-003173,17203.71,17
CUST-003174,45003.6,19
CUST-003175,11265.37,48
CUST-003176,97682.99,5
CUST-003177,34897.62,15
CUST-003178,6082.85,16
CUST-003179,9524.47,7
CUST-003180,206962.98,52
CUST-003182,225494.46,36
CUST-003183,184872.34,8
CUST-003184,63504.36,23
CUST-003186,83712.48,20
CUST-003187,223807.06,8
CUST-003188,90413.61,0
CUST-003189,174323.28,4
CUST-003191,116333.4,16
CUST-003192,161672.13,44
CUST-003193,9409.13,38
CUST-003194,66175.41,1
CUST-003195,41786.16,15
CUST-003196,7099.38,35
CUST-003197,61304.54,40
CUST-003199,151899.48,15
CUST-003200,216712.0,0
CUST-003201,46010.59,11
CUST-003202,20825.64,60
CUST-003203,5355.11,17
CUST-003204,31624.57,3
CUST-003205,55267.43,9
CUST-003206,21409.84,8
CUST-003207,40727.04,9
CUST-003208,0.0,16
CUST-003209,2439.15,40
CUST-003210,145172.03,14
CUST-003213,140949.91,33
CUST-003214,19755.09,33
CUST-003216,22745.58,25
CUST-003217,4241.51,0
CUST-003218,23084.7,40
CUST-003219,146923.77,19
CUST-003220,129927.73,0
CUST-003224,216480.55,36
CUST-003225,17255.4,48
CUST-003226,9808.7,20
CUST-003227,57728.12,19
CUST-003229,127300.63,40
CUST-003233,133843.68,28
CUST-003234,60302.54,50
CUST-003235,71077.39,0
CUST-003236,100847.12,21
CUST-003237,41851.19,43
CUST-003238,43855.31,21
CUST-003239,34092.97,12
CUST-003240,7225.53,48
CUST-003241,104050.46,12
CUST-003245,8063.46,0
CUST-003246,30063.17,38
CUST-003247,60994.78,48
CUST-003248,31625.54,44
CUST-003249,82495.03,20
CUST-003250,151447.25,23
CUST-003251,127572.27,49
CUST-003252,17835.93,7
CUST-003253,43112.28,32
CUST-003255,126055.07,13
CUST-003256,70216.44,18
CUST-003257,575.87,9
CUST-003259,113255.55,6
CUST-003260,70794.58,47
CUST-003261,55061.08,42
CUST-003262,63677.52,23
CUST-003263,100544.58,0
CUST-003265,17747.64,0
CUST-003267,174561.68,27
CUST-003268,249278.55,10
CUST-003269,467.28,7
CUST-003272,36275.11,54
CUST-003274,48567.69,14
CUST-003275,56626.33,25
CUST-003276,51377.23,0
CUST-003277,18854.6,24
CUST-003279,50738.62,32
CUST-003281,118066.41,9
CUST-003282,136883.46,48
CUST-003283,93556.17,25
CUST-003284,2747.57,67
CUST-003285,4058.16,40
CUST-003286,43989.34,21
CUST-003287,30475.99,7
CUST-003288,61855.03,41
CUST-003292,969.76,48
CUST-003293,57733.55,32
CUST-003294,15565.1,40
CUST-003295,43529.03,51
CUST-003296,10975.72,18
CUST-003297,2610.74,49
CUST-003298,87959.9,42
CUST-003300,180296.03,40
CUST-003301,126497.85,1
CUST-003302,200809.16,19
CUST-003303,77228.45,42
CUST-003304,33993.08,13
CUST-003305,5903.12,15
CUST-003307,130619.18,17
CUST-003308,24121.49,8
CUST-003311,17582.87,24
CUST-003312,131291.11,21
CUST-003313,20258.31,19
CUST-003314,24218.39,25
CUST-003315,86372.57,22
CUST-003317,14260.12,0
CUST-003318,38178.22,25
CUST-003319,11357.82,14
CUST-003320,35837.41,0
CUST-003321,51834.41,59
CUST-003322,175011.4,43
CUST-003323,157333.29,63
CUST-003324,55152.61,35
CUST-003325,52145.38,49
CUST-003326,225446.64,27
CUST-003327,2558.84,15
CUST-003328,52877.5,25
CUST-003329,57881.0,0
CUST-003330,13055.92,41
CUST-003331,75478.01,30
CUST-003332,23926.07,0
CUST-003333,79220.88,0
CUST-003334,107930.54,6
CUST-003335,1246.36,58
CUST-003337,30974.36,21
CUST-003338,127731.75,0
CUST-003339,25888.84,50
CUST-003340,1436.8,54
CUST-003341,2166.0,16
CUST-003342,18682.81,3
CUST-003343,38504.59,0
CUST-003344,8134.74,33
CUST-003345,119830.9,36
CUST-003346,109455.83,38
CUST-003347,17098.38,10
CUST-003348,216215.66,8
CUST-003349,66306.9,9
CUST-003350,133949.71,5
CUST-003351,29611.17,12
CUST-003352,8095.82,30
CUST-003353,72772.48,42
CUST-003354,195711.25,5
CUST-003355,64799.54,33
CUST-003356,78200.19,31
CUST-003358,1466.38,55
CUST-003359,174924.68,73
CUST-003360,9223.58,9
CUST-003361,1644.38,19
CUST-003362,75984.48,33
CUST-003363,28751.71,35
CUST-003364,928.26,0
CUST-003365,149694.53,0
CUST-003366,139994.34,37
CUST-003368,48007.4,47
CUST-003369,61369.96,18
CUST-003370,139965.73,40
CUST-003371,167867.57,0
CUST-003372,70179.72,63
CUST-003373,58510.83,0
CUST-003374,14041.76,20
CUST-003375,32704.05,45
CUST-003377,27333.68,0
CUST-003380,50232.76,18
CUST-003381,146036.64,14
CUST-003382,400.71,50
CUST-003384,111608.83,66
CUST-003385,28448.75,26
CUST-003386,33621.66,52
CUST-003387,28815.6,34
CUST-003388,6168.73,34
CUST-003389,12335.93,16
CUST-003390,7186.17,0
CUST-003391,97704.56,33
CUST-003393,830.95,45
CUST-003394,86972.08,56
CUST-003395,76279.49,45
CUST-003396,85505.11,26
CUST-003398,35555.31,12
CUST-003399,5208.22,38
CUST-003400,63950.58,29
CUST-003401,70785.13,50
CUST-003404,74572.56,42
CUST-003405,100495.02,17
CUST-003406,151549.37,31
CUST-003407,47359.41,37
CUST-003408,61573.98,12
CUST-003409,66325.09,49
CUST-003410,81521.62,0
CUST-003411,106652.95,8
CUST-003412,29964.56,19
CUST-003413,120853.11,48
CUST-003414,90871.53,0
CUST-003415,34747.25,20
CUST-003416,159719.68,54
CUST-003418,76648.62,0
CUST-003421,90230.75,13
CUST-003422,14682.74,34
CUST-003423,3353.61,24
CUST-003424,14989.52,33
CUST-003425,9047.79,44
CUST-003428,26969.84,14
CUST-003430,2197.96,28
CUST-003431,31488.33,45
CUST-003433,6646.26,29
CUST-003434,53214.46,50
CUST-003436,114949.81,21
CUST-003437,1556.35,32
CUST-003438,28331.48,34
CUST-003439,65475.83,27
CUST-003440,4923.84,34
CUST-003441,109.16,36
CUST-003442,215880.15,21
CUST-003443,59140.59,84
CUST-003444,42394.13,45
CUST-003447,184215.65,33
CUST-003448,3607.07,7
CUST-003449,23023.17,35
CUST-003450,17000.75,49
CUST-003451,7752.45,35
CUST-003452,29767.35,21
CUST-003454,22559.23,24
CUST-003455,90545.14,22
CUST-003457,21656.3,47
CUST-003458,5545.46,33
CUST-003459,71608.21,65
CUST-003460,78287.96,17
CUST-003464,19093.59,51
CUST-003465,24805.6,44
CUST-003466,203814.63,23
CUST-003467,37939.37,2
CUST-003469,21878.77,28
CUST-003470,64869.08,60
CUST-003471,39420.31,48
CUST-003472,107271.79,35
CUST-003473,33291.14,17
CUST-003474,97763.63,32
CUST-003475,122495.05,36
CUST-003476,54910.86,52
CUST-003477,111765.5,3
CUST-003478,25598.79,34
CUST-003479,15785.97,17
CUST-003480,23031.68,46
CUST-003481,52667.96,24
CUST-003482,143467.15,21
CUST-003484,136177.37,15
CUST-003485,47793.92,34
CUST-003486,123028.85,52
CUST-003488,62150.65,37
CUST-003491,1645.72,57
CUST-003492,54121.25,5
CUST-003493,61291.68,24
CUST-003496,13319.25,25
CUST-003497,149615.65,0
CUST-003498,98560.53,5
CUST-003499,165137.03,0
CUST-003500,66094.21,23
CUST-003501,44301.76,8
CUST-003502,40853.85,0
CUST-003504,124808.82,47
CUST-003506,70560.43,0
CUST-003507,4592.31,41
CUST-003509,131942.75,21
CUST-003510,81174.18,18
CUST-003512,89187.63,12
CUST-003513,84418.89,48
CUST-003514,8866.28,28
CUST-003515,10443.54,12
CUST-003516,10093.9,36
CUST-003517,30030.34,17
CUST-003518,108529.01,9
CUST-003519,89728.34,29
CUST-003521,134910.78,16
CUST-003522,128885.49,67
CUST-003523,13002.03,55
CUST-003524,62877.95,29
CUST-003525,25397.59,45
CUST-003526,106753.14,75
CUST-003527,74444.25,31
CUST-003528,39495.85,42
CUST-003529,54990.89,0
CUST-003530,7393.98,42
CUST-003531,53688.24,0
CUST-003532,117791.69,31
CUST-003533,103269.83,25
CUST-003534,4625.83,6
CUST-003535,138544.83,5
CUST-003536,18209.4,16
CUST-003537,3251.74,13
CUST-003538,57653.42,0
CUST-003539,102850.63,14
CUST-003541,60632.06,25
CUST-003543,91368.2,35
CUST-003544,44265.14,5
CUST-003545,15968.78,25
CUST-003546,49660.46,39
CUST-003547,32969.6,45
CUST-003550,115276.71,0
CUST-003551,37708.75,10
CUST-003552,6355.82,62
CUST-003553,17958.5,58
CUST-003554,32554.85,37
CUST-003555,137855.72,9
CUST-003557,50724.73,1
CUST-003558,88947.27,1
CUST-003559,17464.13,0
CUST-003560,26418.55,50
CUST-003561,112393.79,2
CUST-003562,41881.48,24
CUST-003563,71035.5,34
CUST-003566,7341.23,30
CUST-003567,31707.97,31
CUST-003568,10441.67,7
CUST-003570,49454.85,12
CUST-003572,34051.28,8
CUST-003573,25796.43,17
CUST-003574,10980.91,6
CUST-003575,49474.95,0
CUST-003576,27964.78,4
CUST-003577,86940.76,73
CUST-003578,180078.13,64
CUST-003579,72770.73,51
CUST-003580,47852.71,20
CUST-003581,3546.23,9
CUST-003583,8780.54,2
CUST-003584,26199.89,33
CUST-003585,91364.1,22
CUST-003586,89751.03,37
CUST-003587,96327.62,43
CUST-003588,51872.66,19
CUST-003589,253.69,48
CUST-003590,36836.32,31
CUST-003591,16998.47,24
CUST-003592,23076.43,13
CUST-003593,11933.33,90
CUST-003596,90035.27,61
CUST-003597,36155.35,38
CUST-003598,89238.86,35
CUST-003599,6393.87,13
CUST-003600,60764.57,25
CUST-003601,51433.96,7
CUST-003602,13898.38,21
CUST-003603,1944.35,0
CUST-003604,42796.91,14
CUST-003606,10811.25,47
CUST-003607,143765.01,0
CUST-003609,8847.14,7
CUST-003613,75692.47,61
CUST-003614,16004.92,1
CUST-003615,78891.31,5
CUST-003616,34722.26,40
CUST-003617,200894.25,65
CUST-003621,53892.83,41
CUST-003622,140128.72,42
CUST-003623,8005.18,18
CUST-003624,69415.09,0
CUST-003625,134187.74,49
CUST-003626,67016.77,7
CUST-003627,48035.71,61
CUST-003628,222725.93,49
CUST-003630,100489.09,40
CUST-003631,5365.16,41
CUST-003632,33068.71,65
CUST-003633,2864.95,42
CUST-003635,78123.02,10
CUST-003636,9351.16,24
CUST-003637,31113.2,0
CUST-003638,25979.22,54
CUST-003639,9417.43,25
CUST-003640,82821.27,47
CUST-003642,68720.07,31
CUST-003643,115835.44,27
CUST-003644,12931.76,34
CUST-003645,115830.58,45
CUST-003646,100271.08,49
CUST-003647,10001.07,42
CUST-003648,162842.54,43
CUST-003649,91028.12,50
CUST-003650,110722.02,15
CUST-003651,1727.26,35
CUST-003652,14584.87,32
CUST-003653,17532.72,33
CUST-003655,109055.14,40
CUST-003656,146201.38,0
CUST-003657,4281.02,0
CUST-003658,22857.61,23
CUST-003659,68146.38,0
CUST-003660,102738.03,9
CUST-003661,72221.72,15
CUST-003663,79701.45,31
CUST-003665,49134.79,6
CUST-003666,13375.88,0
CUST-003667,32399.09,46
CUST-003668,653.9,30
CUST-003669,119853.54,72
CUST-003670,107987.44,61
CUST-003671,49232.85,21
CUST-003672,44538.9,18
CUST-003673,19418.75,6
CUST-003675,33142.57,15
CUST-003676,13491.2,49
CUST-003677,59955.55,10
CUST-003678,11092.79,55
CUST-003679,175625.11,10
CUST-003680,72102.59,7
CUST-003681,35844.47,50
CUST-003682,2929.36,28
CUST-003683,83299.74,4
CUST-003684,7351.66,2
CUST-003685,110362.71,49
CUST-003686,66645.91,27
CUST-003687,22549.06,30
CUST-003688,106789.26,23
CUST-003689,11986.53,17
CUST-003690,3983.51,9
CUST-003691,72520.96,37
CUST-003692,138522.7,57
CUST-003693,53847.6,30
CUST-003695,43696.02,0
CUST-003696,118394.2,26
CUST-003697,104840.49,22
CUST-003700,160052.53,18
CUST-003702,8241.07,34
CUST-003705,128971.8,31
CUST-003707,84332.29,0
CUST-003709,50326.87,6
CUST-003710,100671.17,54
CUST-003711,42334.12,45
CUST-003712,7941.72,20
CUST-003713,16675.66,50
CUST-003714,16717.1,15
CUST-003717,17439.73,35
CUST-003718,15970.82,20
CUST-003719,4574.43,42
CUST-003720,21700.19,21
CUST-003721,15225.61,51
CUST-003722,96998.86,47
CUST-003723,22156.1,59
CUST-003724,105983.95,65
CUST-003725,88704.37,14
CUST-003726,47938.41,30
CUST-003727,13492.41,28
CUST-003728,4302.97,37
CUST-003729,44887.59,19
CUST-003730,12969.61,12
CUST-003731,59514.26,47
CUST-003732,77314.34,14
CUST-003734,145400.63,43
CUST-003736,43937.66,29
CUST-003737,11433.92,50
CUST-003739,113074.16,64
CUST-003740,28472.13,28
CUST-003741,69984.01,21
CUST-003742,28477.63,10
CUST-003743,35457.95,43
CUST-003744,2369.5,47
CUST-003745,166958.03,67
CUST-003746,14346.84,40
CUST-003747,29505.72,0
CUST-003748,33580.48,9
CUST-003749,99403.53,0
CUST-003750,106177.71,34
CUST-003751,10915.37,49
CUST-003753,60543.26,22
CUST-003755,30081.1,1
CUST-003757,14473.52,37
CUST-003758,4323.75,60
CUST-003761,100382.76,62
CUST-003762,10265.95,42
CUST-003763,36406.55,25
CUST-003764,48585.85,0
CUST-003765,99990.18,25
CUST-003766,71.14,43
CUST-003769,30526.79,0
CUST-003770,149349.61,48
CUST-003771,9572.36,15
CUST-003772,879.99,22
CUST-003774,40081.08,18
CUST-003775,32949.42,12
CUST-003776,45725.26,33
CUST-003778,6703.45,44
CUST-003779,22768.49,33
CUST-003780,131195.1,55
CUST-003782,22994.84,7
CUST-003783,95765.83,12
CUST-003784,145695.34,8
CUST-003785,7836.77,7
CUST-003787,11451.1,50
CUST-003788,15257.66,29
CUST-003791,71115.52,32
CUST-003792,28697.96,41
CUST-003794,59927.04,32
CUST-003795,39188.62,23
CUST-003797,3298.49,9
CUST-003798,103543.07,25
CUST-003801,53425.78,24
CUST-003802,44897.41,23
CUST-003803,91870.3,39
CUST-003804,9487.78,2
CUST-003806,22277.75,39
CUST-003807,55160.68,25
CUST-003808,36839.6,24
CUST-003809,39467.0,49
CUST-003810,10403.79,0
CUST-003811,10763.42,0
CUST-003812,1255.28,30
CUST-003813,5801.5,20
CUST-003814,10972.31,37
CUST-003815,526.59,23
CUST-003816,94040.41,3
CUST-003817,102323.86,0
CUST-003818,14982.42,24
CUST-003820,29283.09,33
CUST-003821,104241.2,4
CUST-003822,4134.9,0
CUST-003823,47705.21,17
CUST-003824,15047.61,35
CUST-003825,41838.03,17
CUST-003826,61050.08,30
CUST-003827,3114.73,32
CUST-003828,14300.82,21
CUST-003829,28413.5,36
CUST-003831,4413.03,25
CUST-003833,63459.5,21
CUST-003834,79505.54,17
CUST-003835,13501.81,24
CUST-003836,87794.29,47
CUST-003838,64596.33,18
CUST-003839,71934.25,11
CUST-003840,41885.22,67
CUST-003842,38507.19,41
CUST-003843,94033.2,43
CUST-003845,276986.27,16
CUST-003846,24487.14,0
CUST-003847,18535.43,37
CUST-003848,2892.33,40
CUST-003849,15692.81,37
CUST-003850,17824.68,6
CUST-003852,93652.69,7
CUST-003853,14090.7,6
CUST-003854,61468.88,36
CUST-003855,214632.41,6
CUST-003857,143884.85,35
CUST-003858,1226.97,0
CUST-003860,166077.45,76
CUST-003861,31247.33,0
CUST-003865,2342.48,21
CUST-003866,84137.22,6
CUST-003867,5713.55,22
CUST-003868,96653.13,0
CUST-003869,36269.46,20
CUST-003870,32403.48,30
CUST-003871,118992.0,0
CUST-003872,83449.49,27
CUST-003873,120908.23,0
CUST-003874,3691.95,5
CUST-003875,33306.08,15
CUST-003876,39078.42,65
CUST-003877,3100.51,64
CUST-003878,6125.18,47
CUST-003879,3561.65,52
CUST-003880,8175.31,25
CUST-003881,40936.08,60
CUST-003882,23449.4,15
CUST-003884,39544.48,30
CUST-003885,56782.71,46
CUST-003887,150699.03,50
CUST-003888,26395.38,6
CUST-003889,45095.77,63
CUST-003890,3205.67,73
CUST-003891,42543.81,64
CUST-003892,41418.06,31
CUST-003893,25665.61,18
CUST-003895,53710.21,66
CUST-003896,1921.69,59
CUST-003897,2967.93,14
CUST-003898,13224.39,0
CUST-003899,63782.51,18
CUST-003902,91606.9,46
CUST-003903,6453.93,9
CUST-003904,33883.02,39
CUST-003905,10156.62,0
CUST-003907,114624.12,0
CUST-003908,17018.48,47
CUST-003909,193195.03,29
CUST-003910,21678.38,13
CUST-003912,40179.28,25
CUST-003914,195705.9,0
CUST-003915,50906.39,5
CUST-003916,25620.54,21
CUST-003918,12658.86,83
CUST-003921,33592.33,22
CUST-003922,38509.34,21
CUST-003923,79300.17,28
CUST-003925,24160.65,15
CUST-003926,3881.88,12
CUST-003927,13400.63,48
CUST-003928,9256.44,35
CUST-003931,55636.92,29
CUST-003933,5871.52,7
CUST-003935,35310.49,24
CUST-003937,52687.12,15
CUST-003938,72328.62,50
CUST-003939,0.0,81
CUST-003942,32523.25,43
CUST-003944,42115.93,5
CUST-003948,93755.89,8
CUST-003949,51620.65,10
CUST-003950,119792.79,0
CUST-003951,91200.08,30
CUST-003952,14668.32,21
CUST-003953,1004.27,69
CUST-003955,6929.19,2
CUST-003956,81569.88,34
CUST-003957,36532.51,52
CUST-003958,586.92,48
CUST-003959,18948.0,71
CUST-003960,22456.66,25
CUST-003961,16006.45,0
CUST-003962,43327.1,7
CUST-003963,32488.37,45
CUST-003964,46296.73,22
CUST-003965,185093.77,18
CUST-003966,5250.13,6
CUST-003967,250694.3,32
CUST-003968,8239.54,5
CUST-003969,54300.27,14
CUST-003970,15848.92,2
CUST-003971,120364.87,0
CUST-003972,126442.03,58
CUST-003973,35154.15,19
CUST-003974,140494.46,0
CUST-003975,91019.18,33
CUST-003976,8772.85,25
CUST-003977,35279.75,34
CUST-003978,17438.34,26
CUST-003979,3269.11,39
CUST-003980,17731.83,14
CUST-003981,9662.36,24
CUST-003982,159689.46,6
CUST-003983,139913.07,40
CUST-003984,25723.31,24
CUST-003985,211052.38,6
CUST-003986,9524.41,10
CUST-003988,28898.72,46
CUST-003989,87218.13,25
CUST-003990,2529.86,38
CUST-003991,18001.41,22
CUST-003992,42092.57,23
CUST-003993,34809.56,34
CUST-003994,55432.49,47
CUST-003996,64382.96,0
CUST-003997,86375.08,37
CUST-003998,15927.73,9
CUST-003999,10331.72,19
CUST-004000,8199.36,49
CUST-004001,178736.25,23
CUST-004002,155993.15,65
CUST-004003,74770.93,46
CUST-004004,20914.24,6
CUST-004005,28981.81,18
CUST-004006,30675.9,25
CUST-004007,47116.97,14
CUST-004008,164240.92,20
CUST-004009,449.49,49
CUST-004012,10899.07,74
CUST-004014,81607.88,72
CUST-004015,129719.72,8
CUST-004016,52885.4,16
CUST-004018,5940.51,25
CUST-004019,434.98,43
CUST-004020,5968.86,29
CUST-004021,26806.04,36
CUST-004022,1234.96,70
CUST-004023,102239.63,28
CUST-004024,104210.06,60
CUST-004025,97708.22,25
CUST-004026,0.0,13
CUST-004027,25253.25,25
CUST-004028,105966.93,50
CUST-004030,76193.98,72
CUST-004031,7382.73,30
CUST-004032,66440.37,11
CUST-004033,8088.02,6
CUST-004034,113053.88,9
CUST-004038,13038.07,56
CUST-004039,6469.13,15
CUST-004041,101687.47,26
CUST-004042,5486.72,45
CUST-004043,18781.12,14
CUST-004044,4517.25,20
CUST-004045,763.13,40
CUST-004046,20517.46,32
CUST-004047,79758.68,23
CUST-004049,24562.18,39
CUST-004050,42484.23,37
CUST-004051,30433.59,32
CUST-004052,34047.92,61
CUST-004053,26837.42,17
CUST-004054,59273.14,0
CUST-004055,81589.84,20
CUST-004056,18945.51,29
CUST-004057,49928.96,20
CUST-004059,77232.13,43
CUST-004060,91889.68,16
CUST-004061,60421.48,16
CUST-004062,23083.2,10
CUST-004064,2934.27,27
CUST-004066,42995.19,49
CUST-004067,20566.47,13
CUST-004068,49616.67,46
CUST-004069,12679.85,61
CUST-004070,55891.68,22
CUST-004073,88359.17,60
CUST-004074,673.37,48
CUST-004075,0.0,50
CUST-004076,48001.83,45
CUST-004077,26212.22,44
CUST-004078,67903.47,15
CUST-004079,221569.79,48
CUST-004080,32056.14,64
CUST-004081,124052.74,14
CUST-004082,1694.37,51
CUST-004084,90366.55,15
CUST-004085,96002.71,42
CUST-004086,22626.28,47
CUST-004088,118192.3,2
CUST-004089,38344.29,73
CUST-004090,40940.42,0
CUST-004091,95954.26,72
CUST-004093,103497.21,16
CUST-004095,22808.58,57
CUST-004097,72498.73,64
CUST-004098,11142.04,39
CUST-004099,9429.92,20
CUST-004100,6881.69,61
CUST-004101,68523.61,30
CUST-004102,5510.31,11
CUST-004103,28177.87,12
CUST-004104,32448.0,15
CUST-004106,31313.32,46
CUST-004107,99389.59,13
CUST-004110,9641.33,19
CUST-004112,24820.68,24
CUST-004113,144583.09,4
CUST-004114,151259.01,36
CUST-004115,130165.21,63
CUST-004116,67786.55,23
CUST-004118,68760.8,0
CUST-004119,111457.1,0
CUST-004122,49819.17,40
CUST-004123,102561.11,34
CUST-004124,25754.6,35
CUST-004125,36884.21,37
CUST-004126,9472.57,15
CUST-004127,116896.46,63
CUST-004128,18785.25,7
CUST-004130,24617.02,33
CUST-004132,90897.79,15
CUST-004133,47371.89,32
CUST-004134,29732.13,40
CUST-004135,44362.18,47
CUST-004136,5191.34,25
CUST-004137,53895.61,35
CUST-004138,132681.45,8
CUST-004139,29165.94,30
CUST-004140,9011.48,0
CUST-004141,61471.44,30
CUST-004142,8737.49,54
CUST-004143,94213.12,46
CUST-004144,2176.93,42
CUST-004146,16746.54,10
CUST-004148,1791.61,26
CUST-004149,6295.95,0
CUST-004150,180698.09,31
CUST-004151,4030.62,50
CUST-004152,107332.77,23
CUST-004154,3438.24,2
CUST-004155,8235.08,8
CUST-004159,14329.29,16
CUST-004160,11914.6,21
CUST-004161,6759.51,8
CUST-004162,71370.87,37
CUST-004164,153097.8,6
CUST-004165,24543.69,32
CUST-004167,100915.47,41
CUST-004168,5481.84,0
CUST-004170,316.53,82
CUST-004171,145187.0,50
CUST-004172,95827.5,30
CUST-004173,120219.96,0
CUST-004174,114128.81,30
CUST-004175,74751.6,56
CUST-004176,0.0,15
CUST-004177,26893.99,20
CUST-004178,55253.52,0
CUST-004179,19173.15,37
CUST-004180,10311.52,6
CUST-004183,14940.32,16
CUST-004184,4302.36,59
CUST-004185,3180.21,4
CUST-004186,128441.72,16
CUST-004187,65402.04,8
CUST-004188,60468.65,60
CUST-004189,127064.63,0
CUST-004190,117530.17,41
CUST-004191,100180.14,7
CUST-004192,17589.59,21
CUST-004193,202555.68,0
CUST-004195,81546.77,6
CUST-004196,167200.19,0
CUST-004197,34756.19,84
CUST-004198,43511.43,32
CUST-004199,7776.02,31
CUST-004201,111303.52,9
CUST-004203,36883.28,2
CUST-004205,38040.25,72
CUST-004206,77238.15,28
CUST-004207,97740.02,16
CUST-004209,11821.77,12
CUST-004210,55264.09,39
CUST-004211,15582.82,22
CUST-004212,142171.92,1
CUST-004213,18580.84,24
CUST-004214,89949.17,32
CUST-004215,13719.55,53
CUST-004217,15216.2,35
CUST-004218,93803.69,21
CUST-004219,1121.29,44
CUST-004220,131559.17,7
CUST-004221,22346.95,61
CUST-004222,4674.02,8
CUST-004224,1399.0,49
CUST-004225,151399.15,6
CUST-004226,33564.28,21
CUST-004227,17815.97,34
CUST-004228,8535.77,33
CUST-004229,70015.9,49
CUST-004231,10886.49,20
CUST-004232,144648.8,25
CUST-004233,4911.13,12
CUST-004235,56351.05,10
CUST-004236,7063.99,23
CUST-004237,1247.78,18
CUST-004239,126789.53,21
CUST-004240,25669.46,45
CUST-004241,24033.54,32
CUST-004243,58258.4,47
CUST-004246,63501.67,17
CUST-004248,3136.16,50
CUST-004250,124360.47,47
CUST-004251,51918.76,0
CUST-004252,3773.93,0
CUST-004255,78405.36,12
CUST-004256,19719.47,0
CUST-004258,85083.47,19
CUST-004259,47048.96,43
CUST-004260,31010.26,7
CUST-004261,34314.35,6
CUST-004262,135347.46,7
CUST-004264,32487.48,27
CUST-004267,1509.02,25
CUST-004268,15729.18,0
CUST-004269,16414.83,30
CUST-004270,86171.01,38
CUST-004271,8642.78,21
CUST-004272,32494.03,25
CUST-004275,52766.65,21
CUST-004276,15036.1,0
CUST-004277,22900.4,33
CUST-004279,109267.05,25
CUST-004280,15062.65,29
CUST-004282,62099.36,26
CUST-004283,9075.66,16
CUST-004285,166774.42,29
CUST-004286,34404.98,29
CUST-004287,3158.84,2
CUST-004288,73932.79,0
CUST-004289,146473.65,17
CUST-004290,51304.27,46
CUST-004291,34399.06,43
CUST-004292,99727.58,66
CUST-004293,157573.61,40
CUST-004294,48932.1,11
CUST-004295,84638.08,42
CUST-004296,25118.64,30
CUST-004298,115068.28,3
CUST-004299,31982.24,11
CUST-004300,20070.46,24
CUST-004301,8454.37,33
CUST-004302,16830.76,35
CUST-004303,97080.68,9
CUST-004307,8593.08,1
CUST-004308,2261.54,70
CUST-004309,38268.95,14
CUST-004310,14610.49,15
CUST-004311,43961.12,53
CUST-004312,10353.02,21
CUST-004313,21909.08,11
CUST-004314,16004.35,17
CUST-004315,4602.76,23
CUST-004317,93256.37,6
CUST-004318,70843.18,5
CUST-004319,7751.77,46
CUST-004320,70449.27,7
CUST-004321,1559.48,0
CUST-004322,45638.76,10
CUST-004323,32078.53,31
CUST-004324,12094.02,26
CUST-004325,36928.17,36
CUST-004326,28787.99,46
CUST-004328,75676.29,83
CUST-004329,93031.17,18
CUST-004330,39564.92,75
CUST-004331,24879.33,0
CUST-004332,21497.24,0
CUST-004333,55172.08,23
CUST-004334,111607.52,21
CUST-004335,56099.32,86
CUST-004336,4984.0,29
CUST-004339,124576.96,51
CUST-004340,31432.71,6
CUST-004341,28412.76,43
CUST-004342,8068.07,71
CUST-004343,73279.39,9
CUST-004344,143187.33,20
CUST-004345,23400.91,17
CUST-004346,2444.34,49
CUST-004347,62297.38,42
CUST-004350,108088.3,23
CUST-004351,158131.32,25
CUST-004353,10887.77,10
CUST-004354,154346.39,16
CUST-004355,109269.39,6
CUST-004356,15684.84,5
CUST-004357,34519.87,5
CUST-004358,482.18,29
CUST-004359,47580.84,63
CUST-004360,95413.51,3
CUST-004361,105104.75,27
CUST-004364,27909.84,0
CUST-004366,9724.86,0
CUST-004367,25274.3,0
CUST-004368,118054.58,23
CUST-004369,13109.16,0
CUST-004370,111524.1,45
CUST-004371,20446.24,0
CUST-004372,110048.16,3
CUST-004373,72424.28,0
CUST-004374,66429.17,16
CUST-004375,10796.59,39
CUST-004376,26483.43,38
CUST-004377,103595.17,35
CUST-004379,14728.18,48
CUST-004380,49682.16,14
CUST-004381,90586.55,25
CUST-004382,28877.27,8
CUST-004383,190598.31,35
CUST-004384,18795.98,0
CUST-004386,4681.85,0
CUST-004387,41189.52,13
CUST-004388,5390.22,14
CUST-004389,48827.42,20
CUST-004390,35340.15,46
CUST-004391,54946.19,16
CUST-004392,21831.45,3
CUST-004393,25996.33,2
CUST-004395,170441.59,53
CUST-004396,3571.98,42
CUST-004397,2711.75,23
CUST-004398,76101.23,55
CUST-004399,133088.21,21
CUST-004400,10219.08,0
CUST-004401,48706.64,21
CUST-004404,33447.95,21
CUST-004405,16454.5,0
CUST-004406,61235.28,16
CUST-004407,46897.98,0
CUST-004408,53389.7,11
CUST-004410,165198.99,38
CUST-004411,37518.6,36
CUST-004412,177237.53,48
CUST-004413,104534.7,40
CUST-004415,11230.42,6
CUST-004416,139137.7,58
CUST-004417,938.38,7
CUST-004418,175770.05,30
CUST-004419,88806.76,0
CUST-004421,83704.41,14
CUST-004424,70097.33,26
CUST-004425,143692.27,0
CUST-004426,34783.09,10
CUST-004427,98083.06,60
CUST-004428,51317.68,38
CUST-004429,31950.98,72
CUST-004430,19696.8,42
CUST-004431,50347.13,25
CUST-004432,19376.78,29
CUST-004433,64440.76,46
CUST-004434,34252.55,0
CUST-004435,3283.48,33
CUST-004436,21817.61,7
CUST-004437,12414.48,57
CUST-004438,21479.94,14
CUST-004439,185744.68,48
CUST-004440,145926.05,42
CUST-004441,43019.74,24
CUST-004442,122440.61,45
CUST-004443,25427.44,0
CUST-004444,27886.85,34
CUST-004445,92149.57,33
CUST-004446,15047.53,19
CUST-004447,24915.29,33
CUST-004448,1145.13,61
CUST-004451,140033.02,23
CUST-004452,80296.88,75
CUST-004453,8913.73,7
CUST-004454,46849.11,1
CUST-004455,21927.19,38
CUST-004457,38639.57,10
CUST-004458,13198.4,16
CUST-004459,64455.85,0
CUST-004461,24129.52,24
CUST-004462,90582.62,0
CUST-004463,109894.31,43
CUST-004464,33332.12,1
CUST-004465,28366.39,58
CUST-004466,31075.94,36
CUST-004468,15555.02,45
CUST-004469,30913.08,62
CUST-004471,36548.57,4
CUST-004472,119145.02,13
CUST-004473,6772.09,9
CUST-004474,9919.75,10
CUST-004475,23409.8,0
CUST-004477,57938.53,9
CUST-004478,46661.21,12
CUST-004479,40570.92,2
CUST-004480,4226.68,11
CUST-004481,973.01,39
CUST-004482,28731.65,31
CUST-004483,8828.45,29
CUST-004484,5064.09,0
CUST-004485,70710.14,54
CUST-004486,6601.87,7
CUST-004487,40687.98,68
CUST-004488,98527.08,43
CUST-004489,1891.89,1
CUST-004490,40469.89,21
CUST-004491,63740.17,0
CUST-004492,18193.56,21
CUST-004493,132196.31,38
CUST-004494,19082.51,27
CUST-004495,67773.72,23
CUST-004496,118580.21,41
CUST-004497,69000.73,0
CUST-004498,45998.26,29
CUST-004499,6042.86,1
CUST-004500,27118.92,0
CUST-004502,67860.13,24
CUST-004503,117185.12,40
CUST-004506,2473.17,17
CUST-004508,40904.24,27
CUST-004509,17059.06,0
CUST-004510,33099.67,6
CUST-004511,148589.09,19
CUST-004512,118024.16,8
CUST-004513,63679.67,22
CUST-004515,65706.33,20
CUST-004516,99515.72,15
CUST-004517,25421.22,37
CUST-004518,176928.19,37
CUST-004522,33033.54,3
CUST-004523,36230.56,10
CUST-004524,55088.85,24
CUST-004526,2021.57,0
CUST-004527,24219.44,37
CUST-004528,98237.31,48
CUST-004529,23268.53,16
CUST-004530,14049.27,0
CUST-004532,44192.83,3
CUST-004533,128222.99,47
CUST-004534,113189.11,75
CUST-004535,60448.75,18
CUST-004536,9061.05,58
CUST-004537,19902.07,31
CUST-004540,0.0,39
CUST-004541,64233.66,10
CUST-004542,82372.43,21
CUST-004543,31242.0,19
CUST-004545,115092.6,28
CUST-004546,48705.55,59
CUST-004547,2457.06,1
CUST-004548,56115.46,13
CUST-004550,43354.15,41
CUST-004552,32466.8,43
CUST-004553,103578.54,25
CUST-004554,17753.81,0
CUST-004555,27847.74,9
CUST-004556,9237.0,41
CUST-004558,69020.62,20
CUST-004559,62094.83,19
CUST-004560,4361.86,21
CUST-004561,58511.44,5
CUST-004562,102618.83,50
CUST-004563,24764.76,50
CUST-004566,161252.41,19
CUST-004567,9570.8,8
CUST-004568,49970.01,22
CUST-004569,61995.74,30
CUST-004571,82890.59,8
CUST-004572,133972.63,11
CUST-004573,139060.31,0
CUST-004575,69467.73,21
CUST-004576,180223.35,45
CUST-004577,94933.74,45
CUST-004578,16428.66,4
CUST-004579,55449.62,0
CUST-004582,44098.54,40
CUST-004583,500.23,14
CUST-004584,23963.29,0
CUST-004585,32819.26,36
CUST-004586,167189.37,17
CUST-004587,66810.47,31
CUST-004588,122586.0,7
CUST-004589,45502.61,25
CUST-004591,54065.9,21
CUST-004592,138661.15,20
CUST-004593,133201.14,42
CUST-004594,165011.46,20
CUST-004595,48019.95,54
CUST-004596,30381.09,38
CUST-004597,36866.79,38
CUST-004598,4540.88,36
CUST-004599,161413.73,40
CUST-004600,106687.19,43
CUST-004601,122650.28,13
CUST-004602,91678.73,37
CUST-004603,29847.14,28
CUST-004604,73707.13,17
CUST-004605,124530.1,20
CUST-004607,1429.64,17
CUST-004608,28537.23,43
CUST-004609,6580.7,13
CUST-004611,97497.56,46
CUST-004612,29051.82,38
CUST-004613,13798.54,15
CUST-004617,32431.03,22
CUST-004618,6321.86,21
CUST-004619,91660.99,41
CUST-004621,156327.38,35
CUST-004622,167885.87,24
CUST-004624,43234.09,0
CUST-004625,17495.58,69
CUST-004626,108714.19,50
CUST-004627,35840.51,63
CUST-004628,1598.89,32
CUST-004629,84742.09,20
CUST-004630,86029.81,5
CUST-004632,78568.81,20
CUST-004633,18036.8,65
CUST-004634,22974.35,30
CUST-004635,15822.23,43
CUST-004636,74369.04,11
CUST-004637,40317.49,0
CUST-004638,57439.41,12
CUST-004639,162.37,39
CUST-004640,2031.32,0
CUST-004641,167528.62,6
CUST-004642,58657.81,22
CUST-004643,4721.8,1
CUST-004644,17965.35,16
CUST-004646,44846.51,34
CUST-004647,38836.08,16
CUST-004649,15431.97,46
CUST-004650,17817.81,0
CUST-004651,93925.43,70
CUST-004652,113060.45,23
CUST-004653,5497.54,32
CUST-004654,103013.86,55
CUST-004655,19198.52,14
CUST-004656,6008.91,28
CUST-004657,115864.38,30
CUST-004659,87931.8,34
CUST-004660,10838.64,20
CUST-004662,6486.44,34
CUST-004663,74991.97,28
CUST-004664,179932.05,81
CUST-004665,71767.54,18
CUST-004666,36744.49,5
CUST-004667,27796.33,55
CUST-004668,888.14,30
CUST-004669,121360.23,55
CUST-004671,2468.13,21
CUST-004672,25852.96,56
CUST-004674,107225.28,32
CUST-004675,67556.98,23
CUST-004676,166277.06,41
CUST-004677,11585.64,46
CUST-004678,226317.97,24
CUST-004680,2938.49,43
CUST-004681,2779.0,38
CUST-004682,30819.89,24
CUST-004683,167985.15,35
CUST-004684,6048.16,36
CUST-004685,3426.42,15
CUST-004686,5563.39,10
CUST-004687,45073.19,0
CUST-004688,23844.43,9
CUST-004689,108836.58,38
CUST-004691,130025.86,0
CUST-004692,42515.83,30
CUST-004693,70096.76,20
CUST-004694,126572.9,20
CUST-004695,19086.62,0
CUST-004696,9271.94,32
CUST-004697,33084.57,23
CUST-004698,144745.73,22
CUST-004699,18572.96,6
CUST-004701,120873.43,2
CUST-004702,12450.63,27
CUST-004704,7943.07,71
CUST-004706,1082.82,17
CUST-004707,18314.99,45
CUST-004709,118913.6,35
CUST-004710,4124.3,5
CUST-004711,15868.72,47
CUST-004712,65781.65,6
CUST-004713,10513.87,46
CUST-004714,154781.56,7
CUST-004715,9224.73,7
CUST-004716,25519.74,46
CUST-004717,7254.73,38
CUST-004718,19988.02,0
CUST-004719,68226.53,86
CUST-004720,26477.24,38
CUST-004721,8623.67,0
CUST-004722,10938.04,0
CUST-004723,20546.9,0
CUST-004724,152603.44,40
CUST-004726,69967.84,90
CUST-004728,7274.76,0
CUST-004729,20500.04,25
CUST-004732,57396.51,25
CUST-004733,90941.27,53
CUST-004734,21261.79,39
CUST-004735,21221.21,35
CUST-004736,13363.12,76
CUST-004737,9914.25,21
CUST-004738,1743.78,64
CUST-004739,97950.5,33
CUST-004740,94898.03,1
CUST-004743,52724.93,16
CUST-004744,55851.44,20
CUST-004745,12730.14,13
CUST-004747,55622.52,39
CUST-004748,1555.05,16
CUST-004749,34297.65,38
CUST-004750,149959.27,8
CUST-004752,64301.11,0
CUST-004753,135542.23,0
CUST-004754,58793.22,22
CUST-004755,10366.56,55
CUST-004756,30760.17,5
CUST-004757,28486.56,55
CUST-004758,102155.95,40
CUST-004759,8976.85,33
CUST-004761,2688.11,20
CUST-004762,120621.68,5
CUST-004763,63777.3,16
CUST-004764,63663.69,25
CUST-004765,38825.86,31
CUST-004766,54874.81,6
CUST-004768,10330.01,20
CUST-004769,49267.84,34
CUST-004770,7385.62,17
CUST-004771,71661.42,9
CUST-004772,176615.1,35
CUST-004774,112431.97,17
CUST-004775,134517.32,17
CUST-004777,3037.62,9
CUST-004778,139221.49,62
CUST-004779,13234.58,31
CUST-004780,43159.3,19
CUST-004781,59141.6,23
CUST-004782,95147.63,2
CUST-004783,68021.1,30
CUST-004784,140604.1,30
CUST-004785,45112.49,22
CUST-004787,74258.82,9
CUST-004788,39253.42,9
CUST-004790,131043.71,36
CUST-004791,151503.15,0
CUST-004792,15132.16,67
CUST-004793,111347.34,65
CUST-004794,14662.97,0
CUST-004795,2578.7,26
CUST-004796,30159.18,64
CUST-004797,2090.25,8
CUST-004798,143479.83,12
CUST-004799,55261.36,37
CUST-004800,24120.84,25
CUST-004801,148769.15,25
CUST-004802,125764.18,17
CUST-004803,147563.41,7
CUST-004804,1742.22,17
CUST-004805,19774.91,31
CUST-004807,150264.85,6
CUST-004808,208443.03,49
CUST-004809,74770.65,5
CUST-004810,969.82,45
CUST-004811,188527.3,0
CUST-004812,66170.42,32
CUST-004813,25093.86,5
CUST-004815,150023.42,60
CUST-004816,3028.78,16
CUST-004819,6604.65,5
CUST-004820,136197.86,0
CUST-004821,13474.67,47
CUST-004822,81394.6,21
CUST-004824,2604.09,30
CUST-004825,453.2,64
CUST-004826,178351.72,33
CUST-004828,25618.42,34
CUST-004831,19315.7,18
CUST-004834,98298.39,28
CUST-004835,72055.37,20
CUST-004836,76432.24,8
CUST-004837,132245.07,42
CUST-004838,8385.74,9
CUST-004839,78993.22,49
CUST-004840,15812.52,45
CUST-004841,31871.97,17
CUST-004842,58703.52,0
CUST-004843,519.94,59
CUST-004844,6859.0,11
CUST-004847,184407.43,34
CUST-004848,2005.78,39
CUST-004849,47205.23,3
CUST-004850,63873.55,6
CUST-004853,100128.2,33
CUST-004854,20779.12,10
CUST-004855,54883.12,22
CUST-004857,58552.85,30
CUST-004858,213682.13,32
CUST-004859,198069.79,15
CUST-004861,31137.28,12
CUST-004862,28547.21,7
CUST-004863,7412.79,30
CUST-004864,38126.33,9
CUST-004865,13314.53,27
CUST-004867,52113.09,10
CUST-004869,11249.47,10
CUST-004870,62999.19,8
CUST-004871,3200.66,4
CUST-004872,69935.51,64
CUST-004873,40597.07,10
CUST-004874,70465.57,14
CUST-004875,154809.51,66
CUST-004876,158593.35,14
CUST-004877,137896.01,64
CUST-004880,41578.97,52
CUST-004881,11645.78,58
CUST-004882,8972.76,48
CUST-004883,0.0,30
CUST-004886,88849.27,2
CUST-004887,78454.71,46
CUST-004888,14566.08,17
CUST-004889,43462.28,17
CUST-004890,1250.12,33
CUST-004891,19050.41,49
CUST-004892,94863.89,6
CUST-004894,23802.42,44
CUST-004896,133029.77,7
CUST-004898,1202.07,21
CUST-004899,93603.19,5
CUST-004900,8749.13,31
CUST-004901,184339.74,11
CUST-004902,11172.43,35
CUST-004903,107534.75,16
CUST-004905,44199.8,46
CUST-004906,20567.54,14
CUST-004907,48902.07,28
CUST-004908,9737.62,62
CUST-004909,39201.27,22
CUST-004910,77288.14,41
CUST-004911,2714.38,39
CUST-004912,4050.91,0
CUST-004913,119937.03,44
CUST-004914,14014.68,44
CUST-004915,69428.33,43
CUST-004917,81839.26,25
CUST-004918,57301.7,56
CUST-004919,52142.08,9
CUST-004920,122053.24,33
CUST-004921,12541.18,25
CUST-004922,1614.97,25
CUST-004923,37040.6,16
CUST-004924,40001.45,72
CUST-004925,16707.01,47
CUST-004926,83995.23,5
CUST-004927,118270.61,25
CUST-004928,68676.12,49
CUST-004929,102275.92,0
CUST-004930,125527.38,34
CUST-004931,28285.04,30
CUST-004932,10368.13,34
CUST-004933,14234.84,69
CUST-004934,95961.72,0
CUST-004935,27509.46,19
CUST-004936,23399.93,33
CUST-004937,8029.29,46
CUST-004938,82262.1,30
CUST-004939,24237.55,33
CUST-004940,245830.1,12
CUST-004941,139370.85,65
CUST-004942,11242.48,30
CUST-004943,75440.32,49
CUST-004944,36043.53,18
CUST-004945,95972.4,8
CUST-004946,12592.49,10
CUST-004947,59756.44,24
CUST-004948,2728.19,57
CUST-004949,30775.11,24
CUST-004950,69457.35,22
CUST-004951,48628.08,63
CUST-004952,115467.66,15
CUST-004953,5945.21,36
CUST-004954,45947.28,25
CUST-004955,166100.47,0
CUST-004956,134078.81,19
CUST-004957,123048.65,49
CUST-004958,114734.52,0
CUST-004959,22419.91,0
CUST-004960,78300.47,14
CUST-004961,10489.03,39
CUST-004962,124821.87,11
CUST-004964,21796.56,0
CUST-004965,106079.6,19
CUST-004966,16906.1,34
CUST-004967,12494.72,2
CUST-004968,18331.58,24
CUST-004969,160533.82,48
CUST-004971,131613.64,38
CUST-004972,14001.18,43
CUST-004973,27831.41,34
CUST-004974,2064.09,2
CUST-004975,201071.89,41
CUST-004976,75336.76,0
CUST-004978,26572.4,23
CUST-004979,68680.46,56
CUST-004980,33469.41,16
CUST-004984,8356.42,12
CUST-004985,62481.16,36
CUST-004987,7545.49,3
CUST-004988,105768.52,29
CUST-004990,16031.07,9
CUST-004991,129841.44,53
CUST-004992,23714.99,50
CUST-004993,22597.96,14
CUST-004994,45578.48,61
CUST-004995,8716.03,48
CUST-004997,57681.25,60
CUST-004998,13472.03,7
CUST-004999,19408.42,37
CUST-005000,73554.68,23
CUST-005001,117116.54,9
CUST-005002,17399.7,0
CUST-005003,73643.8,9
CUST-005005,101744.88,33
CUST-005006,110227.34,62
CUST-005007,20590.07,32
CUST-005008,45494.47,35
CUST-005009,2339.68,50
CUST-005010,2552.38,26
CUST-005014,9411.97,16
CUST-005015,107609.31,30
CUST-005016,26574.6,24
CUST-005017,67058.23,32
CUST-005018,0.0,42
CUST-005019,87715.38,16
CUST-005020,36120.28,29
CUST-005022,14367.3,2
CUST-005023,21654.24,15
CUST-005024,21963.28,37
CUST-005025,34049.0,16
CUST-005026,29553.66,52
CUST-005027,29547.08,23
CUST-005028,9171.05,21
CUST-005029,27561.17,28
CUST-005030,161708.4,59
CUST-005031,742.42,8
CUST-005033,16415.53,0
CUST-005034,88711.81,21
CUST-005037,74775.24,24
CUST-005038,13017.66,19
CUST-005039,46004.07,35
CUST-005040,78903.43,22
CUST-005042,155562.75,25
CUST-005044,32060.8,13
CUST-005045,35306.8,19
CUST-005048,68299.14,30
CUST-005050,48296.77,75
CUST-005051,19962.79,19
CUST-005052,98618.8,1
CUST-005053,33078.43,6
CUST-005054,51665.58,37
CUST-005055,76779.61,6
CUST-005057,38641.91,22
CUST-005058,24205.64,16
CUST-005059,133083.56,60
CUST-005060,119439.94,0
CUST-005061,20901.96,36
CUST-005062,43679.07,57
CUST-005063,86697.09,19
CUST-005064,6329.03,42
CUST-005065,43211.81,55
CUST-005066,18012.26,35
CUST-005067,8132.42,32
CUST-005068,7549.65,5
CUST-005070,56620.62,34
CUST-005073,7776.72,15
CUST-005074,0.0,33
CUST-005075,34371.15,51
CUST-005076,161504.61,17
CUST-005077,20488.63,37
CUST-005078,47472.86,0
CUST-005079,1901.09,47
CUST-005080,187477.39,58
CUST-005082,75047.53,20
CUST-005083,31216.64,63
CUST-005084,108224.09,1
CUST-005085,41924.4,18
CUST-005086,149410.11,8
CUST-005088,75161.73,24
CUST-005089,36444.91,3
CUST-005091,1611.72,32
CUST-005092,76499.98,50
CUST-005093,187352.45,36
CUST-005094,31615.32,15
CUST-005095,1024.05,43
CUST-005096,8003.07,9
CUST-005097,43887.03,73
CUST-005098,33975.25,45
CUST-005099,41265.52,10
CUST-005100,13922.53,38
CUST-005102,70157.25,14
CUST-005104,36743.85,85
CUST-005105,36842.99,34
CUST-005106,120943.14,5
CUST-005107,75865.35,0
CUST-005108,167650.51,14
CUST-005109,36417.59,21
CUST-005110,25176.4,15
CUST-005111,52140.02,31
CUST-005112,8505.79,37
CUST-005113,106206.55,19
CUST-005114,39046.19,15
CUST-005118,70437.25,20
CUST-005119,73684.87,24
CUST-005120,58797.63,26
CUST-005121,44472.84,0
CUST-005123,37985.8,31
CUST-005124,9346.43,52
CUST-005125,36371.62,2
CUST-005126,8399.73,55
CUST-005127,588.84,64
CUST-005128,95613.89,0
CUST-005129,229.27,46
CUST-005131,138538.64,42
CUST-005132,30083.4,57
CUST-005133,767.89,40
CUST-005134,31286.97,23
CUST-005135,163834.14,22
CUST-005136,4359.81,20
CUST-005137,13071.09,79
CUST-005138,9285.05,67
CUST-005139,1197.84,14
CUST-005141,17143.93,28
CUST-005142,23904.08,23
CUST-005143,9169.37,5
CUST-005144,4005.71,69
CUST-005146,25195.39,49
CUST-005148,91974.59,58
CUST-005149,103537.37,30
CUST-005150,27224.33,55
CUST-005151,48154.04,51
CUST-005152,28774.18,26
CUST-005154,28211.2,47
CUST-005155,826.6,29
CUST-005156,118730.2,17
CUST-005157,214.32,81
CUST-005158,3347.97,35
CUST-005161,44535.75,44
CUST-005162,11986.09,10
CUST-005163,103730.98,11
CUST-005164,138097.54,8
CUST-005165,148667.9,15
CUST-005167,148047.09,32
CUST-005168,69560.41,16
CUST-005169,3437.6,31
CUST-005172,30583.58,0
CUST-005173,189519.74,21
CUST-005174,57761.34,23
CUST-005175,20906.31,25
CUST-005177,66692.21,33
CUST-005178,1307.26,25
CUST-005179,22347.08,18
CUST-005180,26766.8,36
CUST-005181,94720.28,0
CUST-005183,138348.93,2
CUST-005184,81089.93,34
CUST-005185,90192.7,64
CUST-005186,130779.22,27
CUST-005189,164875.36,62
CUST-005190,74130.51,15
CUST-005191,139351.44,9
CUST-005192,59440.64,9
CUST-005193,15607.7,0
CUST-005194,6246.34,22
CUST-005195,58935.16,5
CUST-005197,176275.42,17
CUST-005198,136070.42,10
CUST-005199,148366.39,43
CUST-005202,93003.89,43
CUST-005203,9516.22,57
CUST-005204,33689.18,14
CUST-005205,8220.19,37
CUST-005207,31733.12,0
CUST-005208,124106.5,18
CUST-005209,68142.09,8
CUST-005210,55761.5,45
CUST-005211,35263.09,36
CUST-005213,41972.92,75
CUST-005214,52619.93,53
CUST-005215,51289.45,2
CUST-005218,34395.31,9
CUST-005219,13099.82,54
CUST-005220,202979.98,0
CUST-005221,9591.96,23
CUST-005222,45413.46,9
CUST-005225,38058.32,47
CUST-005227,102770.01,37
CUST-005230,14064.81,44
CUST-005231,69470.15,24
CUST-005232,38.44,49
CUST-005233,47233.18,40
CUST-005234,42174.02,5
CUST-005235,39864.23,38
CUST-005238,12326.8,24
CUST-005239,52026.2,8
CUST-005240,6028.09,65
CUST-005241,57110.59,31
CUST-005242,10669.77,23
CUST-005243,11139.63,6
CUST-005244,52679.14,21
CUST-005245,124996.51,55
CUST-005247,31894.17,19
CUST-005248,37165.22,75
CUST-005249,152148.43,50
CUST-005250,20568.55,31
CUST-005251,7709.08,13
CUST-005252,18334.75,0
CUST-005253,28313.58,67
CUST-005255,45050.6,0
CUST-005256,78713.54,44
CUST-005257,68153.52,0
CUST-005258,2345.02,30
CUST-005259,41524.64,0
CUST-005260,104406.74,12
CUST-005262,55099.92,61
CUST-005264,74719.99,8
CUST-005268,935.24,28
CUST-005269,67513.36,64
CUST-005270,35662.31,13
CUST-005272,4157.5,17
CUST-005273,16128.53,0
CUST-005274,37465.31,57
CUST-005275,165313.55,72
CUST-005277,43163.53,44
CUST-005278,1404.68,47
CUST-005279,61299.56,12
CUST-005280,33106.17,17
CUST-005281,29503.76,5
CUST-005282,67110.28,28
CUST-005283,201506.43,45
CUST-005284,9116.57,31
CUST-005285,37466.39,7
CUST-005286,139579.36,19
CUST-005288,40129.95,5
CUST-005289,146765.04,32
CUST-005290,488.32,27
CUST-005291,34856.13,10
CUST-005292,53531.14,35
CUST-005293,88536.09,13
CUST-005294,9714.07,30
CUST-005296,27388.3,23
CUST-005297,39248.82,15
CUST-005299,31296.49,17
CUST-005300,6527.54,46
CUST-005301,26828.03,4
CUST-005302,105219.74,9
CUST-005303,60110.01,3
CUST-005306,30486.09,19
CUST-005307,55690.3,18
CUST-005308,87286.36,53
CUST-005310,36764.78,75
CUST-005311,23247.53,29
CUST-005312,1513.87,47
CUST-005313,590.05,20
CUST-005314,46247.86,13
CUST-005315,5242.85,74
CUST-005316,163677.7,6
CUST-005317,207694.4,8
CUST-005318,90817.43,18
CUST-005319,74003.94,44
CUST-005320,74040.66,0
CUST-005321,66259.14,13
CUST-005322,92292.0,30
CUST-005323,17820.6,17
CUST-005325,54666.17,68
CUST-005328,92551.55,35
CUST-005329,97348.75,28
CUST-005331,149247.13,60
CUST-005332,97596.81,37
CUST-005333,88865.75,0
CUST-005334,15395.06,28
CUST-005335,13727.5,19
CUST-005336,162938.79,60
CUST-005337,42367.23,40
CUST-005338,22109.88,6
CUST-005339,124186.09,15
CUST-005340,189529.48,59
CUST-005341,42969.65,14
CUST-005345,10317.6,60
CUST-005347,3887.26,0
CUST-005348,62188.6,11
CUST-005350,59073.34,32
CUST-005351,3993.24,2
CUST-005352,25434.9,0
CUST-005354,80153.33,68
CUST-005356,14726.55,11
CUST-005358,8302.29,34
CUST-005359,54757.85,32
CUST-005360,9545.91,45
CUST-005362,80173.6,16
CUST-005363,7769.29,22
CUST-005364,100581.3,0
CUST-005365,4604.66,34
CUST-005366,56823.29,24
CUST-005367,14121.42,0
CUST-005369,7737.88,33
CUST-005372,6301.33,42
CUST-005373,101281.82,38
CUST-005375,10644.57,0
CUST-005376,73266.89,0
CUST-005377,67011.26,19
CUST-005379,87496.0,23
CUST-005380,89736.82,8
CUST-005381,15493.66,22
CUST-005382,9159.3,61
CUST-005384,70711.22,0
CUST-005385,97403.3,51
CUST-005386,14506.27,20
CUST-005387,66496.07,48
CUST-005388,4029.49,49
CUST-005389,10115.13,32
CUST-005390,174423.59,0
CUST-005391,73523.38,47
CUST-005392,9128.47,31
CUST-005393,118416.86,29
CUST-005394,2250.85,53
CUST-005395,9551.03,32
CUST-005398,41585.11,23
CUST-005399,1701.48,27
CUST-005400,127589.03,8
CUST-005401,19837.8,24
CUST-005402,7056.81,7
CUST-005403,14007.39,26
CUST-005404,37759.87,34
CUST-005405,106085.34,30
CUST-005406,119925.96,66
CUST-005407,61333.15,60
CUST-005409,106092.66,40
CUST-005410,4815.87,8
CUST-005411,83899.38,16
CUST-005413,28066.15,2
CUST-005414,19129.67,5
CUST-005415,133429.95,5
CUST-005416,1136.69,18
CUST-005417,10733.52,22
CUST-005418,34942.47,9
CUST-005419,4589.11,33
CUST-005420,31556.91,58
CUST-005421,0.0,35
CUST-005422,4653.68,0
CUST-005423,26106.26,62
CUST-005424,119093.32,0
CUST-005425,17450.7,5
CUST-005426,62200.68,36
CUST-005428,163796.24,48
CUST-005430,0.0,72
CUST-005431,9195.96,46
CUST-005432,71607.38,40
CUST-005433,12872.4,6
CUST-005434,19166.72,44
CUST-005435,12429.0,21
CUST-005436,61976.33,34
CUST-005437,114745.39,27
CUST-005438,3787.62,53
CUST-005440,39861.19,9
CUST-005441,73091.23,6
CUST-005442,74550.01,9
CUST-005443,74871.84,41
CUST-005444,102573.32,31
CUST-005445,62517.19,64
CUST-005446,75855.68,36
CUST-005447,7575.48,44
CUST-005448,27748.05,71
CUST-005449,179563.46,34
CUST-005450,6992.6,32
CUST-005451,16873.19,21
CUST-005452,16898.02,30
CUST-005453,57321.7,34
CUST-005454,25363.6,0
CUST-005455,28482.94,40
CUST-005457,14286.18,0
CUST-005459,55569.57,55
CUST-005461,45719.88,35
CUST-005462,111644.39,34
CUST-005463,83294.66,1
CUST-005464,120536.55,22
CUST-005465,58605.57,38
CUST-005466,118886.64,21
CUST-005468,38236.39,19
CUST-005469,57192.17,0
CUST-005470,25030.3,36
CUST-005471,15997.41,45
CUST-005472,15204.27,43
CUST-005473,1595.29,25
CUST-005474,3463.73,34
CUST-005475,28784.1,14
CUST-005476,132976.02,68
CUST-005477,30239.36,35
CUST-005478,32428.52,63
CUST-005480,144754.61,2
CUST-005481,30913.63,20
CUST-005482,63351.0,15
CUST-005483,143484.71,57
CUST-005484,2928.56,29
CUST-005485,17465.29,37
CUST-005486,40400.79,10
CUST-005487,23590.02,35
CUST-005488,3952.62,17
CUST-005490,137.59,15
CUST-005491,7262.56,24
CUST-005493,17286.91,67
CUST-005494,144487.01,18
CUST-005495,36549.14,69
CUST-005496,35159.14,0
CUST-005497,4873.13,35
CUST-005498,79773.2,30
CUST-005499,14926.62,51
CUST-005500,162833.48,48
CUST-005501,168092.9,23
CUST-005503,137068.91,43
CUST-005506,101673.91,43
CUST-005507,25662.31,44
CUST-005508,87067.5,0
CUST-005509,38136.93,14
CUST-005510,151702.41,0
CUST-005511,155153.64,28
CUST-005512,40789.01,15
CUST-005513,69611.33,7
CUST-005514,83365.21,27
CUST-005515,10152.97,20
CUST-005516,6198.03,17
CUST-005517,57353.37,2
CUST-005519,71227.17,34
CUST-005520,63538.99,78
CUST-005521,42043.53,24
CUST-005522,19973.3,22
CUST-005524,57482.49,26
CUST-005525,3761.3,16
CUST-005527,33503.26,28
CUST-005528,31217.31,32
CUST-005530,14831.18,15
CUST-005531,27395.16,17
CUST-005532,59205.6,45
CUST-005533,78534.29,56
CUST-005535,138776.3,7
CUST-005536,86287.12,19
CUST-005537,125931.12,57
CUST-005539,10465.31,57
CUST-005540,1302.11,9
CUST-005543,4460.2,25
CUST-005544,21505.15,35
CUST-005545,43163.04,43
CUST-005547,74909.39,17
CUST-005548,20406.13,11
CUST-005550,16762.87,13
CUST-005551,29579.11,44
CUST-005552,10277.24,4
CUST-005553,24406.2,0
CUST-005555,51053.79,31
CUST-005556,18397.24,0
CUST-005557,25190.05,18
CUST-005558,56752.98,31
CUST-005559,33679.24,17
CUST-005560,36809.36,22
CUST-005561,8575.5,68
CUST-005563,19276.5,7
CUST-005566,77978.97,31
CUST-005567,90237.33,30
CUST-005570,40016.46,34
CUST-005571,76636.14,7
CUST-005572,53560.68,68
CUST-005574,1139.34,27
CUST-005575,139790.87,3
CUST-005576,2982.88,32
CUST-005578,12660.31,10
CUST-005579,39665.46,7
CUST-005581,4227.75,33
CUST-005582,64688.1,25
CUST-005584,18243.5,9
CUST-005585,109479.37,18
CUST-005586,20895.74,49
CUST-005587,21395.29,55
CUST-005588,226863.81,54
CUST-005589,53169.57,5
CUST-005590,86928.85,0
CUST-005591,192482.69,27
CUST-005592,61957.7,22
CUST-005593,10508.74,25
CUST-005594,89013.91,31
CUST-005595,5830.83,0
CUST-005597,16968.85,38
CUST-005598,137721.64,60
CUST-005600,18762.36,47
CUST-005601,44165.75,39
CUST-005602,178364.37,31
CUST-005603,668.98,7
CUST-005604,38946.94,25
CUST-005606,45026.07,35
CUST-005607,52141.89,25
CUST-005608,49147.26,9
CUST-005609,7076.16,9
CUST-005610,2032.32,28
CUST-005612,83325.45,5
CUST-005613,2144.79,69
CUST-005614,148989.59,0
CUST-005615,3703.38,21
CUST-005616,75530.6,25
CUST-005617,694.97,50
CUST-005618,74861.88,33
CUST-005619,80505.44,15
CUST-005620,22108.79,32
CUST-005621,100269.87,64
CUST-005622,8336.15,0
CUST-005623,4710.74,43
CUST-005624,11916.37,8
CUST-005625,3992.06,23
CUST-005627,100756.56,43
CUST-005629,13035.84,8
CUST-005630,1297.42,2
CUST-005631,83065.07,52
CUST-005632,181353.38,30
CUST-005633,47616.75,0
CUST-005635,2671.33,5
CUST-005636,43557.84,46
CUST-005637,81217.98,6
CUST-005638,175068.24,6
CUST-005639,34134.0,23
CUST-005640,5204.71,52
CUST-005641,84878.51,17
CUST-005642,136161.4,15
CUST-005644,59345.18,4
CUST-005645,53372.74,60
CUST-005647,2561.89,4
CUST-005648,69342.86,25
CUST-005649,12641.01,0
CUST-005650,1998.1,15
CUST-005651,66191.6,18
CUST-005652,76324.62,0
CUST-005653,26075.33,31
CUST-005655,152825.08,32
CUST-005656,46444.57,0
CUST-005657,36783.8,33
CUST-005659,127561.63,58
CUST-005660,4190.07,75
CUST-005661,218963.04,85
CUST-005664,2778.01,47
CUST-005665,407.05,17
CUST-005667,26224.4,4
CUST-005668,5775.0,8
CUST-005669,22282.0,46
CUST-005670,50987.29,33
CUST-005671,6601.99,47
CUST-005672,980.05,19
CUST-005674,101092.68,0
CUST-005675,7808.46,47
CUST-005676,140993.8,17
CUST-005679,30833.5,25
CUST-005680,122612.91,6
CUST-005681,26883.21,0
CUST-005682,10544.8,0
CUST-005683,29723.42,0
CUST-005685,138677.22,17
CUST-005687,52370.97,20
CUST-005690,79805.3,60
CUST-005691,41357.36,21
CUST-005692,55708.3,13
CUST-005694,69639.33,0
CUST-005695,144947.55,20
CUST-005696,183944.46,79
CUST-005697,217258.02,19
CUST-005699,30998.89,0
CUST-005700,21076.1,3
CUST-005701,496.8,51
CUST-005702,31910.9,6
CUST-005703,221306.27,19
CUST-005704,149865.55,45
CUST-005705,47120.84,25
CUST-005706,122892.61,43
CUST-005707,5720.92,33
CUST-005709,22790.94,24
CUST-005710,5774.35,27
CUST-005711,35079.76,28
CUST-005714,63515.33,21
CUST-005715,18955.51,9
CUST-005717,142892.69,11
CUST-005718,105643.57,23
CUST-005720,128901.57,68
CUST-005721,20962.87,12
CUST-005722,152156.72,47
CUST-005723,8159.32,71
CUST-005724,66395.6,42
CUST-005725,34140.66,6
CUST-005726,12764.49,17
CUST-005728,18816.2,33
CUST-005729,44107.13,19
CUST-005731,16245.34,50
CUST-005732,38515.27,59
CUST-005733,10599.79,0
CUST-005736,64230.08,25
CUST-005737,277988.07,0
CUST-005738,17873.86,30
CUST-005739,103463.88,9
CUST-005741,36271.77,19
CUST-005742,25006.3,16
CUST-005744,99515.15,35
CUST-005745,135204.2,24
CUST-005746,45810.52,0
CUST-005751,2479.81,18
CUST-005753,82825.75,55
CUST-005754,102928.73,41
CUST-005756,19220.56,0
CUST-005757,95857.15,49
CUST-005758,33026.67,0
CUST-005759,18356.82,33
CUST-005760,4838.08,50
CUST-005761,88962.84,30
CUST-005762,9083.83,37
CUST-005765,179191.12,31
CUST-005766,137202.17,30
CUST-005768,6295.22,8
CUST-005769,21119.82,14
CUST-005770,131298.71,85
CUST-005772,4511.95,45
CUST-005773,41031.44,0
CUST-005774,40790.45,0
CUST-005775,77496.3,38
CUST-005776,114935.62,9
CUST-005777,137277.62,26
CUST-005778,17246.41,7
CUST-005779,6064.84,15
CUST-005780,18162.88,37
CUST-005781,82139.63,7
CUST-005782,80991.14,9
CUST-005783,91352.59,13
CUST-005784,8442.95,0
CUST-005785,21312.32,8
CUST-005786,96888.09,23
CUST-005787,33767.46,0
CUST-005789,17015.17,28
CUST-005790,6659.42,32
CUST-005791,25649.45,15
CUST-005792,48717.1,22
CUST-005793,65322.12,22
CUST-005794,141590.59,39
CUST-005796,109272.53,30
CUST-005797,117069.26,49
CUST-005798,238.83,50
CUST-005799,107751.18,32
CUST-005800,149825.44,0
CUST-005801,168892.37,11
CUST-005802,14637.49,34
CUST-005803,142653.19,0
CUST-005805,75533.69,15
CUST-005806,20658.97,16
CUST-005807,19123.99,44
CUST-005808,39375.56,21
CUST-005809,44019.43,39
CUST-005810,109.14,11
CUST-005811,97815.54,45
CUST-005812,13885.16,5
CUST-005813,160623.52,8
CUST-005814,1569.7,15
CUST-005815,11636.72,38
CUST-005816,165692.35,17
CUST-005817,2095.13,18
CUST-005818,68995.66,23
CUST-005819,45350.82,44
CUST-005820,80232.18,32
CUST-005821,21627.59,35
CUST-005822,1234.92,1
CUST-005825,124969.94,38
CUST-005826,13669.85,9
CUST-005827,14682.46,50
CUST-005828,75409.46,46
CUST-005829,138441.51,45
CUST-005830,61804.06,49
CUST-005831,25227.76,3
CUST-005832,109653.69,10
CUST-005833,3488.18,53
CUST-005834,7699.85,60
CUST-005835,17082.35,45
CUST-005836,32793.77,45
CUST-005838,42425.22,65
CUST-005839,12124.35,75
CUST-005840,107265.98,4
CUST-005841,50839.9,18
CUST-005843,47270.19,35
CUST-005845,178466.74,27
CUST-005846,69397.4,9
CUST-005847,12869.06,89
CUST-005849,56375.05,20
CUST-005850,102126.14,10
CUST-005851,15815.7,3
CUST-005852,105735.89,36
CUST-005853,129463.81,23
CUST-005857,35269.84,18
CUST-005859,51965.2,18
CUST-005860,19848.64,47
CUST-005861,60965.24,64
CUST-005864,14130.91,20
CUST-005867,6376.93,46
CUST-005868,75863.98,83
CUST-005869,34986.65,50
CUST-005870,73193.96,48
CUST-005871,31876.43,21
CUST-005872,11625.63,0
CUST-005874,77485.39,0
CUST-005878,3611.59,0
CUST-005879,43812.9,16
CUST-005881,3291.59,0
CUST-005883,4407.68,50
CUST-005884,39668.32,49
CUST-005885,52820.23,17
CUST-005886,139835.22,7
CUST-005887,38219.93,17
CUST-005888,151953.66,20
CUST-005889,24624.96,9
CUST-005890,78131.34,53
CUST-005891,29906.04,31
CUST-005892,95989.38,31
CUST-005893,17354.37,2
CUST-005895,184702.94,37
CUST-005896,17628.36,19
CUST-005897,26195.79,9
CUST-005898,48846.75,21
CUST-005899,56855.78,48
CUST-005900,11949.28,35
CUST-005901,78399.16,0
CUST-005902,33914.9,42
CUST-005903,105907.77,24
CUST-005904,13013.48,50
CUST-005906,7028.31,22
CUST-005907,24233.66,22
CUST-005910,35415.5,0
CUST-005911,68534.77,50
CUST-005912,142541.4,43
CUST-005913,147776.43,0
CUST-005914,73936.56,1
CUST-005915,67136.43,0
CUST-005916,78531.48,48
CUST-005917,105191.33,20
CUST-005918,14672.16,29
CUST-005919,24628.05,35
CUST-005920,100982.26,42
CUST-005923,4563.57,33
CUST-005925,158507.29,74
CUST-005927,41929.27,23
CUST-005928,24575.84,0
CUST-005929,72614.59,28
CUST-005931,30562.79,20
CUST-005933,4209.31,58
CUST-005934,85896.8,52
CUST-005935,89248.0,10
CUST-005936,26405.6,53
CUST-005938,46369.31,41
CUST-005939,20108.28,35
CUST-005940,75607.6,17
CUST-005942,139596.57,20
CUST-005943,8215.81,30
CUST-005944,120321.98,62
CUST-005945,86076.91,21
CUST-005946,57873.66,49
CUST-005948,1191.73,45
CUST-005949,6192.47,16
CUST-005950,6285.48,21
CUST-005951,87273.11,17
CUST-005952,11068.34,26
CUST-005953,36987.32,24
CUST-005954,170281.69,27
CUST-005956,9138.44,37
CUST-005957,11379.04,8
CUST-005958,24477.78,74
CUST-005959,137347.75,19
CUST-005961,10500.19,0
CUST-005962,141788.52,41
CUST-005963,7212.13,0
CUST-005964,178797.63,25
CUST-005965,17356.92,0
CUST-005966,33511.86,11
CUST-005968,149981.88,62
CUST-005969,90805.61,5
CUST-005970,29565.87,41
CUST-005971,61109.08,30
CUST-005972,74817.26,4
CUST-005973,43540.3,5
CUST-005974,29683.78,13
CUST-005975,64306.24,25
CUST-005977,103502.83,32
CUST-005979,158409.34,14
CUST-005980,2677.03,35
CUST-005981,94211.23,45
CUST-005982,6795.91,14
CUST-005983,258.23,40
CUST-005984,91065.44,16
CUST-005985,19786.22,37
CUST-005986,1433.6,60
CUST-005987,127663.87,9
CUST-005989,31693.56,9
CUST-005990,80037.14,0
CUST-005993,8622.2,79
CUST-005994,42923.99,23
CUST-005996,50347.84,26
CUST-005997,44230.99,8
CUST-005998,7385.83,0
CUST-005999,11573.74,30
CUST-006000,104023.25,18
CUST-006001,80315.33,49
CUST-006002,18720.4,17
CUST-006003,36607.15,21
CUST-006004,4188.73,24
CUST-006005,30827.51,79
CUST-006006,30944.33,40
CUST-006007,5581.98,34
CUST-006008,135210.9,46
CUST-006009,81107.36,13
CUST-006010,6083.38,24
CUST-006011,43570.94,41
CUST-006012,15109.62,12
CUST-006013,18459.01,28
CUST-006016,107219.51,24
CUST-006019,7505.09,13
CUST-006020,9200.69,7
CUST-006022,1149.95,36
CUST-006023,117763.17,18
CUST-006024,196410.9,46
CUST-006025,188004.53,9
CUST-006026,157895.07,18
CUST-006027,32834.05,48
CUST-006028,14133.48,33
CUST-006029,28783.9,43
CUST-006031,20299.89,22
CUST-006032,42736.75,6
CUST-006033,36263.43,39
CUST-006034,55558.79,45
CUST-006036,8881.94,0
CUST-006037,24430.74,3
CUST-006038,88299.51,5
CUST-006039,111942.84,25
CUST-006040,118270.9,20
CUST-006041,8509.35,31
CUST-006042,175351.85,45
CUST-006043,11248.4,39
CUST-006044,111294.58,15
CUST-006045,187154.99,7
CUST-006046,36670.91,24
CUST-006048,1204.94,8
CUST-006049,11955.24,49
CUST-006051,48660.19,31
CUST-006052,71782.04,66
CUST-006053,83105.26,0
CUST-006054,34579.7,31
CUST-006055,9063.11,0
CUST-006056,87700.69,42
CUST-006058,20520.48,18
CUST-006059,60090.64,24
CUST-006061,88419.68,0
CUST-006062,204874.22,10
CUST-006063,5544.76,48
CUST-006064,24681.64,18
CUST-006065,6156.22,0
CUST-006067,32804.22,21
CUST-006069,5850.15,44
CUST-006070,125984.73,1
CUST-006071,23678.68,42
CUST-006072,20626.33,75
CUST-006074,131964.17,39
CUST-006075,70074.3,24
CUST-006077,49552.7,49
CUST-006078,74538.23,29
CUST-006079,61759.1,0
CUST-006081,10917.38,23
CUST-006084,81111.85,43
CUST-006085,66103.24,17
CUST-006086,33329.98,7
CUST-006087,85802.35,34
CUST-006088,1141.9,1
CUST-006089,12181.63,25
CUST-006090,27287.4,0
CUST-006091,116989.11,18
CUST-006092,35900.69,48
CUST-006093,57553.51,35
CUST-006094,13017.31,50
CUST-006095,71849.42,45
CUST-006097,97187.11,43
CUST-006098,96342.12,6
CUST-006100,120895.0,15
CUST-006102,7753.43,29
CUST-006103,5514.5,14
CUST-006104,44410.96,35
CUST-006105,134131.72,59
CUST-006106,11994.12,28
CUST-006107,29242.04,3
CUST-006108,0.0,43
CUST-006110,9241.0,25
CUST-006111,24753.0,59
CUST-006113,25130.19,33
CUST-006115,87863.11,30
CUST-006116,2616.93,26
CUST-006117,6375.54,42
CUST-006118,111714.71,11
CUST-006119,134007.01,18
CUST-006121,76000.25,30
CUST-006122,4936.19,33
CUST-006123,66260.62,12
CUST-006124,89012.95,17
CUST-006125,21952.39,31
CUST-006126,1536.54,35
CUST-006127,27525.95,30
CUST-006128,40695.23,9
CUST-006131,28509.02,13
CUST-006132,12569.65,6
CUST-006135,57674.85,66
CUST-006136,27410.01,59
CUST-006137,15284.25,31
CUST-006138,21373.57,25
CUST-006139,3202.86,36
CUST-006140,174322.56,14
CUST-006141,156858.02,22
CUST-006142,14526.1,0
CUST-006143,73075.66,9
CUST-006145,23513.99,45
CUST-006146,101213.5,58
CUST-006147,10006.53,21
CUST-006148,8110.39,0
CUST-006149,18258.03,17
CUST-006150,25840.15,0
CUST-006151,159218.69,17
CUST-006152,56.02,50
CUST-006153,32326.08,0
CUST-006154,109198.63,17
CUST-006155,118696.87,34
CUST-006156,4835.26,39
CUST-006158,157969.52,33
CUST-006159,2302.92,15
CUST-006160,8005.97,3
CUST-006161,32490.53,20
CUST-006163,82945.9,23
CUST-006164,96545.95,19
CUST-006165,38771.65,21
CUST-006166,40061.9,0
CUST-006168,33486.87,47
CUST-006169,172506.51,37
CUST-006170,111963.04,36
CUST-006171,31876.88,40
CUST-006172,76379.26,43
CUST-006173,200865.69,33
CUST-006174,153425.42,19
CUST-006175,37133.73,17
CUST-006177,31358.79,5
CUST-006178,27408.21,15
CUST-006181,44985.14,23
CUST-006183,67972.66,16
CUST-006184,57934.04,0
CUST-006186,24226.11,6
CUST-006187,137238.26,22
CUST-006188,22284.6,5
CUST-006190,31448.3,6
CUST-006191,219779.1,45
CUST-006192,18306.53,45
CUST-006193,183748.73,53
CUST-006196,15974.38,19
CUST-006198,240713.23,24
CUST-006199,138418.59,2
CUST-006201,25016.56,22
CUST-006204,93.07,47
CUST-006208,136280.05,50
CUST-006209,8626.48,56
CUST-006210,7430.11,24
CUST-006211,129753.92,48
CUST-006213,119775.36,20
CUST-006214,165432.48,27
CUST-006215,42475.18,16
CUST-006217,3328.13,33
CUST-006219,25451.95,24
CUST-006220,862.41,9
CUST-006221,95134.39,0
CUST-006222,128060.25,27
CUST-006223,185622.23,7
CUST-006224,7088.91,21
CUST-006226,64426.98,45
CUST-006227,16975.06,32
CUST-006228,18970.62,25
CUST-006229,5864.87,0
CUST-006230,27420.98,17
CUST-006236,23899.0,9
CUST-006237,15647.59,36
CUST-006238,9939.73,31
CUST-006239,159398.91,0
CUST-006240,6988.34,34
CUST-006241,14798.64,17
CUST-006242,156970.7,40
CUST-006243,4962.8,2
CUST-006244,16640.33,44
CUST-006247,6758.15,55
CUST-006248,19331.82,20
CUST-006249,37277.11,5
CUST-006250,41240.03,35
CUST-006251,57059.34,40
CUST-006252,65807.83,8
CUST-006253,104126.8,25
CUST-006255,17581.31,0
CUST-006256,81561.85,30
CUST-006257,22079.47,20
CUST-006258,853.5,32
CUST-006259,41585.49,30
CUST-006260,9619.27,0
CUST-006261,85776.3,20
CUST-006262,33610.48,19
CUST-006264,6883.56,27
CUST-006265,8159.1,16
CUST-006266,9899.69,58
CUST-006270,29330.12,3
CUST-006271,10842.6,60
CUST-006272,44134.4,45
CUST-006273,119193.57,17
CUST-006274,19417.7,13
CUST-006276,45908.86,62
CUST-006277,17018.98,24
CUST-006278,22633.6,42
CUST-006279,33876.97,23
CUST-006280,143582.58,1
CUST-006281,34826.61,24
CUST-006282,10138.27,38
CUST-006284,29390.35,45
CUST-006285,49973.44,28
CUST-006286,7744.36,5
CUST-006287,10911.96,32
CUST-006288,79932.32,21
CUST-006289,3189.7,48
CUST-006290,11503.23,52
CUST-006291,52127.11,7
CUST-006292,37120.17,25
CUST-006293,11785.65,7
CUST-006295,147840.06,5
CUST-006296,52067.03,50
CUST-006297,56618.65,6
CUST-006298,56658.73,0
CUST-006299,128729.16,10
CUST-006300,89961.38,35
CUST-006301,21229.3,43
CUST-006303,1615.91,12
CUST-006304,6202.7,9
CUST-006305,1579.3,4
CUST-006306,26232.93,21
CUST-006307,12854.63,16
CUST-006308,116979.04,14
CUST-006310,52374.06,48
CUST-006311,103678.99,51
CUST-006314,7323.76,38
CUST-006316,80396.1,7
CUST-006317,121283.88,2
CUST-006318,4802.09,40
CUST-006319,7010.28,50
CUST-006320,7400.5,44
CUST-006321,99950.34,50
CUST-006322,157096.72,23
CUST-006324,145529.25,71
CUST-006325,103409.16,10
CUST-006326,5461.04,35
CUST-006327,4777.03,37
CUST-006328,163177.66,9
CUST-006329,48958.4,28
CUST-006331,174719.8,32
CUST-006332,6841.37,22
CUST-006333,74326.16,16
CUST-006334,92330.22,26
CUST-006335,21387.15,20
CUST-006336,7084.31,30
CUST-006337,3950.73,40
CUST-006338,26824.46,41
CUST-006339,91552.46,0
CUST-006340,80072.47,21
CUST-006342,17675.46,0
CUST-006343,23640.89,0
CUST-006344,55348.89,43
CUST-006345,92262.88,0
CUST-006346,34995.13,7
CUST-006347,11536.58,50
CUST-006350,28040.91,58
CUST-006352,49205.98,47
CUST-006353,19221.22,31
CUST-006354,0.0,41
CUST-006356,48794.74,25
CUST-006357,129085.83,59
CUST-006358,39268.91,0
CUST-006359,139247.29,28
CUST-006360,74013.88,48
CUST-006361,41764.94,3
CUST-006363,42458.91,6
CUST-006364,14026.97,36
CUST-006365,118963.96,0
CUST-006369,30764.39,49
CUST-006370,7025.54,38
CUST-006371,161044.15,41
CUST-006372,5156.49,42
CUST-006373,15251.56,23
CUST-006375,7349.37,20
CUST-006376,7295.95,0
CUST-006377,24029.75,27
CUST-006378,9961.61,23
CUST-006379,39396.08,36
CUST-006380,41712.3,0
CUST-006381,20431.11,37
CUST-006383,28567.77,5
CUST-006385,78383.45,62
CUST-006386,49765.29,31
CUST-006387,106634.88,34
CUST-006388,198320.71,8
CUST-006389,23241.71,31
CUST-006390,10981.75,39
CUST-006392,18250.97,36
CUST-006394,55138.85,25
CUST-006396,40108.74,0
CUST-006397,35983.19,2
CUST-006398,1247.6,0
CUST-006399,86766.61,23
CUST-006400,157010.1,10
CUST-006402,1372.07,26
CUST-006403,67410.57,5
CUST-006404,15942.2,0
CUST-006406,109917.03,35
CUST-006407,109412.05,38
CUST-006409,54365.53,64
CUST-006410,145339.76,50
CUST-006411,76490.86,6
CUST-006412,93607.21,4
CUST-006413,24976.85,35
CUST-006415,18654.45,0
CUST-006417,5204.56,32
CUST-006418,5841.44,25
CUST-006420,16497.62,0
CUST-006422,17236.67,16
CUST-006423,6232.92,36
CUST-006424,78814.52,20
CUST-006427,0.0,12
CUST-006431,19627.44,23
CUST-006436,208897.79,0
CUST-006437,77500.41,29
CUST-006438,79132.15,2
CUST-006439,88895.71,0
CUST-006440,38252.69,25
CUST-006441,106078.3,37
CUST-006442,11710.94,19
CUST-006443,24334.53,1
CUST-006444,70048.74,41
CUST-006445,53935.36,25
CUST-006446,127244.61,1
CUST-006447,92787.74,20
CUST-006448,181247.78,4
CUST-006449,40936.86,48
CUST-006450,12091.98,18
CUST-006451,36182.18,37
CUST-006452,64582.54,16
CUST-006453,168537.32,9
CUST-006454,75216.83,55
CUST-006455,14175.81,48
CUST-006456,28015.69,43
CUST-006457,157503.64,47
CUST-006458,11148.18,55
CUST-006459,58270.8,18
CUST-006460,76544.42,31
CUST-006461,109334.96,70
CUST-006462,12275.99,63
CUST-006463,62080.67,54
CUST-006465,50750.1,47
CUST-006466,125970.58,0
CUST-006467,2353.62,44
CUST-006469,77097.96,47
CUST-006470,128470.36,0
CUST-006471,9174.92,18
CUST-006472,189732.76,66
CUST-006473,6483.23,0
CUST-006474,185.26,20
CUST-006475,23636.61,47
CUST-006476,25893.69,49
CUST-006477,36347.98,0
CUST-006478,97549.3,0
CUST-006480,54398.05,40
CUST-006481,99503.29,31
CUST-006482,51475.91,47
CUST-006483,23387.91,6
CUST-006486,53995.42,42
CUST-006487,11579.05,34
CUST-006488,5339.46,28
CUST-006489,49138.62,32
CUST-006490,360.57,29
CUST-006491,59443.08,36
CUST-006493,32501.73,43
CUST-006494,149701.6,22
CUST-006495,30351.21,18
CUST-006496,36888.02,0
CUST-006498,44658.16,10
CUST-006499,48798.01,28
CUST-006500,40523.36,5
CUST-006501,52376.75,35
CUST-006502,101973.68,5
CUST-006503,8692.11,31
CUST-006504,105480.69,59
CUST-006505,92089.7,20
CUST-006506,165023.37,34
CUST-006507,48075.63,13
CUST-006508,18611.94,62
CUST-006509,7488.89,5
CUST-006510,9835.29,45
CUST-006511,32764.71,34
CUST-006512,84343.04,0
CUST-006513,10499.05,30
CUST-006514,20822.15,55
CUST-006515,23890.3,51
CUST-006517,44405.06,57
CUST-006518,3056.39,6
CUST-006519,86833.3,5
CUST-006520,91100.8,15
CUST-006521,136714.24,20
CUST-006522,2781.43,40
CUST-006524,81506.4,17
CUST-006526,191502.48,25
CUST-006528,215306.18,0
CUST-006529,24203.81,73
CUST-006531,33418.26,0
CUST-006532,32386.75,37
CUST-006533,28119.5,12
CUST-006534,29635.74,19
CUST-006535,4653.24,73
CUST-006539,34700.57,1
CUST-006540,98318.88,48
CUST-006541,13605.49,61
CUST-006544,27684.71,10
CUST-006545,73963.78,34
CUST-006546,181448.89,7
CUST-006547,74120.04,2
CUST-006548,964.68,0
CUST-006549,21368.28,9
CUST-006550,193404.6,27
CUST-006551,79149.33,27
CUST-006552,20713.54,59
CUST-006554,95619.74,11
CUST-006555,43149.4,42
CUST-006556,3285.62,19
CUST-006558,32038.01,30
CUST-006559,171298.17,0
CUST-006560,162615.28,33
CUST-006561,11711.69,4
CUST-006562,31442.2,22
CUST-006563,7070.68,42
CUST-006564,9037.59,0
CUST-006565,137548.73,12
CUST-006566,11724.07,22
CUST-006567,152345.0,41
CUST-006569,36588.84,7
CUST-006570,10501.37,20
CUST-006571,92311.5,72
CUST-006572,47757.62,0
CUST-006573,179769.83,23
CUST-006575,139152.81,10
CUST-006576,5079.07,42
CUST-006578,151118.49,16
CUST-006579,137184.0,15
CUST-006580,1308.21,31
CUST-006581,9360.66,0
CUST-006582,15612.7,15
CUST-006583,186920.82,10
CUST-006585,643.61,45
CUST-006587,16529.48,28
CUST-006588,40380.42,0
CUST-006589,21667.59,8
CUST-006590,42058.42,18
CUST-006591,2934.37,16
CUST-006592,2280.97,47
CUST-006594,62088.33,47
CUST-006595,1807.04,14
CUST-006596,10995.77,29
CUST-006597,826.75,35
CUST-006598,12883.28,51
CUST-006599,63791.87,5
CUST-006600,73189.05,23
CUST-006602,68239.52,49
CUST-006603,196450.87,0
CUST-006604,27047.95,64
CUST-006605,7538.37,41
CUST-006607,63133.21,70
CUST-006608,95380.49,26
CUST-006609,13647.29,2
CUST-006610,7123.54,48
CUST-006611,70635.28,48
CUST-006612,15328.77,39
CUST-006613,83829.5,32
CUST-006614,189616.98,33
CUST-006615,60147.69,23
CUST-006616,49070.37,39
CUST-006617,42733.67,25
CUST-006618,18491.07,0
CUST-006619,17690.43,21
CUST-006620,15527.2,20
CUST-006621,175814.04,26
CUST-006622,130556.58,24
CUST-006623,118407.03,13
CUST-006625,1309.26,59
CUST-006626,39418.4,45
CUST-006627,13814.75,1
CUST-006628,40492.69,8
CUST-006629,103817.28,33
CUST-006630,111659.64,49
CUST-006631,28827.43,0
CUST-006633,42507.58,6
CUST-006634,6572.23,18
CUST-006635,156424.26,4
CUST-006636,134.39,54
CUST-006637,10242.92,0
CUST-006638,48000.06,22
CUST-006639,405.78,48
CUST-006640,8608.51,36
CUST-006641,6253.89,56
CUST-006642,46158.54,0
CUST-006643,7033.76,59
CUST-006644,120883.06,0
CUST-006645,120856.4,35
CUST-006646,16031.51,23
CUST-006647,123399.73,22
CUST-006648,141263.68,44
CUST-006650,159726.79,16
CUST-006653,23951.61,15
CUST-006655,46048.75,50
CUST-006656,240933.37,37
CUST-006658,126560.57,25
CUST-006660,57322.78,23
CUST-006662,27346.09,9
CUST-006663,57152.56,45
CUST-006664,132248.83,9
CUST-006665,25870.78,9
CUST-006666,159623.41,2
CUST-006667,8698.16,25
CUST-006668,16298.77,26
CUST-006669,71843.07,11
CUST-006670,74662.58,34
CUST-006671,36102.95,37
CUST-006672,108764.49,11
CUST-006673,40902.8,26
CUST-006674,9720.92,24
CUST-006675,8373.95,0
CUST-006678,153503.76,30
CUST-006679,48173.99,42
CUST-006680,54646.48,0
CUST-006681,35463.09,31
CUST-006682,24371.25,20
CUST-006684,22520.86,33
CUST-006686,68258.66,8
CUST-006687,124832.69,15
CUST-006689,166604.54,50
CUST-006691,4823.89,33
CUST-006692,21475.79,26
CUST-006693,124574.97,9
CUST-006695,202993.58,33
CUST-006696,7640.76,10
CUST-006697,86604.33,31
CUST-006698,13102.12,1
CUST-006699,34504.01,25
CUST-006701,9378.0,86
CUST-006702,20026.24,23
CUST-006703,5865.0,46
CUST-006704,71349.35,5
CUST-006705,132796.98,35
CUST-006707,16543.83,26
CUST-006708,98416.53,4
CUST-006710,221538.61,30
CUST-006711,60974.9,21
CUST-006712,50651.42,45
CUST-006713,16487.54,12
CUST-006714,61790.63,38
CUST-006715,146694.24,0
CUST-006717,64232.64,49
CUST-006718,11939.09,34
CUST-006719,56726.8,13
CUST-006720,43631.26,40
CUST-006722,10576.39,8
CUST-006723,3949.87,52
CUST-006724,7713.41,19
CUST-006725,4384.56,4
CUST-006726,646.86,24
CUST-006727,80483.0,17
CUST-006728,56347.37,48
CUST-006729,4707.07,1
CUST-006730,13235.84,16
CUST-006732,2949.05,21
CUST-006733,131625.78,9
CUST-006734,82817.64,11
CUST-006735,65626.19,7
CUST-006738,14001.33,63
CUST-006739,72751.16,30
CUST-006741,124316.96,50
CUST-006742,8859.58,57
CUST-006743,176068.04,40
CUST-006744,32274.91,55
CUST-006745,242225.38,5
CUST-006746,17998.78,49
CUST-006747,9371.51,17
CUST-006750,44168.31,19
CUST-006752,36825.83,29
CUST-006754,148518.07,38
CUST-006755,177992.95,37
CUST-006756,34186.36,48
CUST-006761,22067.51,25
CUST-006762,86918.61,2
CUST-006763,177409.9,10
CUST-006764,87524.64,4
CUST-006765,11980.09,46
CUST-006766,1077.81,67
CUST-006767,38181.88,18
CUST-006768,19199.97,34
CUST-006769,53505.22,34
CUST-006771,19668.93,13
CUST-006772,41923.34,30
CUST-006773,90721.89,88
CUST-006774,28495.24,38
CUST-006775,27377.37,14
CUST-006776,6994.51,0
CUST-006777,11524.14,0
CUST-006778,51626.57,16
CUST-006780,101673.5,27
CUST-006781,29490.01,32
CUST-006782,109984.74,6
CUST-006783,1550.64,0
CUST-006784,137305.44,36
CUST-006785,66292.77,38
CUST-006786,88326.5,48
CUST-006787,2048.13,54
CUST-006788,29334.39,6
CUST-006790,78643.82,24
CUST-006791,54953.7,37
CUST-006792,777.66,35
CUST-006793,159244.47,48
CUST-006795,9723.68,73
CUST-006796,7228.13,36
CUST-006797,31731.15,34
CUST-006798,50112.77,15
CUST-006799,152064.45,33
CUST-006800,17151.55,24
CUST-006801,32774.91,37
CUST-006802,77193.13,42
CUST-006806,9696.25,11
CUST-006807,52864.74,45
CUST-006812,13154.5,17
CUST-006813,44257.25,36
CUST-006814,62142.42,24
CUST-006815,180996.61,23
CUST-006816,49713.4,18
CUST-006817,93191.84,30
CUST-006818,87324.4,20
CUST-006819,6972.62,33
CUST-006820,38666.45,32
CUST-006821,1958.13,10
CUST-006823,85501.64,59
CUST-006824,84462.62,56
CUST-006825,40563.53,16
CUST-006826,119832.98,5
CUST-006827,79304.92,10
CUST-006828,169924.01,46
CUST-006829,109565.64,33
CUST-006830,10996.47,0
CUST-006831,92939.91,61
CUST-006832,4143.72,33
CUST-006834,122835.52,32
CUST-006835,99615.86,19
CUST-006837,87934.84,0
CUST-006838,146431.18,4
CUST-006839,157728.92,34
CUST-006841,49598.1,5
CUST-006842,54973.13,5
CUST-006843,13006.28,10
CUST-006844,6118.91,0
CUST-006845,42155.21,15
CUST-006846,34205.15,46
CUST-006847,18366.44,0
CUST-006850,1307.4,63
CUST-006853,64482.99,29
CUST-006854,48418.76,0
CUST-006855,13645.84,54
CUST-006856,74625.89,35
CUST-006857,166807.09,31
CUST-006858,75658.47,32
CUST-006859,9869.75,7
CUST-006860,140783.1,0
CUST-006861,6378.18,21
CUST-006862,41374.65,3
CUST-006863,131921.02,31
CUST-006865,111085.49,46
CUST-006866,6400.21,38
CUST-006867,40223.99,0
CUST-006868,19038.73,9
CUST-006869,72143.0,23
CUST-006870,4864.62,60
CUST-006871,144487.83,17
CUST-006872,264787.05,22
CUST-006874,161123.27,30
CUST-006875,97874.96,47
CUST-006876,7572.13,38
CUST-006877,54907.1,1
CUST-006878,28579.32,1
CUST-006879,31312.63,43
CUST-006880,58320.63,21
CUST-006881,92782.86,38
CUST-006882,59932.12,17
CUST-006884,83549.1,33
CUST-006885,137438.07,15
CUST-006887,43898.17,0
CUST-006890,4824.4,26
CUST-006892,48757.88,14
CUST-006894,44940.99,0
CUST-006895,33038.18,3
CUST-006896,25816.71,20
CUST-006898,119775.02,57
CUST-006899,68209.67,46
CUST-006900,42126.15,21
CUST-006901,36184.53,8
CUST-006902,79167.18,0
CUST-006904,271796.46,15
CUST-006906,12970.48,25
CUST-006907,1148.16,28
CUST-006908,2183.3,8
CUST-006909,1079.89,0
CUST-006910,19677.86,7
CUST-006911,144064.48,36
CUST-006912,102580.42,21
CUST-006913,137445.3,8
CUST-006914,44694.48,14
CUST-006915,57047.54,47
CUST-006918,23460.95,9
CUST-006919,56873.17,9
CUST-006920,123442.71,44
CUST-006923,72679.54,10
CUST-006925,7730.43,32
CUST-006929,66276.48,0
CUST-006930,113099.14,10
CUST-006931,29954.1,32
CUST-006932,46185.25,36
CUST-006933,96735.36,32
CUST-006934,9775.42,35
CUST-006935,61602.35,9
CUST-006938,47232.32,21
CUST-006939,51155.85,19
CUST-006941,63882.6,32
CUST-006942,154999.47,59
CUST-006945,85887.47,55
CUST-006946,18139.73,31
CUST-006948,10861.28,37
CUST-006950,6509.38,1
CUST-006951,55617.63,0
CUST-006952,28496.76,34
CUST-006953,1895.7,46
CUST-006954,27545.17,33
CUST-006956,84183.02,5
CUST-006957,55263.91,6
CUST-006958,90361.11,24
CUST-006959,78323.53,40
CUST-006960,10735.34,5
CUST-006961,106368.94,0
CUST-006962,185019.07,35
CUST-006963,73646.98,14
CUST-006964,94080.47,10
CUST-006965,28319.39,24
CUST-006967,46619.95,21
CUST-006968,117282.46,24
CUST-006969,67757.23,0
CUST-006971,106032.36,83
CUST-006972,40357.06,20
CUST-006973,42614.09,39
CUST-006974,23454.96,18
CUST-006978,80107.52,28
CUST-006980,99699.93,15
CUST-006981,56506.72,48
CUST-006983,128112.28,17
CUST-006984,7609.58,5
CUST-006985,28053.07,15
CUST-006987,95784.19,19
CUST-006988,119695.39,49
CUST-006990,7101.63,36
CUST-006991,18539.44,27
CUST-006992,39823.45,19
CUST-006993,25274.43,9
CUST-006994,107305.36,45
CUST-006997,55247.49,13
CUST-006998,198713.89,0
CUST-006999,2939.35,15
CUST-007000,57853.26,23
CUST-007001,18945.26,36
CUST-007002,36990.44,1
CUST-007003,29150.08,38
CUST-007005,104026.04,18
CUST-007006,22695.44,23
CUST-007007,39205.27,45
CUST-007008,38709.19,32
CUST-007009,203964.3,10
CUST-007010,55766.96,24
CUST-007011,68116.28,0
CUST-007012,6457.8,37
CUST-007013,4463.6,6
CUST-007014,89338.31,33
CUST-007015,11288.69,10
CUST-007016,155097.93,14
CUST-007017,139476.48,55
CUST-007018,34556.47,29
CUST-007019,14427.94,28
CUST-007020,7737.22,13
CUST-007021,68851.29,33
CUST-007022,199529.07,38
CUST-007023,86419.22,33
CUST-007024,104408.36,13
CUST-007026,6848.34,50
CUST-007027,102261.39,38
CUST-007029,22710.54,35
CUST-007031,21567.29,19
CUST-007032,77733.92,7
CUST-007033,19130.33,8
CUST-007035,2840.61,7
CUST-007036,162397.58,32
CUST-007037,35928.83,74
CUST-007038,147202.58,21
CUST-007039,49745.35,0
CUST-007040,157323.99,24
CUST-007042,54099.89,30
CUST-007043,56053.55,16
CUST-007044,126456.58,2
CUST-007045,77823.81,31
CUST-007046,7990.19,8
CUST-007047,0.0,62
CUST-007048,184572.15,41
CUST-007049,55969.47,47
CUST-007050,23885.36,8
CUST-007051,4630.71,13
CUST-007052,39450.23,0
CUST-007053,7936.2,24
CUST-007054,36737.8,26
CUST-007055,89513.31,38
CUST-007057,14986.08,31
CUST-007058,52440.78,10
CUST-007059,114578.16,23
CUST-007060,35704.07,0
CUST-007061,52425.82,28
CUST-007062,7003.17,25
CUST-007066,43089.48,44
CUST-007067,117825.45,46
CUST-007068,109356.25,38
CUST-007069,5931.96,0
CUST-007070,83328.76,31
CUST-007072,28673.58,33
CUST-007073,1493.5,6
CUST-007074,95842.15,44
CUST-007075,39744.93,12
CUST-007076,92978.22,20
CUST-007077,127514.86,32
CUST-007078,50430.9,7
CUST-007079,154847.85,33
CUST-007080,58879.79,25
CUST-007081,80497.4,26
CUST-007082,54633.05,57
CUST-007083,55456.84,22
CUST-007084,11813.51,60
CUST-007085,10257.01,49
CUST-007086,13557.53,6
CUST-007087,7955.43,0
CUST-007088,59139.92,19
CUST-007089,35440.2,0
CUST-007090,164523.83,42
CUST-007091,111756.35,0
CUST-007092,21902.97,62
CUST-007093,100265.1,2
CUST-007094,34677.76,7
CUST-007096,224534.23,0
CUST-007098,99289.35,0
CUST-007099,65254.09,39
CUST-007100,125138.69,46
CUST-007102,68867.22,78
CUST-007103,83173.9,17
CUST-007104,4578.43,62
CUST-007105,154442.45,0
CUST-007106,15848.48,0
CUST-007107,1281.88,26
CUST-007108,40798.05,44
CUST-007109,25110.81,0
CUST-007110,52084.79,1
CUST-007111,47999.83,42
CUST-007112,37334.78,18
CUST-007114,22085.1,40
CUST-007115,38849.52,21
CUST-007116,46983.17,20
CUST-007117,165868.86,8
CUST-007119,7043.69,15
CUST-007120,34266.72,54
CUST-007121,2618.7,0
CUST-007122,34031.52,34
CUST-007124,39178.55,47
CUST-007125,162774.53,32
CUST-007126,197167.4,22
CUST-007128,113436.81,29
CUST-007130,35318.88,43
CUST-007131,81050.54,0
CUST-007132,4467.24,75
CUST-007136,22981.9,14
CUST-007137,13758.61,0
CUST-007138,3315.22,20
CUST-007139,74206.75,0
CUST-007140,161816.36,0
CUST-007141,146198.44,46
CUST-007142,7609.17,33
CUST-007146,56931.41,0
CUST-007147,12173.0,41
CUST-007148,15417.8,14
CUST-007149,78444.38,22
CUST-007151,24332.14,40
CUST-007152,67324.65,0
CUST-007153,50872.26,41
CUST-007154,15204.17,0
CUST-007155,20106.14,24
CUST-007157,46822.71,11
CUST-007158,76040.03,16
CUST-007159,40429.42,0
CUST-007160,6978.75,19
CUST-007161,80884.26,32
CUST-007163,80606.2,39
CUST-007164,49303.78,18
CUST-007165,16248.05,21
CUST-007166,136371.57,33
CUST-007167,73709.81,21
CUST-007168,75250.75,24
CUST-007170,44850.92,28
CUST-007171,90964.9,33
CUST-007172,72884.4,48
CUST-007173,10002.7,34
CUST-007175,37724.19,50
CUST-007177,35846.31,42
CUST-007178,177738.58,41
CUST-007179,55186.14,30
CUST-007180,62529.05,42
CUST-007182,106649.07,34
CUST-007184,16477.1,5
CUST-007186,39229.86,38
CUST-007187,0.0,21
CUST-007188,97692.97,44
CUST-007189,136399.59,17
CUST-007190,0.0,40
CUST-007191,86627.86,32
CUST-007192,122778.67,7
CUST-007193,51263.72,4
CUST-007195,6219.74,59
CUST-007196,165005.72,32
CUST-007197,65004.82,20
CUST-007198,49847.77,20
CUST-007199,100262.63,55
CUST-007200,48551.98,12
CUST-007203,194743.26,63
CUST-007204,153643.36,59
CUST-007205,18117.1,31
CUST-007207,15258.28,41
CUST-007208,31484.9,58
CUST-007209,20639.4,64
CUST-007211,91423.83,52
CUST-007212,107665.0,53
CUST-007214,158148.46,21
CUST-007215,32090.58,32
CUST-007216,25297.46,26
CUST-007217,4165.73,67
CUST-007219,27916.53,35
CUST-007220,109802.59,33
CUST-007222,105123.34,23
CUST-007223,41968.72,34
CUST-007224,168398.21,42
CUST-007225,114166.69,17
CUST-007227,26112.81,22
CUST-007228,11744.55,9
CUST-007229,29414.19,57
CUST-007231,20901.33,34
CUST-007232,60360.3,0
CUST-007233,36547.99,12
CUST-007234,6644.07,3
CUST-007236,25305.88,12
CUST-007237,117117.44,37
CUST-007240,51269.98,63
CUST-007241,19435.66,33
CUST-007242,73060.31,12
CUST-007243,25806.2,47
CUST-007244,5515.49,10
CUST-007245,32946.98,0
CUST-007246,79525.08,0
CUST-007247,11249.27,34
CUST-007249,120757.84,53
CUST-007250,29479.64,0
CUST-007251,36957.16,46
CUST-007253,28451.94,33
CUST-007254,63513.91,23
CUST-007255,6822.08,21
CUST-007256,10840.05,0
CUST-007257,38452.73,40
CUST-007258,93636.5,52
CUST-007260,54014.29,46
CUST-007261,38810.16,0
CUST-007262,14943.87,10
CUST-007264,107119.13,0
CUST-007266,50716.45,0
CUST-007270,61910.52,21
CUST-007272,100539.7,36
CUST-007274,58159.64,56
CUST-007275,32617.64,55
CUST-007276,33851.37,18
CUST-007277,6096.88,12
CUST-007279,20546.56,13
CUST-007280,3390.12,0
CUST-007281,86084.07,50
CUST-007282,10165.33,43
CUST-007283,40049.85,10
CUST-007284,109121.4,15
CUST-007286,33946.61,49
CUST-007287,147571.59,0
CUST-007288,96997.44,28
CUST-007289,23617.64,70
CUST-007291,47151.92,18
CUST-007292,112121.64,24
CUST-007293,13592.39,35
CUST-007294,81367.65,56
CUST-007296,1921.06,33
CUST-007297,12200.24,0
CUST-007298,108747.86,0
CUST-007300,15957.71,0
CUST-007301,112069.54,18
CUST-007302,15488.85,17
CUST-007303,15380.44,87
CUST-007304,53722.68,35
CUST-007305,48239.61,10
CUST-007308,90795.26,6
CUST-007310,138603.5,0
CUST-007311,4388.75,29
CUST-007312,26059.69,70
CUST-007313,21178.81,48
CUST-007314,45236.22,8
CUST-007315,2645.89,1
CUST-007316,17305.81,33
CUST-007317,33390.78,47
CUST-007318,119612.04,37
CUST-007319,9801.24,0
CUST-007320,105560.23,17
CUST-007321,10642.29,12
CUST-007323,12993.48,30
CUST-007324,18648.67,2
CUST-007326,169353.1,21
CUST-007327,14135.87,30
CUST-007329,5016.02,52
CUST-007330,67274.3,18
CUST-007332,184593.91,14
CUST-007333,79367.78,26
CUST-007334,34627.27,49
CUST-007335,32765.56,1
CUST-007336,13203.2,26
CUST-007337,20096.76,21
CUST-007339,40081.17,23
CUST-007342,99643.88,21
CUST-007344,75396.27,23
CUST-007345,47615.85,35
CUST-007346,13068.79,0
CUST-007347,21911.14,49
CUST-007348,42689.96,34
CUST-007349,74169.72,0
CUST-007350,1412.23,70
CUST-007351,10408.39,56
CUST-007352,151.76,44
CUST-007353,133130.12,17
CUST-007354,548.27,10
CUST-007355,43860.21,59
CUST-007356,147289.58,55
CUST-007358,164683.09,0
CUST-007359,111165.31,73
CUST-007362,16160.88,37
CUST-007363,39190.8,14
CUST-007364,38794.73,25
CUST-007367,17169.18,41
CUST-007368,19224.29,15
CUST-007369,3042.14,10
CUST-007370,208110.58,19
CUST-007371,58483.29,20
CUST-007372,93083.35,41
CUST-007373,17213.58,46
CUST-007374,80271.4,50
CUST-007376,148569.59,19
CUST-007377,130560.55,18
CUST-007378,27685.76,25
CUST-007379,8661.09,43
CUST-007381,1537.5,10
CUST-007382,99325.71,6
CUST-007383,4555.96,15
CUST-007384,23097.02,26
CUST-007385,14286.61,11
CUST-007387,65138.98,17
CUST-007388,25358.44,9
CUST-007389,41440.27,10
CUST-007390,83763.7,22
CUST-007392,21898.59,42
CUST-007393,8505.19,5
CUST-007394,125756.45,8
CUST-007395,3249.95,6
CUST-007396,17651.1,45
CUST-007397,120123.19,24
CUST-007399,17307.2,2
CUST-007400,745.55,44
CUST-007401,62556.65,44
CUST-007404,29149.55,22
CUST-007405,52026.65,23
CUST-007406,141027.35,45
CUST-007408,106953.16,19
CUST-007409,2049.79,9
CUST-007410,20348.64,20
CUST-007411,19081.93,10
CUST-007413,6711.94,17
CUST-007414,66848.14,13
CUST-007416,47021.65,16
CUST-007417,13426.99,19
CUST-007418,154917.13,40
CUST-007419,4360.57,25
CUST-007420,118035.64,3
CUST-007421,191.91,88
CUST-007422,42006.64,48
CUST-007423,50181.64,45
CUST-007424,34108.36,11
CUST-007425,91402.59,44
CUST-007426,25095.43,0
CUST-007427,182096.2,35
CUST-007429,66133.24,3
CUST-007430,27983.89,35
CUST-007431,38837.86,24
CUST-007433,56304.34,28
CUST-007434,79246.43,39
CUST-007435,10732.17,20
CUST-007436,15129.16,38
CUST-007437,56053.7,38
CUST-007438,105967.47,20
CUST-007439,99471.92,35
CUST-007441,39872.17,10
CUST-007444,33114.19,13
CUST-007445,177298.73,2
CUST-007446,42418.12,37
CUST-007447,0.0,37
CUST-007448,80282.42,14
CUST-007449,51603.1,0
CUST-007451,146974.62,0
CUST-007453,88330.08,7
CUST-007454,12796.7,57
CUST-007455,13402.41,30
CUST-007456,13830.48,31
CUST-007458,187979.03,4
CUST-007459,98301.95,35
CUST-007460,0.0,55
CUST-007462,131669.02,29
CUST-007464,72919.07,6
CUST-007465,31940.69,11
CUST-007466,194921.59,61
CUST-007467,52417.03,16
CUST-007468,11811.24,10
CUST-007470,21396.88,0
CUST-007471,267.15,18
CUST-007472,6432.06,27
CUST-007473,16556.56,7
CUST-007474,36013.77,19
CUST-007476,69944.84,31
CUST-007477,9752.0,21
CUST-007478,59263.02,32
CUST-007481,73895.17,32
CUST-007483,58288.44,0
CUST-007484,41101.75,69
CUST-007485,141122.64,83
CUST-007486,88110.49,13
CUST-007487,96631.19,0
CUST-007488,44866.06,17
CUST-007489,128115.15,27
CUST-007490,146556.75,3
CUST-007491,5175.36,3
CUST-007492,44398.3,30
CUST-007493,7909.72,1
CUST-007494,10206.26,21
CUST-007495,43672.35,41
CUST-007496,42197.86,66
CUST-007499,23337.48,25
CUST-007501,51847.87,44
CUST-007502,101788.85,3
CUST-007503,22788.77,22
CUST-007505,25766.38,38
CUST-007506,26428.06,29
CUST-007507,27264.43,21
CUST-007508,111185.04,36
CUST-007509,49192.44,10
CUST-007510,17500.18,11
CUST-007511,39970.99,10
CUST-007513,14148.13,7
CUST-007514,40632.81,31
CUST-007518,16721.51,32
CUST-007519,105397.31,35
CUST-007521,9809.44,61
CUST-007522,94842.28,34
CUST-007523,1927.63,34
CUST-007524,182652.04,0
CUST-007527,129458.73,11
CUST-007528,1584.36,35
CUST-007529,19114.92,43
CUST-007530,59180.21,15
CUST-007532,10983.19,47
CUST-007533,7914.26,14
CUST-007534,122681.12,23
CUST-007535,143934.53,37
CUST-007536,4976.67,18
CUST-007537,119985.01,45
CUST-007538,21688.65,72
CUST-007540,46889.13,0
CUST-007542,22608.72,72
CUST-007543,178750.78,55
CUST-007544,19763.58,59
CUST-007546,18078.55,30
CUST-007547,4744.82,62
CUST-007548,101208.91,7
CUST-007549,58850.2,3
CUST-007550,35604.24,36
CUST-007551,62201.64,27
CUST-007552,46207.47,18
CUST-007553,102285.9,18
CUST-007554,191157.94,28
CUST-007555,98036.56,71
CUST-007556,44098.97,30
CUST-007557,64805.16,0
CUST-007559,136438.4,64
CUST-007560,7503.36,64
CUST-007562,131898.8,30
CUST-007563,45997.16,69
CUST-007565,58112.97,30
CUST-007567,19166.32,34
CUST-007568,192509.16,17
CUST-007570,151798.07,35
CUST-007571,128409.21,64
CUST-007572,13131.46,0
CUST-007573,10350.22,24
CUST-007574,19045.94,10
CUST-007575,55698.01,37
CUST-007576,58907.95,45
CUST-007578,71927.53,8
CUST-007579,98949.98,38
CUST-007580,85074.94,36
CUST-007581,166234.37,17
CUST-007582,85668.31,75
CUST-007583,10180.82,72
CUST-007584,157950.46,34
CUST-007586,19587.96,0
CUST-007588,32654.26,0
CUST-007589,4891.31,5
CUST-007590,10754.33,23
CUST-007591,49690.4,22
CUST-007592,61412.08,0
CUST-007594,14583.23,50
CUST-007595,27432.31,49
CUST-007596,3495.75,32
CUST-007598,144565.91,0
CUST-007600,176177.51,31
CUST-007601,32126.14,14
CUST-007602,23634.16,16
CUST-007603,62328.54,6
CUST-007604,5713.22,14
CUST-007605,45181.14,34
CUST-007606,161661.57,23
CUST-007607,129980.37,26
CUST-007608,57655.78,8
CUST-007609,129843.92,50
CUST-007610,139862.38,36
CUST-007611,31318.02,19
CUST-007612,196536.99,0
CUST-007613,37366.09,49
CUST-007615,26355.34,49
CUST-007618,87285.83,22
CUST-007619,6183.47,48
CUST-007620,36207.7,34
CUST-007621,102687.35,0
CUST-007622,53590.17,54
CUST-007623,120000.05,49
CUST-007624,41738.22,34
CUST-007627,141815.65,48
CUST-007628,189786.61,33
CUST-007629,23009.43,7
CUST-007630,89687.52,42
CUST-007631,106910.52,42
CUST-007632,149641.39,47
CUST-007633,44077.47,0
CUST-007634,65566.83,0
CUST-007635,144830.98,34
CUST-007637,15478.55,27
CUST-007638,39799.84,35
CUST-007640,42095.33,50
CUST-007641,74319.49,23
CUST-007642,104279.38,40
CUST-007643,4695.92,0
CUST-007644,0.0,30
CUST-007645,3684.53,40
CUST-007646,3905.15,8
CUST-007648,59436.94,26
CUST-007649,6383.45,26
CUST-007650,24383.16,3
CUST-007652,115505.04,15
CUST-007654,55663.39,42
CUST-007655,19379.97,21
CUST-007656,72621.87,52
CUST-007657,48125.03,19
CUST-007658,4074.28,0
CUST-007659,64242.82,33
CUST-007660,4877.81,0
CUST-007661,29385.94,1
CUST-007662,12366.59,37
CUST-007663,44415.94,49
CUST-007664,87000.06,33
CUST-007665,12415.47,30
CUST-007666,96831.88,43
CUST-007667,64383.55,0
CUST-007669,56257.18,34
CUST-007670,2363.44,33
CUST-007671,35993.02,41
CUST-007672,15308.41,64
CUST-007675,16502.51,27
CUST-007676,43010.39,25
CUST-007677,7501.79,61
CUST-007682,3648.12,35
CUST-007684,117100.69,36
CUST-007685,140366.67,30
CUST-007686,7549.62,16
CUST-007689,104576.67,33
CUST-007690,94514.72,23
CUST-007691,52865.37,30
CUST-007692,6118.25,16
CUST-007693,148426.96,45
CUST-007694,44173.6,13
CUST-007695,32347.92,21
CUST-007696,4283.49,71
CUST-007697,15549.31,24
CUST-007698,31288.31,17
CUST-007699,74428.17,32
CUST-007700,98567.42,61
CUST-007701,6833.43,15
CUST-007702,4715.81,61
CUST-007703,23295.15,33
CUST-007704,247064.56,10
CUST-007705,168290.81,11
CUST-007707,21928.92,18
CUST-007708,140455.96,46
CUST-007710,64637.35,22
CUST-007711,66001.32,0
CUST-007712,122.06,26
CUST-007713,20700.53,49
CUST-007714,43590.37,49
CUST-007715,44670.14,32
CUST-007716,51624.38,42
CUST-007717,26612.75,23
CUST-007718,19865.08,10
CUST-007720,192232.65,14
CUST-007721,48637.54,71
CUST-007722,105702.79,19
CUST-007723,612.23,23
CUST-007724,38323.0,0
CUST-007725,5330.11,15
CUST-007727,19148.48,0
CUST-007728,48875.9,31
CUST-007729,10054.86,30
CUST-007730,33645.22,32
CUST-007731,7406.87,65
CUST-007732,108643.06,32
CUST-007733,96667.31,37
CUST-007734,1564.36,0
CUST-007735,26566.57,25
CUST-007736,46454.78,24
CUST-007737,5073.26,23
CUST-007738,18826.46,49
CUST-007740,93554.94,52
CUST-007741,162245.54,20
CUST-007742,64911.16,20
CUST-007743,17563.23,19
CUST-007745,1284.42,20
CUST-007747,51330.25,24
CUST-007748,10334.31,0
CUST-007749,389.29,50
CUST-007750,98410.64,2
CUST-007751,8499.84,24
CUST-007752,47978.81,39
CUST-007753,56909.46,72
CUST-007755,35028.58,25
CUST-007756,38143.23,16
CUST-007757,416.96,49
CUST-007758,17495.45,0
CUST-007759,11620.79,19
CUST-007760,114130.09,0
CUST-007761,65186.58,34
CUST-007762,23108.59,0
CUST-007764,81214.23,18
CUST-007765,6013.88,0
CUST-007766,122527.59,0
CUST-007767,162712.05,21
CUST-007768,74893.42,22
CUST-007769,68719.23,12
CUST-007770,37204.9,15
CUST-007771,76890.01,0
CUST-007772,55755.64,47
CUST-007774,127216.87,18
CUST-007775,37586.13,51
CUST-007776,59362.46,0
CUST-007778,32996.12,16
CUST-007779,3709.99,60
CUST-007783,29015.01,21
CUST-007784,56599.04,56
CUST-007785,53713.43,5
CUST-007788,43049.33,0
CUST-007789,2605.05,41
CUST-007791,8614.05,88
CUST-007792,9932.14,30
CUST-007793,35401.5,0
CUST-007794,69617.68,0
CUST-007795,23487.03,67
CUST-007796,1789.47,56
CUST-007797,8053.81,7
CUST-007798,17533.79,50
CUST-007799,91889.01,33
CUST-007800,19421.27,25
CUST-007803,2243.13,24
CUST-007804,100670.33,20
CUST-007805,51387.18,33
CUST-007806,14340.59,13
CUST-007807,137975.13,0
CUST-007808,22089.93,29
CUST-007809,3870.71,20
CUST-007810,39191.67,31
CUST-007811,24658.48,0
CUST-007813,106860.08,0
CUST-007814,10707.11,21
CUST-007815,185220.57,23
CUST-007817,61188.36,49
CUST-007819,18965.79,64
CUST-007820,22960.87,5
CUST-007821,128076.13,0
CUST-007824,14438.99,25
CUST-007825,48194.12,0
CUST-007826,6966.25,58
CUST-007827,69753.52,30
CUST-007828,38763.84,6
CUST-007829,73418.08,20
CUST-007830,30162.44,9
CUST-007831,11666.06,32
CUST-007833,29236.73,22
CUST-007834,116178.93,54
CUST-007835,110460.03,3
CUST-007836,60527.53,42
CUST-007838,2800.76,25
CUST-007839,1053.46,25
CUST-007840,2884.52,54
CUST-007841,91195.63,61
CUST-007843,45994.26,41
CUST-007844,103420.82,24
CUST-007846,14061.28,4
CUST-007847,51555.47,20
CUST-007848,13951.51,72
CUST-007849,34049.57,12
CUST-007850,5269.34,27
CUST-007851,48601.31,31
CUST-007852,253895.92,24
CUST-007854,32196.03,9
CUST-007855,226076.22,35
CUST-007856,6556.03,57
CUST-007857,110362.49,55
CUST-007858,17130.21,39
CUST-007859,134025.58,0
CUST-007860,35838.2,9
CUST-007861,113274.08,18
CUST-007863,75854.25,65
CUST-007864,40753.9,38
CUST-007865,63682.02,65
CUST-007866,87303.58,40
CUST-007867,22904.16,34
CUST-007868,161279.76,27
CUST-007869,141794.98,30
CUST-007870,9594.49,0
CUST-007872,10892.01,31
CUST-007873,113212.91,8
CUST-007874,4441.31,22
CUST-007875,168607.9,62
CUST-007876,40730.3,10
CUST-007877,15850.62,0
CUST-007878,3689.66,5
CUST-007879,148628.55,45
CUST-007881,82509.06,31
CUST-007883,612.29,75
CUST-007884,7185.7,5
CUST-007885,17694.33,10
CUST-007886,2942.46,39
CUST-007888,91120.67,53
CUST-007889,19280.04,18
CUST-007890,34683.53,0
CUST-007895,61156.99,40
CUST-007897,25257.0,17
CUST-007898,18879.33,22
CUST-007899,64991.42,29
CUST-007900,72973.9,29
CUST-007901,12251.87,7
CUST-007902,44218.4,11
CUST-007903,72090.97,16
CUST-007904,24481.1,8
CUST-007905,33676.42,10
CUST-007907,190030.78,0
CUST-007908,119733.28,49
CUST-007909,33933.99,25
CUST-007910,22086.47,24
CUST-007911,2617.46,75
CUST-007913,140150.15,24
CUST-007914,57404.9,42
CUST-007915,50058.66,18
CUST-007918,30629.47,74
CUST-007920,22171.85,21
CUST-007922,2182.34,33
CUST-007923,15775.55,5
CUST-007924,64687.53,43
CUST-007925,38056.45,6
CUST-007926,54380.14,5
CUST-007927,106779.85,22
CUST-007928,52319.92,59
CUST-007929,27862.9,15
CUST-007930,39035.94,10
CUST-007931,125252.91,0
CUST-007932,8333.1,36
CUST-007934,24065.16,34
CUST-007935,8715.85,10
CUST-007936,154908.66,20
CUST-007938,33040.61,18
CUST-007939,40793.71,28
CUST-007940,28173.78,37
CUST-007941,20066.96,34
CUST-007942,26313.12,29
CUST-007943,190267.31,52
CUST-007944,29901.8,14
CUST-007945,117948.9,43
CUST-007946,157758.82,7
CUST-007947,8732.54,50
CUST-007949,5852.52,23
CUST-007952,64652.76,57
CUST-007953,1729.01,0
CUST-007954,42000.63,34
CUST-007955,15810.53,22
CUST-007958,444.93,55
CUST-007959,2152.12,48
CUST-007960,69372.49,16
CUST-007961,47371.1,38
CUST-007962,68606.21,16
CUST-007963,24824.16,11
CUST-007964,27079.58,41
CUST-007966,93888.71,28
CUST-007967,20224.22,16
CUST-007968,2972.39,65
CUST-007969,95479.73,27
CUST-007970,10991.95,48
CUST-007971,24636.54,73
CUST-007972,6652.77,47
CUST-007973,23780.81,43
CUST-007974,100678.69,53
CUST-007976,121134.2,37
CUST-007978,24333.07,11
CUST-007979,55870.85,0
CUST-007980,150562.1,32
CUST-007981,2145.78,1
CUST-007982,21950.32,4
CUST-007984,11851.11,27
CUST-007986,0.0,91
CUST-007987,14904.7,4
CUST-007988,28132.41,16
CUST-007989,9911.48,53
CUST-007990,1545.66,23
CUST-007992,97713.56,38
CUST-007993,53454.39,18
CUST-007994,6382.16,28
CUST-007995,106563.01,19
CUST-007996,14196.45,30
CUST-007997,12723.7,9
CUST-007998,124266.7,30
CUST-007999,66905.57,48
CUST-008000,100891.63,9
CUST-008001,62266.36,28
CUST-008002,148231.89,83
CUST-008003,79486.96,18
CUST-008004,156246.2,69
CUST-008005,54112.81,20
CUST-008006,21288.9,30
CUST-008008,10674.31,0
CUST-008009,16551.19,35
CUST-008010,4912.94,5
CUST-008011,4777.83,21
CUST-008012,41385.12,26
CUST-008013,5160.76,33
CUST-008014,22198.25,9
CUST-008015,3165.11,16
CUST-008016,34503.65,9
CUST-008017,117320.34,64
CUST-008018,8521.32,32
CUST-008019,3661.74,4
CUST-008020,269.5,76
CUST-008022,19357.27,34
CUST-008023,3350.88,41
CUST-008025,46138.88,22
CUST-008026,89860.88,20
CUST-008027,8444.09,0
CUST-008028,1794.76,38
CUST-008029,98570.92,32
CUST-008030,92262.1,32
CUST-008031,26014.77,41
CUST-008032,2135.22,85
CUST-008033,139639.8,8
CUST-008034,92199.21,3
CUST-008037,22015.6,45
CUST-008039,67093.24,56
CUST-008040,3947.7,56
CUST-008042,61945.96,61
CUST-008044,107326.56,2
CUST-008045,169390.11,46
CUST-008047,1864.72,0
CUST-008048,5715.44,2
CUST-008049,2840.97,15
CUST-008050,51482.13,26
CUST-008051,151048.37,22
CUST-008052,35626.99,34
CUST-008053,92733.46,32
CUST-008055,3590.28,49
CUST-008056,2232.52,23
CUST-008057,72896.21,35
CUST-008059,923.28,11
CUST-008061,69855.52,9
CUST-008062,124450.91,34
CUST-008063,67552.94,0
CUST-008064,43566.34,23
CUST-008065,52272.41,17
CUST-008066,64093.19,57
CUST-008067,107434.97,20
CUST-008068,20927.34,5
CUST-008069,13580.3,34
CUST-008070,89914.86,34
CUST-008071,61225.1,31
CUST-008072,101212.63,33
CUST-008073,34771.22,31
CUST-008074,79757.83,17
CUST-008075,88120.83,45
CUST-008076,45632.85,16
CUST-008077,11062.39,9
CUST-008078,100696.72,0
CUST-008079,98777.24,15
CUST-008080,41972.37,50
CUST-008081,108898.47,19
CUST-008082,37975.94,53
CUST-008083,48466.44,0
CUST-008084,91378.28,32
CUST-008085,60457.58,30
CUST-008087,132883.31,33
CUST-008088,13325.93,21
CUST-008090,73133.21,49
CUST-008091,41993.7,15
CUST-008092,19824.29,2
CUST-008093,54062.41,22
CUST-008094,159525.21,46
CUST-008095,3013.75,29
CUST-008096,100051.38,5
CUST-008097,41279.5,34
CUST-008098,101083.34,8
CUST-008099,28262.37,45
CUST-008100,22410.69,16
CUST-008101,14478.84,22
CUST-008102,31088.22,37
CUST-008103,18826.14,19
CUST-008104,155263.04,18
CUST-008105,58423.17,20
CUST-008106,18669.93,28
CUST-008107,45470.59,34
CUST-008108,4973.92,15
CUST-008109,56633.3,35
CUST-008110,129524.65,30
CUST-008111,64878.11,25
CUST-008112,54771.41,20
CUST-008113,4068.58,34
CUST-008115,62965.84,0
CUST-008116,97733.52,6
CUST-008117,40436.94,32
CUST-008118,142615.89,30
CUST-008119,10246.84,36
CUST-008120,204626.53,48
CUST-008121,24666.63,24
CUST-008122,6658.55,67
CUST-008123,44735.91,17
CUST-008124,98335.78,0
CUST-008125,15933.05,38
CUST-008126,45715.08,20
CUST-008127,94847.45,6
CUST-008128,148092.51,23
CUST-008129,125566.78,17
CUST-008130,148976.55,38
CUST-008131,81864.59,27
CUST-008132,61460.51,22
CUST-008134,124583.77,23
CUST-008135,64164.36,30
CUST-008136,75517.16,13
CUST-008137,14212.9,15
CUST-008138,2260.69,11
CUST-008139,22656.94,59
CUST-008140,644.99,24
CUST-008142,46789.01,21
CUST-008143,17066.21,0
CUST-008144,4640.26,62
CUST-008145,219696.28,25
CUST-008147,135279.21,5
CUST-008148,9647.85,8
CUST-008149,167893.82,10
CUST-008150,42562.04,75
CUST-008151,112533.49,2
CUST-008152,33990.51,18
CUST-008153,56342.29,29
CUST-008155,23390.74,15
CUST-008156,5306.39,9
CUST-008157,11870.91,63
CUST-008158,27316.57,27
CUST-008159,107190.4,31
CUST-008160,107080.84,8
CUST-008161,19252.92,0
CUST-008163,100180.52,6
CUST-008164,19941.99,3
CUST-008165,78017.8,24
CUST-008166,10644.93,53
CUST-008167,10134.94,47
CUST-008168,47518.17,0
CUST-008169,96664.28,9
CUST-008170,38116.5,0
CUST-008171,157481.57,44
CUST-008173,23766.56,1
CUST-008174,71737.22,17
CUST-008175,5304.36,29
CUST-008176,9320.83,0
CUST-008177,87556.83,0
CUST-008178,30667.14,0
CUST-008180,155729.07,76
CUST-008182,119334.67,11
CUST-008183,203000.16,50
CUST-008184,8077.75,17
CUST-008185,15446.25,37
CUST-008186,91090.44,11
CUST-008187,72852.76,35
CUST-008188,30272.59,7
CUST-008190,84441.74,57
CUST-008191,2124.17,21
CUST-008193,84393.9,54
CUST-008196,53026.02,0
CUST-008197,25196.36,17
CUST-008198,124820.16,44
CUST-008199,1770.66,28
CUST-008200,5985.55,32
CUST-008202,72430.67,16
CUST-008203,9904.83,57
CUST-008204,55219.42,0
CUST-008205,79980.05,0
CUST-008206,67729.69,24
CUST-008208,45524.59,20
CUST-008209,25742.24,72
CUST-008210,95175.57,28
CUST-008211,17578.83,27
CUST-008212,154153.34,41
CUST-008213,41872.34,71
CUST-008214,26278.33,16
CUST-008215,21456.35,44
CUST-008216,144125.38,37
CUST-008217,83562.26,10
CUST-008218,37403.91,39
CUST-008219,52777.25,22
CUST-008220,76338.27,0
CUST-008222,1365.66,19
CUST-008223,37488.71,63
CUST-008224,29943.04,26
CUST-008227,144069.75,30
CUST-008228,9863.29,8
CUST-008229,2469.71,55
CUST-008230,132899.89,10
CUST-008232,114103.46,66
CUST-008233,1519.78,40
CUST-008234,34691.76,0
CUST-008235,9384.56,47
CUST-008236,77999.33,43
CUST-008237,47105.91,61
CUST-008238,63541.98,13
CUST-008241,17383.24,30
CUST-008243,43472.73,10
CUST-008244,130956.51,39
CUST-008245,9251.19,10
CUST-008246,68281.7,36
CUST-008247,130109.61,31
CUST-008251,85460.41,21
CUST-008252,21694.46,5
CUST-008253,10160.43,38
CUST-008254,5406.15,20
CUST-008255,14927.35,35
CUST-008256,6594.3,0
CUST-008259,105949.48,49
CUST-008260,5251.45,42
CUST-008261,98422.31,24
CUST-008262,2300.87,45
CUST-008263,52311.23,44
CUST-008264,56454.18,0
CUST-008265,4702.24,47
CUST-008266,42630.33,46
CUST-008267,44201.54,8
CUST-008268,75622.9,46
CUST-008269,144463.97,43
CUST-008270,61402.87,28
CUST-008272,14319.91,20
CUST-008273,68675.93,7
CUST-008274,21850.73,60
CUST-008276,3393.48,21
CUST-008278,10383.55,23
CUST-008281,83902.77,0
CUST-008282,256494.07,28
CUST-008283,5283.81,2
CUST-008284,33204.27,30
CUST-008285,7507.99,26
CUST-008286,177409.65,18
CUST-008287,109836.52,33
CUST-008288,151693.16,32
CUST-008289,10456.07,66
CUST-008290,85778.99,6
CUST-008291,138508.56,0
CUST-008292,60338.68,34
CUST-008293,72967.78,9
CUST-008295,3029.65,40
CUST-008296,229250.49,5
CUST-008299,64760.09,5
CUST-008300,3714.78,27
CUST-008301,15487.44,33
CUST-008302,15363.46,0
CUST-008303,137179.19,83
CUST-008304,23800.6,41
CUST-008305,58789.41,0
CUST-008307,98609.1,20
CUST-008308,7309.8,36
CUST-008309,125702.76,0
CUST-008310,4049.11,57
CUST-008311,9822.85,67
CUST-008312,74328.92,25
CUST-008313,7804.05,51
CUST-008314,2500.88,31
CUST-008315,3032.11,47
CUST-008316,91112.35,58
CUST-008317,43784.99,58
CUST-008320,3943.73,0
CUST-008321,131336.51,30
CUST-008324,28672.71,34
CUST-008325,99662.03,13
CUST-008326,91155.5,34
CUST-008328,5307.11,0
CUST-008329,51922.55,31
CUST-008330,4918.86,20
CUST-008331,50000.53,29
CUST-008333,16245.68,0
CUST-008334,14835.4,28
CUST-008335,9980.02,31
CUST-008336,124639.17,10
CUST-008337,78298.32,0
CUST-008339,9418.55,30
CUST-008340,39747.49,7
CUST-008341,22651.76,5
CUST-008342,93894.77,50
CUST-008343,48200.07,14
CUST-008344,83548.26,52
CUST-008346,76218.57,46
CUST-008347,40552.49,23
CUST-008348,9107.62,56
CUST-008349,7374.96,0
CUST-008350,18299.31,31
CUST-008352,81240.8,12
CUST-008353,115094.56,53
CUST-008354,51104.68,46
CUST-008355,2547.66,43
CUST-008356,161194.76,47
CUST-008357,41996.36,21
CUST-008358,0.0,91
CUST-008360,278050.47,36
CUST-008361,134654.07,21
CUST-008362,143878.66,32
CUST-008363,198767.67,10
CUST-008364,25638.82,25
CUST-008365,716.07,51
CUST-008366,27570.37,43
CUST-008367,8008.45,10
CUST-008368,215864.27,24
CUST-008370,115426.67,50
CUST-008372,24257.88,14
CUST-008373,2970.38,27
CUST-008374,12636.27,27
CUST-008377,46250.34,46
CUST-008378,71888.8,24
CUST-008379,8558.34,17
CUST-008381,125052.78,18
CUST-008382,9802.74,8
CUST-008383,574.79,24
CUST-008385,2306.85,43
CUST-008387,89682.02,24
CUST-008388,72187.53,38
CUST-008389,13808.7,10
CUST-008390,0.0,44
CUST-008391,8637.81,22
CUST-008392,29113.77,37
CUST-008393,83971.65,23
CUST-008396,19580.98,33
CUST-008397,5425.0,16
CUST-008398,83633.61,45
CUST-008399,71804.02,0
CUST-008400,77162.93,9
CUST-008401,60798.19,9
CUST-008402,202214.76,8
CUST-008404,16323.08,0
CUST-008406,17379.01,24
CUST-008409,50088.13,9
CUST-008411,96023.66,9
CUST-008412,16813.74,21
CUST-008413,74078.55,10
CUST-008415,57852.68,22
CUST-008416,20705.09,19
CUST-008417,13211.42,0
CUST-008418,67968.04,24
CUST-008419,27769.75,46
CUST-008420,13518.75,37
CUST-008422,99422.39,20
CUST-008423,5880.99,8
CUST-008424,128962.18,29
CUST-008425,10646.81,35
CUST-008426,27718.87,14
CUST-008427,126727.24,56
CUST-008428,104294.66,13
CUST-008429,13293.65,46
CUST-008430,35720.32,3
CUST-008431,54391.56,73
CUST-008432,29801.42,9
CUST-008433,25818.42,0
CUST-008434,174154.8,0
CUST-008435,44143.37,15
CUST-008437,21340.3,24
CUST-008438,72597.49,24
CUST-008439,8587.87,30
CUST-008440,611.31,53
CUST-008442,239536.16,79
CUST-008444,59823.8,0
CUST-008445,235478.86,27
CUST-008447,94908.73,31
CUST-008448,31577.18,24
CUST-008449,50249.76,19
CUST-008450,131983.65,64
CUST-008451,73416.98,30
CUST-008453,8849.8,35
CUST-008454,177239.56,32
CUST-008456,46647.36,44
CUST-008457,39826.37,0
CUST-008458,17698.79,19
CUST-008459,40028.64,3
CUST-008460,78474.54,10
CUST-008461,64550.29,5
CUST-008462,138636.06,9
CUST-008463,9567.98,24
CUST-008464,55011.1,24
CUST-008465,125475.04,15
CUST-008466,18875.13,42
CUST-008468,14114.53,29
CUST-008470,60453.33,19
CUST-008472,79695.25,86
CUST-008473,13006.53,32
CUST-008476,128913.91,5
CUST-008477,11134.71,13
CUST-008481,33030.26,27
CUST-008483,106103.45,45
CUST-008484,31822.78,15
CUST-008485,44079.98,26
CUST-008486,79871.63,47
CUST-008487,116798.68,15
CUST-008488,9764.14,48
CUST-008489,613.59,83
CUST-008491,15524.87,0
CUST-008492,88909.03,33
CUST-008494,64355.55,25
CUST-008495,243732.58,21
CUST-008496,20919.3,25
CUST-008497,89339.22,34
CUST-008498,11629.05,50
CUST-008499,3863.1,0
CUST-008500,167230.21,15
CUST-008501,147168.59,0
CUST-008502,82491.56,72
CUST-008503,7304.42,71
CUST-008504,53502.2,22
CUST-008506,120714.04,29
CUST-008507,191372.51,2
CUST-008508,16696.43,49
CUST-008509,99305.14,29
CUST-008510,51702.59,89
CUST-008512,32771.0,0
CUST-008513,56447.21,13
CUST-008514,68947.19,17
CUST-008515,51503.37,0
CUST-008516,159787.81,30
CUST-008517,75201.89,40
CUST-008519,190350.52,69
CUST-008520,137748.18,43
CUST-008521,43020.75,8
CUST-008522,112183.01,49
CUST-008523,59054.55,0
CUST-008524,54798.92,0
CUST-008525,88032.89,0
CUST-008527,174779.03,30
CUST-008528,282.28,27
CUST-008530,55096.07,16
CUST-008532,12351.67,24
CUST-008533,206838.88,43
CUST-008534,5592.12,18
CUST-008535,1810.45,39
CUST-008536,23742.82,21
CUST-008537,2463.8,28
CUST-008540,24534.71,57
CUST-008541,155771.12,57
CUST-008542,5280.44,0
CUST-008543,62830.37,43
CUST-008545,1657.06,48
CUST-008546,12102.31,52
CUST-008548,21734.07,57
CUST-008549,49830.46,16
CUST-008550,3350.27,7
CUST-008551,23181.14,0
CUST-008552,109135.63,41
CUST-008553,51127.58,32
CUST-008554,3232.24,37
CUST-008555,156186.71,22
CUST-008556,67578.14,32
CUST-008557,30339.59,59
CUST-008559,142902.19,33
CUST-008560,536.37,5
CUST-008561,114334.89,22
CUST-008562,181191.32,37
CUST-008563,35247.89,35
CUST-008564,10682.79,23
CUST-008567,56255.79,33
CUST-008568,169139.88,46
CUST-008572,27981.0,55
CUST-008573,111868.83,23
CUST-008574,8296.74,17
CUST-008575,34592.67,32
CUST-008576,155704.71,59
CUST-008577,1176.25,65
CUST-008578,75427.87,47
CUST-008580,7012.5,15
CUST-008581,1271.22,18
CUST-008582,180760.84,40
CUST-008584,41537.01,17
CUST-008585,125564.13,0
CUST-008586,763.4,47
CUST-008588,80327.76,47
CUST-008589,7152.23,35
CUST-008590,184661.02,29
CUST-008591,58895.34,35
CUST-008592,61786.2,13
CUST-008594,2512.75,63
CUST-008595,183888.63,26
CUST-008596,7042.31,18
CUST-008598,18560.0,31
CUST-008599,5654.04,19
CUST-008600,85709.03,34
CUST-008601,128848.55,32
CUST-008602,3813.66,50
CUST-008603,92935.16,6
CUST-008604,144399.73,8
CUST-008605,58272.7,25
CUST-008606,84843.21,16
CUST-008607,21048.27,15
CUST-008608,29549.04,8
CUST-008609,8377.43,0
CUST-008610,5840.51,20
CUST-008611,14278.09,0
CUST-008612,74478.41,18
CUST-008613,71376.69,49
CUST-008614,17057.05,32
CUST-008615,122373.01,34
CUST-008617,28194.9,13
CUST-008619,109578.61,40
CUST-008620,37.45,54
CUST-008621,30489.95,38
CUST-008622,5031.58,67
CUST-008623,46050.46,36
CUST-008624,29333.31,42
CUST-008625,122111.04,9
CUST-008626,166128.79,20
CUST-008627,22318.55,51
CUST-008628,59742.22,6
CUST-008629,0.0,67
CUST-008630,9401.47,16
CUST-008631,14741.02,25
CUST-008632,226323.74,27
CUST-008633,110935.41,48
CUST-008634,51282.94,42
CUST-008635,22367.73,33
CUST-008636,22329.61,18
CUST-008637,26906.34,71
CUST-008638,34567.41,40
CUST-008639,39230.33,43
CUST-008641,1362.1,30
CUST-008642,1393.72,37
CUST-008644,129155.82,16
CUST-008645,14592.47,8
CUST-008646,113934.95,46
CUST-008647,118295.18,33
CUST-008650,41223.56,30
CUST-008651,74592.27,9
CUST-008652,19977.42,49
CUST-008653,133324.47,34
CUST-008654,10943.28,28
CUST-008655,66029.41,18
CUST-008656,94662.58,32
CUST-008657,115730.8,15
CUST-008658,17705.17,6
CUST-008661,65125.05,5
CUST-008662,4579.42,1
CUST-008663,2590.37,32
CUST-008665,5523.85,32
CUST-008667,2709.55,28
CUST-008668,37800.92,4
CUST-008670,84393.19,42
CUST-008671,2509.21,36
CUST-008672,6739.39,0
CUST-008673,13711.96,28
CUST-008674,128381.25,36
CUST-008675,29052.37,0
CUST-008677,130952.52,24
CUST-008679,79184.06,38
CUST-008680,5774.51,49
CUST-008681,7131.56,57
CUST-008682,98862.0,30
CUST-008683,68963.55,53
CUST-008684,32954.03,25
CUST-008686,76266.44,16
CUST-008687,105855.87,58
CUST-008688,5783.23,24
CUST-008689,43718.84,0
CUST-008690,41257.75,45
CUST-008692,137289.66,19
CUST-008694,5812.0,22
CUST-008696,5791.18,44
CUST-008697,188974.37,8
CUST-008698,713.33,14
CUST-008699,14592.6,20
CUST-008700,30660.86,3
CUST-008701,130241.68,16
CUST-008702,35817.46,28
CUST-008703,73027.37,5
CUST-008704,74568.65,48
CUST-008705,14399.66,61
CUST-008706,40921.14,57
CUST-008707,2585.54,21
CUST-008708,23838.69,14
CUST-008709,9494.85,22
CUST-008710,30403.64,10
CUST-008711,82297.84,23
CUST-008712,11787.78,60
CUST-008713,18823.63,30
CUST-008714,24242.98,14
CUST-008715,97183.23,41
CUST-008716,25306.77,75
CUST-008717,131534.2,9
CUST-008718,159540.77,34
CUST-008720,371.01,65
CUST-008721,11129.09,42
CUST-008722,64384.29,31
CUST-008723,15045.43,20
CUST-008724,39003.67,6
CUST-008725,72478.63,32
CUST-008726,54355.76,9
CUST-008728,123786.66,16
CUST-008729,4767.72,24
CUST-008730,4460.54,40
CUST-008731,66875.79,16
CUST-008732,17001.48,38
CUST-008733,64632.2,40
CUST-008734,6540.78,37
CUST-008735,63112.27,16
CUST-008736,97683.41,43
CUST-008737,73263.19,65
CUST-008738,18741.76,10
CUST-008739,133585.24,60
CUST-008741,10942.57,9
CUST-008742,9084.94,8
CUST-008743,12044.55,0
CUST-008744,31957.09,27
CUST-008745,116635.09,35
CUST-008747,33090.54,12
CUST-008748,25306.1,59
CUST-008749,10810.78,5
CUST-008750,14475.1,8
CUST-008751,27646.31,22
CUST-008752,45807.84,19
CUST-008753,19197.49,0
CUST-008754,8847.61,22
CUST-008755,112019.4,30
CUST-008757,97324.1,0
CUST-008758,6285.2,18
CUST-008759,36049.9,9
CUST-008760,15048.29,31
CUST-008763,218728.28,32
CUST-008765,139518.19,33
CUST-008766,85796.05,10
CUST-008767,55408.37,23
CUST-008768,5367.42,19
CUST-008769,152033.37,31
CUST-008770,19106.14,32
CUST-008771,72579.68,44
CUST-008772,206027.36,34
CUST-008773,29996.7,17
CUST-008774,111944.4,70
CUST-008775,125452.35,24
CUST-008776,20300.58,32
CUST-008777,61550.24,40
CUST-008779,104880.96,10
CUST-008780,89808.41,0
CUST-008783,110475.16,16
CUST-008784,30572.92,70
CUST-008786,3653.35,38
CUST-008788,16633.61,59
CUST-008789,4058.15,21
CUST-008790,37107.3,0
CUST-008792,64352.71,38
CUST-008793,71292.64,0
CUST-008794,182815.75,25
CUST-008795,43782.38,75
CUST-008796,7992.55,17
CUST-008797,10774.06,2
CUST-008798,12099.47,55
CUST-008799,8710.86,37
CUST-008800,187971.07,43
CUST-008801,56007.99,47
CUST-008802,42944.7,6
CUST-008803,39600.6,24
CUST-008804,163565.55,9
CUST-008805,34226.04,33
CUST-008806,27569.37,0
CUST-008807,1197.23,15
CUST-008809,30618.98,16
CUST-008810,28349.49,17
CUST-008811,50918.81,53
CUST-008812,57022.68,8
CUST-008814,42294.2,39
CUST-008815,157006.57,20
CUST-008816,14693.71,43
CUST-008817,5745.06,35
CUST-008818,86968.67,47
CUST-008819,10199.2,19
CUST-008820,177947.2,14
CUST-008821,118056.08,8
CUST-008822,41683.42,2
CUST-008824,4630.62,64
CUST-008825,8289.49,17
CUST-008827,118127.66,12
CUST-008828,34693.16,26
CUST-008829,211000.5,47
CUST-008830,46071.59,50
CUST-008831,24224.62,30
CUST-008832,80555.05,23
CUST-008833,1632.9,20
CUST-008834,5192.5,48
CUST-008835,130503.1,21
CUST-008836,92307.41,0
CUST-008838,116016.94,34
CUST-008839,37938.35,35
CUST-008840,37156.56,58
CUST-008841,142.97,82
CUST-008842,5213.63,73
CUST-008844,8518.22,33
CUST-008846,7888.35,39
CUST-008847,206111.48,21
CUST-008848,768.43,26
CUST-008849,129834.65,73
CUST-008850,164937.14,33
CUST-008852,42522.57,42
CUST-008853,174843.35,21
CUST-008855,15289.55,20
CUST-008856,1996.29,43
CUST-008857,14216.34,32
CUST-008858,13131.61,0
CUST-008860,12993.78,55
CUST-008861,28648.13,37
CUST-008862,38388.04,7
CUST-008863,42638.67,50
CUST-008864,104608.61,0
CUST-008865,46760.04,23
CUST-008866,2010.78,58
CUST-008867,4665.78,58
CUST-008868,37790.22,50
CUST-008869,197199.67,36
CUST-008873,185237.58,31
CUST-008874,242407.06,0
CUST-008875,30169.17,21
CUST-008877,2691.16,0
CUST-008879,28298.95,47
CUST-008882,198810.77,0
CUST-008883,168204.39,16
CUST-008885,48632.94,21
CUST-008886,65196.18,29
CUST-008887,51154.64,25
CUST-008888,52438.35,44
CUST-008889,29542.58,19
CUST-008890,62226.42,12
CUST-008891,323.0,21
CUST-008893,117706.47,0
CUST-008895,64611.78,50
CUST-008897,52598.13,0
CUST-008899,32292.22,25
CUST-008901,36125.83,4
CUST-008903,26194.17,90
CUST-008904,53164.83,56
CUST-008906,119543.75,16
CUST-008907,57421.16,29
CUST-008908,233221.64,18
CUST-008911,77601.09,22
CUST-008912,121647.87,25
CUST-008913,17006.66,12
CUST-008914,52297.8,10
CUST-008915,36286.07,26
CUST-008916,26928.07,0
CUST-008917,1536.26,0
CUST-008918,0.0,40
CUST-008919,63098.57,42
CUST-008922,10850.43,34
CUST-008923,84895.07,45
CUST-008924,1384.57,22
CUST-008925,140526.33,10
CUST-008926,86112.9,42
CUST-008927,63821.36,19
CUST-008928,18675.86,20
CUST-008929,5797.04,23
CUST-008931,3251.62,71
CUST-008934,30696.76,45
CUST-008935,0.0,42
CUST-008936,27.52,12
CUST-008937,25261.58,23
CUST-008938,67061.64,0
CUST-008939,36005.57,66
CUST-008942,113169.44,41
CUST-008943,136219.78,17
CUST-008944,2045.0,34
CUST-008945,42915.73,0
CUST-008946,201201.98,16
CUST-008947,5848.93,0
CUST-008948,2358.81,27
CUST-008949,137272.22,7
CUST-008950,20466.24,15
CUST-008951,54140.3,44
CUST-008952,84975.86,50
CUST-008954,2621.17,10
CUST-008955,911.9,17
CUST-008956,180919.36,7
CUST-008957,185699.13,31
CUST-008958,166427.36,36
CUST-008959,120618.98,3
CUST-008960,36326.28,7
CUST-008964,81953.76,48
CUST-008965,26055.07,0
CUST-008966,9237.09,0
CUST-008967,50132.38,59
CUST-008968,5369.38,1
CUST-008969,29648.54,20
CUST-008970,21191.84,89
CUST-008971,34779.11,8
CUST-008973,3648.44,31
CUST-008974,7931.77,15
CUST-008975,2082.89,69
CUST-008976,14787.03,17
CUST-008978,52271.67,8
CUST-008979,123159.47,27
CUST-008980,104609.7,42
CUST-008981,77896.75,35
CUST-008982,23623.78,18
CUST-008983,40585.73,7
CUST-008984,3280.92,46
CUST-008985,88282.78,10
CUST-008986,22964.2,9
CUST-008987,102137.83,20
CUST-008988,4311.52,15
CUST-008989,21884.5,36
CUST-008990,167874.5,0
CUST-008991,127644.78,30
CUST-008992,84116.01,34
CUST-008993,26793.57,24
CUST-008994,7850.68,0
CUST-008996,75179.79,27
CUST-008997,111533.31,12
CUST-008998,69069.14,26
CUST-008999,4125.36,16
CUST-009000,151517.54,30
CUST-009001,29806.29,41
CUST-009002,57520.66,64
CUST-009004,121316.43,24
CUST-009005,31631.85,25
CUST-009006,97098.27,64
CUST-009008,42497.34,45
CUST-009010,4323.9,48
CUST-009011,68515.09,58
CUST-009013,783.76,5
CUST-009014,93194.86,30
CUST-009015,7069.89,29
CUST-009016,27276.09,0
CUST-009017,122326.31,19
CUST-009018,2640.74,41
CUST-009019,33088.87,26
CUST-009020,17988.74,69
CUST-009022,34962.64,0
CUST-009024,127584.63,6
CUST-009028,221725.59,24
CUST-009029,6032.7,47
CUST-009030,46211.53,78
CUST-009031,98059.88,31
CUST-009032,18399.11,22
CUST-009033,57404.72,16
CUST-009034,74106.27,20
CUST-009035,110182.71,46
CUST-009036,23507.72,32
CUST-009038,113116.3,11
CUST-009039,52985.52,38
CUST-009040,71858.47,53
CUST-009042,76558.59,33
CUST-009043,58144.35,38
CUST-009044,48855.75,35
CUST-009045,25978.99,54
CUST-009046,86500.04,64
CUST-009047,113089.39,23
CUST-009048,5497.54,40
CUST-009049,13608.45,22
CUST-009050,9131.82,46
CUST-009051,20064.29,67
CUST-009052,14247.26,5
CUST-009053,82584.92,20
CUST-009054,3753.54,27
CUST-009055,9983.1,35
CUST-009057,184537.45,12
CUST-009060,218281.21,0
CUST-009064,104466.77,59
CUST-009066,95238.62,21
CUST-009067,40287.77,6
CUST-009068,77675.06,0
CUST-009070,7855.49,20
CUST-009071,2477.63,47
CUST-009072,16384.93,45
CUST-009073,34141.91,64
CUST-009075,176605.27,0
CUST-009076,13697.37,32
CUST-009077,148570.63,0
CUST-009078,5664.4,25
CUST-009079,94520.42,23
CUST-009080,61997.72,22
CUST-009081,94934.54,25
CUST-009082,15009.78,9
CUST-009083,23218.36,56
CUST-009084,31469.09,53
CUST-009086,92346.14,15
CUST-009088,47048.61,43
CUST-009089,33165.9,9
CUST-009090,5458.81,47
CUST-009091,1944.16,18
CUST-009092,22384.29,32
CUST-009093,43800.58,9
CUST-009095,60692.99,46
CUST-009096,56407.38,21
CUST-009097,50684.84,19
CUST-009099,18026.78,26
CUST-009100,65798.86,42
CUST-009102,25746.14,50
CUST-009103,4334.83,75
CUST-009104,8904.4,50
CUST-009105,14686.81,18
CUST-009107,73070.16,21
CUST-009108,8679.11,16
CUST-009109,42463.43,0
CUST-009110,176299.51,5
CUST-009111,43028.04,8
CUST-009112,38473.27,3
CUST-009113,87090.18,16
CUST-009115,5204.66,50
CUST-009116,5286.23,35
CUST-009117,75661.12,28
CUST-009118,27252.18,0
CUST-009120,109883.57,50
CUST-009121,14134.45,24
CUST-009122,40277.63,50
CUST-009123,124824.67,58
CUST-009125,2834.9,0
CUST-009128,53928.17,6
CUST-009130,5702.99,24
CUST-009131,24062.87,24
CUST-009132,45572.72,30
CUST-009133,13513.94,48
CUST-009134,7727.41,0
CUST-009136,44334.05,60
CUST-009137,12415.26,55
CUST-009138,17815.69,50
CUST-009139,69135.28,45
CUST-009140,28010.05,14
CUST-009141,9392.98,21
CUST-009143,53521.19,0
CUST-009144,11683.03,34
CUST-009145,60903.87,34
CUST-009146,101685.35,33
CUST-009148,47106.95,12
CUST-009149,21302.81,50
CUST-009150,59.79,71
CUST-009151,66383.54,22
CUST-009152,59736.08,10
CUST-009153,4926.24,5
CUST-009154,56728.41,18
CUST-009155,18389.99,47
CUST-009156,56627.42,21
CUST-009157,209999.93,41
CUST-009158,15921.44,69
CUST-009159,102398.92,0
CUST-009161,135454.11,32
CUST-009162,9467.91,43
CUST-009163,19434.27,0
CUST-009164,109322.04,38
CUST-009165,665.44,40
CUST-009167,60189.19,20
CUST-009169,71227.81,7
CUST-009170,176540.74,5
CUST-009172,69334.21,28
CUST-009173,138007.9,22
CUST-009174,137501.21,23
CUST-009175,61290.6,31
CUST-009176,82550.98,50
CUST-009177,202449.57,13
CUST-009178,117686.26,0
CUST-009179,47557.79,26
CUST-009180,65888.3,23
CUST-009181,16543.61,37
CUST-009182,100160.56,25
CUST-009183,73336.68,9
CUST-009185,18722.91,37
CUST-009186,51424.87,0
CUST-009188,51561.59,25
CUST-009189,80231.21,23
CUST-009191,108979.51,20
CUST-009192,224699.01,10
CUST-009194,22914.02,67
CUST-009197,1155.81,27
CUST-009198,21012.9,17
CUST-009199,128137.2,60
CUST-009201,21894.04,0
CUST-009202,114311.36,9
CUST-009203,17835.16,13
CUST-009204,66025.62,23
CUST-009205,55221.34,0
CUST-009207,31285.09,7
CUST-009209,8710.36,39
CUST-009210,19535.43,33
CUST-009211,36794.32,47
CUST-009212,57847.34,40
CUST-009213,79166.46,15
CUST-009214,26278.71,13
CUST-009215,29061.41,9
CUST-009216,66782.73,5
CUST-009217,37718.97,20
CUST-009218,95134.83,35
CUST-009219,65685.34,57
CUST-009220,80061.27,26
CUST-009221,77704.48,45
CUST-009222,193784.38,48
CUST-009223,0.0,38
CUST-009224,63037.46,0
CUST-009227,9149.23,8
CUST-009228,16127.44,10
CUST-009229,147148.78,16
CUST-009230,92219.03,0
CUST-009231,126764.06,36
CUST-009232,69705.46,31
CUST-009233,25589.7,34
CUST-009237,176744.71,0
CUST-009239,35541.67,78
CUST-009240,76339.23,8
CUST-009241,49255.91,0
CUST-009242,68528.22,6
CUST-009244,46788.96,39
CUST-009245,5801.82,7
CUST-009246,12492.01,6
CUST-009248,16638.35,8
CUST-009249,11618.86,30
CUST-009250,168950.55,0
CUST-009251,19816.5,1
CUST-009252,133047.44,35
CUST-009253,16273.99,29
CUST-009256,13165.87,17
CUST-009257,11606.16,7
CUST-009258,71217.36,35
CUST-009259,30237.68,28
CUST-009260,186803.96,48
CUST-009261,14557.62,6
CUST-009262,110827.99,6
CUST-009263,13555.88,41
CUST-009264,69902.19,3
CUST-009266,18048.62,14
CUST-009269,32776.47,48
CUST-009270,5678.32,14
CUST-009272,6166.11,0
CUST-009273,17953.62,32
CUST-009275,0.0,72
CUST-009276,3866.42,38
CUST-009277,8537.73,17
CUST-009278,63591.61,5
CUST-009279,486.23,17
CUST-009280,1090.92,28
CUST-009281,12468.34,12
CUST-009282,61534.9,14
CUST-009284,28031.68,13
CUST-009286,182650.14,12
CUST-009287,43813.22,55
CUST-009289,61079.3,72
CUST-009291,6358.79,32
CUST-009292,93451.08,5
CUST-009293,138995.08,19
CUST-009295,60138.35,32
CUST-009296,2874.86,29
CUST-009297,17639.17,34
CUST-009298,85573.73,10
CUST-009299,11898.65,18
CUST-009300,43079.32,24
CUST-009301,40540.32,62
CUST-009303,1095.71,9
CUST-009305,12251.61,49
CUST-009306,17622.71,32
CUST-009307,81335.88,5
CUST-009308,118723.82,18
CUST-009309,108427.1,11
CUST-009310,75894.22,31
CUST-009311,12412.2,20
CUST-009316,17407.5,9
CUST-009317,86221.44,37
CUST-009319,132134.41,17
CUST-009320,7404.86,20
CUST-009321,21020.31,46
CUST-009322,15676.24,0
CUST-009323,85099.11,6
CUST-009324,194735.63,20
CUST-009326,15563.84,25
CUST-009327,50110.49,13
CUST-009328,152312.24,12
CUST-009329,90335.0,49
CUST-009330,97331.52,11
CUST-009331,1286.64,58
CUST-009333,63174.12,30
CUST-009334,36858.05,35
CUST-009335,66786.02,36
CUST-009336,162891.07,5
CUST-009337,90400.45,0
CUST-009338,40048.46,33
CUST-009339,58399.53,19
CUST-009340,108697.81,6
CUST-009341,10699.72,18
CUST-009342,64455.0,35
CUST-009343,9713.57,33
CUST-009344,121473.41,32
CUST-009345,353.05,18
CUST-009346,164088.89,30
CUST-009347,19411.16,0
CUST-009348,3637.28,14
CUST-009349,53127.85,0
CUST-009351,52281.05,5
CUST-009353,33066.84,0
CUST-009356,124228.28,13
CUST-009357,69472.67,0
CUST-009358,2432.6,24
CUST-009359,9850.67,51
CUST-009360,1656.82,48
CUST-009361,106020.18,24
CUST-009362,17691.32,46
CUST-009363,4114.41,31
CUST-009364,7344.89,72
CUST-009365,0.0,65
CUST-009366,231221.04,11
CUST-009369,8409.02,21
CUST-009370,150712.11,25
CUST-009371,67641.9,36
CUST-009372,28197.13,0
CUST-009373,76030.33,10
CUST-009374,38751.02,0
CUST-009375,47692.66,0
CUST-009376,50514.99,39
CUST-009378,107913.8,45
CUST-009379,48083.55,32
CUST-009380,129810.35,13
CUST-009381,18885.52,17
CUST-009383,2075.23,8
CUST-009384,51980.95,67
CUST-009386,50392.7,0
CUST-009387,4817.11,0
CUST-009388,23472.58,37
CUST-009389,752.94,92
CUST-009391,55793.4,24
CUST-009393,15481.14,61
CUST-009394,29229.76,36
CUST-009395,83760.31,7
CUST-009396,3141.22,5
CUST-009397,117202.16,25
CUST-009398,35196.42,49
CUST-009399,15983.61,16
CUST-009400,143819.48,17
CUST-009403,74158.73,4
CUST-009405,51192.06,30
CUST-009407,34323.89,28
CUST-009408,113515.85,57
CUST-009409,120778.34,31
CUST-009410,214443.2,1
CUST-009412,52202.94,47
CUST-009413,16202.5,34
CUST-009415,142639.95,55
CUST-009416,121331.41,0
CUST-009417,24362.99,26
CUST-009418,3449.79,8
CUST-009419,136505.97,72
CUST-009420,100662.35,20
CUST-009422,80665.9,28
CUST-009423,109819.08,40
CUST-009424,140045.42,0
CUST-009425,44011.36,46
CUST-009426,26086.17,21
CUST-009427,42429.08,37
CUST-009429,161531.43,58
CUST-009430,130823.61,38
CUST-009432,90972.92,17
CUST-009433,20962.9,50
CUST-009435,14440.35,0
CUST-009436,142558.64,12
CUST-009437,110825.33,3
CUST-009438,4975.73,33
CUST-009439,99683.64,10
CUST-009440,876.26,32
CUST-009441,156017.91,16
CUST-009443,3309.19,9
CUST-009444,88947.88,5
CUST-009446,1080.25,41
CUST-009447,1378.08,27
CUST-009449,70404.07,34
CUST-009450,27411.62,21
CUST-009451,22180.17,16
CUST-009454,53119.17,45
CUST-009455,5691.79,6
CUST-009456,215645.46,15
CUST-009457,114016.5,31
CUST-009458,61973.27,23
CUST-009459,27838.84,14
CUST-009461,21777.34,0
CUST-009462,112324.2,35
CUST-009463,73328.03,23
CUST-009464,52513.3,20
CUST-009465,125266.12,0
CUST-009466,76003.04,24
CUST-009467,70378.12,6
CUST-009468,71193.03,15
CUST-009470,6259.93,34
CUST-009471,8457.56,78
CUST-009472,102868.81,0
CUST-009473,69269.94,22
CUST-009474,94357.33,7
CUST-009475,17518.69,21
CUST-009476,61729.15,25
CUST-009477,66920.3,20
CUST-009478,44822.39,45
CUST-009480,166587.36,34
CUST-009482,6083.27,47
CUST-009483,7023.35,30
CUST-009484,75591.5,22
CUST-009485,5641.63,50
CUST-009486,95409.74,6
CUST-009487,125717.71,50
CUST-009488,91814.99,0
CUST-009489,8450.4,45
CUST-009490,81275.44,37
CUST-009491,83395.19,33
CUST-009492,44486.52,5
CUST-009493,20992.38,44
CUST-009494,90437.34,25
CUST-009495,263.01,46
CUST-009496,26936.01,30
CUST-009497,16355.84,33
CUST-009498,55850.88,17
CUST-009499,51806.18,35
CUST-009500,14339.74,23
CUST-009501,18752.49,70
CUST-009503,33021.0,56
CUST-009504,119504.17,34
CUST-009505,2674.99,49
CUST-009506,219498.29,54
CUST-009508,84411.6,25
CUST-009509,163280.88,32
CUST-009510,34515.96,21
CUST-009511,0.0,21
CUST-009512,169383.85,30
CUST-009513,107412.1,29
CUST-009514,121216.76,15
CUST-009515,215690.56,20
CUST-009516,15739.36,35
CUST-009517,22541.65,24
CUST-009518,22527.94,30
CUST-009519,14211.55,60
CUST-009522,12067.4,0
CUST-009523,82019.44,42
CUST-009525,7011.88,8
CUST-009526,19494.03,8
CUST-009527,4777.76,30
CUST-009528,90811.45,0
CUST-009529,73928.19,34
CUST-009530,49636.27,43
CUST-009531,103497.17,47
CUST-009534,13903.87,17
CUST-009535,123194.68,64
CUST-009536,165950.03,55
CUST-009538,8260.7,65
CUST-009540,46786.58,57
CUST-009541,3934.43,34
CUST-009542,103143.1,7
CUST-009543,61155.55,0
CUST-009544,8594.32,35
CUST-009545,63757.88,49
CUST-009546,82367.19,4
CUST-009547,4517.85,17
CUST-009548,67802.37,0
CUST-009549,36176.87,77
CUST-009551,96148.12,11
CUST-009552,23574.45,17
CUST-009553,111707.17,2
CUST-009555,67878.36,40
CUST-009557,18322.12,0
CUST-009558,58011.85,43
CUST-009559,26634.51,21
CUST-009560,70472.09,36
CUST-009561,2143.8,21
CUST-009563,114886.99,0
CUST-009564,70385.54,31
CUST-009565,41376.11,4
CUST-009566,180694.89,47
CUST-009567,48611.25,0
CUST-009568,8368.33,37
CUST-009569,113463.8,0
CUST-009570,33733.34,23
CUST-009571,58669.39,29
CUST-009573,55295.55,40
CUST-009574,25346.13,36
CUST-009575,150578.97,40
CUST-009576,34171.15,0
CUST-009577,280.07,39
CUST-009578,4157.9,48
CUST-009579,84945.86,50
CUST-009580,80573.89,0
CUST-009582,6269.13,29
CUST-009583,8523.5,30
CUST-009584,150699.27,0
CUST-009586,127325.45,4
CUST-009587,112213.96,6
CUST-009588,43489.52,32
CUST-009589,107500.32,9
CUST-009590,97903.07,45
CUST-009592,70947.17,22
CUST-009594,111960.15,42
CUST-009595,55800.5,35
CUST-009596,24214.68,33
CUST-009597,26975.36,34
CUST-009598,116725.26,57
CUST-009600,6319.86,0
CUST-009601,86034.17,56
CUST-009602,53614.32,8
CUST-009603,2175.57,50
CUST-009604,1056.47,21
CUST-009606,17954.35,4
CUST-009608,111453.36,48
CUST-009609,152349.64,23
CUST-009610,25240.68,33
CUST-009611,225690.0,55
CUST-009612,17868.01,56
CUST-009613,69485.99,34
CUST-009615,42571.61,40
CUST-009616,28757.64,17
CUST-009617,136181.69,5
CUST-009618,12855.82,27
CUST-009620,14737.37,1
CUST-009623,185016.11,56
CUST-009624,55767.16,37
CUST-009625,444.06,30
CUST-009627,74826.04,58
CUST-009628,31390.7,73
CUST-009629,87095.92,10
CUST-009630,76388.4,1
CUST-009631,21091.95,6
CUST-009632,21383.22,0
CUST-009634,71656.36,52
CUST-009636,193026.79,44
CUST-009637,20527.76,0
CUST-009638,6044.61,19
CUST-009639,212693.08,47
CUST-009640,2259.97,24
CUST-009641,131706.21,0
CUST-009642,44226.5,22
CUST-009643,16384.05,21
CUST-009644,97207.51,26
CUST-009645,66413.44,33
CUST-009647,2758.24,35
CUST-009650,1948.62,11
CUST-009651,49126.28,10
CUST-009652,10305.17,30
CUST-009653,2201.67,15
CUST-009654,23656.42,54
CUST-009656,1680.09,74
CUST-009658,1862.29,32
CUST-009659,26995.86,42
CUST-009660,24962.11,27
CUST-009661,22142.05,29
CUST-009663,3343.2,27
CUST-009664,2323.37,45
CUST-009665,167017.8,45
CUST-009666,85184.55,43
CUST-009669,0.0,79
CUST-009670,152702.08,18
CUST-009671,57247.17,23
CUST-009672,20628.72,15
CUST-009674,114993.5,7
CUST-009675,161670.92,4
CUST-009676,32971.3,6
CUST-009677,25659.79,31
CUST-009678,21212.86,19
CUST-009679,42753.2,0
CUST-009681,489.71,33
CUST-009682,46225.74,45
CUST-009683,45224.15,52
CUST-009685,70541.9,0
CUST-009687,20678.34,33
CUST-009688,5050.21,28
CUST-009689,13119.18,19
CUST-009690,65394.69,25
CUST-009691,87911.84,33
CUST-009692,165071.28,22
CUST-009693,6351.92,18
CUST-009696,46869.35,37
CUST-009697,58497.72,44
CUST-009698,18184.18,34
CUST-009699,44095.31,12
CUST-009700,56865.91,0
CUST-009701,99691.27,48
CUST-009702,42074.24,31
CUST-009703,38132.76,0
CUST-009704,163134.78,7
CUST-009705,75873.8,61
CUST-009706,21994.43,35
CUST-009707,27854.25,50
CUST-009708,31972.35,31
CUST-009709,13859.84,32
CUST-009711,85666.84,2
CUST-009712,32147.53,20
CUST-009714,154117.85,19
CUST-009715,73752.24,7
CUST-009716,42370.37,49
CUST-009717,26088.67,6
CUST-009718,37858.41,30
CUST-009719,167584.53,39
CUST-009720,59210.21,39
CUST-009722,48220.1,49
CUST-009724,41636.46,19
CUST-009725,5644.78,34
CUST-009727,11061.08,6
CUST-009728,132125.91,34
CUST-009730,14890.0,25
CUST-009731,102940.24,47
CUST-009733,5737.69,7
CUST-009735,28257.07,9
CUST-009736,118742.9,14
CUST-009738,80708.2,48
CUST-009740,8061.3,8
CUST-009741,53186.65,8
CUST-009742,85140.04,33
CUST-009743,68004.77,21
CUST-009746,34813.54,43
CUST-009747,126954.99,18
CUST-009748,14473.63,38
CUST-009749,19846.13,27
CUST-009750,189448.81,0
CUST-009751,34016.31,47
CUST-009752,59171.77,27
CUST-009753,5142.16,44
CUST-009754,2194.51,37
CUST-009755,100867.12,44
CUST-009756,27958.9,57
CUST-009757,2338.81,41
CUST-009758,34401.73,39
CUST-009760,100338.55,2
CUST-009761,39574.39,31
CUST-009762,30691.67,46
CUST-009763,59374.99,8
CUST-009765,145499.1,35
CUST-009766,129376.23,31
CUST-009767,57068.68,18
CUST-009769,42702.04,12
CUST-009771,58163.54,12
CUST-009772,26799.97,73
CUST-009773,132984.16,31
CUST-009774,76074.76,17
CUST-009775,45814.11,24
CUST-009776,15906.05,19
CUST-009777,24714.08,19
CUST-009778,76109.74,45
CUST-009779,154734.94,33
CUST-009780,32323.5,0
CUST-009781,84919.01,37
CUST-009782,8071.63,16
CUST-009783,174117.91,13
CUST-009784,113459.9,21
CUST-009785,176203.58,23
CUST-009786,31496.9,18
CUST-009787,168368.81,36
CUST-009788,61393.43,25
CUST-009789,32112.12,8
CUST-009790,14916.25,24
CUST-009792,212853.59,21
CUST-009795,67937.37,18
CUST-009796,87537.14,40
CUST-009797,736.98,56
CUST-009798,132427.65,0
CUST-009800,79517.95,35
CUST-009801,168962.72,31
CUST-009803,69576.82,38
CUST-009806,25071.15,28
CUST-009807,6501.96,65
CUST-009809,154456.79,37
CUST-009810,40452.34,0
CUST-009811,36270.51,75
CUST-009812,91770.97,57
CUST-009813,87080.68,0
CUST-009814,1817.93,7
CUST-009815,3778.53,32
CUST-009816,76460.86,49
CUST-009817,124557.3,5
CUST-009818,52422.52,40
CUST-009819,35162.63,15
CUST-009820,63103.37,42
CUST-009821,39028.76,25
CUST-009822,86229.66,0
CUST-009823,49129.03,25
CUST-009824,81254.41,30
CUST-009825,82492.98,19
CUST-009826,117392.52,13
CUST-009828,738.47,53
CUST-009832,7581.93,0
CUST-009833,110883.55,30
CUST-009834,39249.01,50
CUST-009835,24945.95,42
CUST-009836,71516.45,1
CUST-009837,16014.83,31
CUST-009838,32324.49,32
CUST-009839,66031.3,36
CUST-009840,21276.95,33
CUST-009841,69992.1,34
CUST-009842,22711.03,34
CUST-009843,16653.47,42
CUST-009844,85543.74,17
CUST-009845,30696.19,39
CUST-009848,42352.59,48
CUST-009850,13233.92,42
CUST-009851,188791.01,22
CUST-009852,6932.28,31
CUST-009853,2446.96,33
CUST-009854,45788.49,15
CUST-009855,410.0,64
CUST-009856,12120.76,41
CUST-009858,53442.09,1
CUST-009859,49574.07,16
CUST-009860,92628.8,17
CUST-009861,113784.47,37
CUST-009863,100498.05,33
CUST-009864,53622.77,18
CUST-009865,55378.22,51
CUST-009866,21180.85,42
CUST-009867,2225.55,17
CUST-009868,63983.1,48
CUST-009869,41131.41,39
CUST-009870,28501.97,18
CUST-009871,96482.26,36
CUST-009872,5962.98,32
CUST-009873,16232.2,5
CUST-009874,13490.76,9
CUST-009875,133135.32,44
CUST-009876,17010.82,34
CUST-009877,213564.1,5
CUST-009879,16775.06,29
CUST-009880,14682.8,47
CUST-009881,32198.21,15
CUST-009882,2634.95,67
CUST-009883,25121.26,17
CUST-009884,2084.03,0
CUST-009885,68026.1,50
CUST-009886,15323.1,18
CUST-009887,1159.56,63
CUST-009889,569.09,23
CUST-009891,12172.8,20
CUST-009892,80704.59,22
CUST-009893,120844.96,22
CUST-009894,151642.45,13
CUST-009895,5620.23,12
CUST-009896,15714.67,32
CUST-009897,60713.07,10
CUST-009898,38950.22,38
CUST-009899,100137.67,24
CUST-009900,22838.54,32
CUST-009901,89493.49,23
CUST-009902,14877.28,1
CUST-009903,32345.51,24
CUST-009904,29691.54,20
CUST-009905,37076.59,66
CUST-009906,26803.18,10
CUST-009907,56575.81,15
CUST-009908,30225.95,62
CUST-009910,79633.4,17
CUST-009911,10257.71,48
CUST-009913,26778.74,9
CUST-009914,68459.32,11
CUST-009915,107880.72,19
CUST-009916,13753.62,16
CUST-009917,35443.09,38
CUST-009918,108232.12,44
CUST-009919,60390.0,34
CUST-009920,11817.54,19
CUST-009922,94183.48,30
CUST-009923,78201.64,45
CUST-009924,137843.67,48
CUST-009925,107867.01,25
CUST-009927,100558.69,5
CUST-009928,20970.63,20
CUST-009930,90615.26,46
CUST-009931,184262.25,81
CUST-009934,44833.55,38
CUST-009935,142956.25,17
CUST-009938,58519.78,28
CUST-009939,116869.84,37
CUST-009940,157868.24,1
CUST-009941,50467.13,21
CUST-009942,6055.34,23
CUST-009943,55422.17,71
CUST-009944,129172.68,10
CUST-009945,42566.23,10
CUST-009946,51640.87,0
CUST-009947,104167.93,40
CUST-009948,145872.83,34
CUST-009949,44045.68,11
CUST-009950,57640.56,8
CUST-009951,65608.41,23
CUST-009953,44004.26,20
CUST-009954,56686.63,29
CUST-009955,46108.79,46
CUST-009957,4023.47,14
CUST-009959,8230.02,47
CUST-009960,166328.41,11
CUST-009963,160182.14,40
CUST-009964,29000.42,31
CUST-009965,13535.18,50
CUST-009966,93442.78,7
CUST-009967,25872.94,48
CUST-009968,3932.55,16
CUST-009969,49417.6,15
CUST-009970,29390.34,27
CUST-009971,116035.57,5
CUST-009972,87385.77,17
CUST-009973,0.0,34
CUST-009974,98095.42,62
CUST-009975,12114.19,9
CUST-009976,28399.31,22
CUST-009978,97126.22,49
CUST-009979,19045.25,39
CUST-009980,15193.14,6
CUST-009981,116524.21,33
CUST-009982,38786.82,23
CUST-009983,21353.4,28
CUST-009984,53530.47,53
CUST-009985,27070.27,24
CUST-009990,46351.47,37
CUST-009991,10879.6,11
CUST-009992,103937.33,14
CUST-009993,38013.52,25
CUST-009994,4332.45,34
CUST-009995,20813.93,23
CUST-009996,906.14,49
CUST-009997,64689.92,28
CUST-009998,64194.88,27
CUST-010000,79820.45,1
CUST-010001,21803.84,28
CUST-010002,110910.18,0
CUST-010003,30664.61,30
CUST-010005,84754.5,53
CUST-010006,79360.97,0
CUST-010007,17013.71,39
CUST-010008,84249.2,20
CUST-010009,11452.37,29
CUST-010011,78137.23,0
CUST-010012,242491.01,17
CUST-010014,11320.8,27
CUST-010015,110100.68,0
CUST-010016,3528.49,20
CUST-010018,100841.45,65
CUST-010019,75094.67,16
CUST-010020,20878.23,14
CUST-010022,33792.11,22
CUST-010023,81517.52,11
CUST-010024,59254.45,18
CUST-010025,77981.85,33
CUST-010026,5963.98,61
CUST-010028,11855.69,3
CUST-010029,1292.88,18
CUST-010030,14823.45,67
CUST-010031,108448.85,27
CUST-010032,14309.55,44
CUST-010033,95108.67,35
CUST-010034,157368.07,5
CUST-010035,1356.66,37
CUST-010036,3230.56,18
CUST-010038,65884.9,29
CUST-010039,32310.99,9
CUST-010040,27747.6,7
CUST-010041,2929.73,50
CUST-010042,79660.61,11
CUST-010043,5961.44,56
CUST-010044,115426.09,0
CUST-010045,85052.32,23
CUST-010047,11573.46,16
CUST-010048,13081.01,0
CUST-010049,12225.24,24
CUST-010050,44857.0,8
CUST-010052,49383.02,19
CUST-010053,108012.07,5
CUST-010054,11327.61,23
CUST-010056,73299.23,41
CUST-010057,145560.63,3
CUST-010058,147108.04,49
CUST-010059,1881.94,24
CUST-010060,6341.26,25
CUST-010061,5006.82,41
CUST-010062,22119.51,37
CUST-010063,9954.99,22
CUST-010064,53159.19,48
CUST-010066,16703.11,5
CUST-010067,33987.18,9
CUST-010068,53336.52,44
CUST-010069,39229.93,35
CUST-010071,79618.38,47
CUST-010072,112076.6,84
CUST-010073,40602.23,43
CUST-010074,8196.4,25
CUST-010077,30462.28,47
CUST-010078,12871.97,17
CUST-010079,110007.26,9
CUST-010081,45011.37,34
CUST-010082,25747.58,53
CUST-010083,51922.32,1
CUST-010084,60980.55,5
CUST-010085,9215.58,56
CUST-010086,174125.14,24
CUST-010087,0.0,31
CUST-010088,64788.32,50
CUST-010089,95345.76,41
CUST-010091,11578.6,42
CUST-010092,87577.14,73
CUST-010094,51332.09,63
CUST-010095,154850.87,6
CUST-010096,33650.65,16
CUST-010097,115806.18,41
CUST-010098,214193.89,17
CUST-010101,64924.46,30
CUST-010102,25371.02,20
CUST-010103,10029.6,25
CUST-010104,242688.17,59
CUST-010105,16006.19,24
CUST-010106,29172.13,43
CUST-010107,136287.47,19
CUST-010108,67147.46,17
CUST-010109,44075.62,13
CUST-010110,18043.64,19
CUST-010111,3576.71,31
CUST-010112,74779.08,22
CUST-010113,33374.39,45
CUST-010114,47336.23,46
CUST-010115,160683.4,22
CUST-010117,3283.93,30
CUST-010118,15766.21,37
CUST-010119,68065.42,25
CUST-010120,159539.78,0
CUST-010121,36405.06,13
CUST-010122,105079.87,0
CUST-010123,4405.54,2
CUST-010125,78759.29,19
CUST-010126,88520.8,18
CUST-010129,53466.61,16
CUST-010130,6314.37,53
CUST-010131,39736.57,31
CUST-010132,252979.88,43
CUST-010134,1150.88,5
CUST-010136,29332.79,12
CUST-010137,18566.38,49
CUST-010138,14998.16,37
CUST-010139,13096.73,0
CUST-010140,97363.72,59
CUST-010141,8441.56,35
CUST-010142,65935.82,39
CUST-010143,22735.66,2
CUST-010144,73594.64,7
CUST-010145,108587.03,48
CUST-010146,1737.5,24
CUST-010148,16054.98,21
CUST-010149,63342.1,22
CUST-010150,30698.69,10
CUST-010151,122676.4,53
CUST-010153,174837.2,63
CUST-010155,74401.91,26
CUST-010156,14726.45,0
CUST-010157,11927.43,21
CUST-010159,1442.72,40
CUST-010160,149063.28,7
CUST-010161,6611.42,21
CUST-010162,29953.84,50
CUST-010163,74698.26,21
CUST-010165,46864.5,20
CUST-010166,8017.5,16
CUST-010168,23211.34,29
CUST-010169,67986.64,9
CUST-010170,124319.26,30
CUST-010171,10915.63,37
CUST-010174,4830.53,3
CUST-010175,39872.48,49
CUST-010177,7296.13,0
CUST-010178,32087.08,21
CUST-010179,39776.28,17
CUST-010180,7514.29,17
CUST-010181,8694.1,1
CUST-010182,19637.68,31
CUST-010183,31088.06,49
CUST-010184,3977.98,16
CUST-010185,111517.78,19
CUST-010186,73016.69,13
CUST-010187,51894.81,47
CUST-010188,64186.95,20
CUST-010189,125884.03,59
CUST-010191,49844.66,39
CUST-010192,185301.21,38
CUST-010194,13888.62,32
CUST-010195,49344.49,55
CUST-010196,252.78,24
CUST-010197,177421.79,10
CUST-010198,31805.87,29
CUST-010199,69736.38,19
CUST-010200,16939.31,32
CUST-010201,118113.55,0
CUST-010202,42876.73,34
CUST-010204,4720.98,55
CUST-010205,130656.04,25
CUST-010206,83965.51,6
CUST-010207,52559.46,44
CUST-010208,103867.0,36
CUST-010209,140822.56,31
CUST-010210,32833.33,44
CUST-010212,0.0,40
CUST-010213,32905.55,31
CUST-010214,2683.86,50
CUST-010216,68792.26,43
CUST-010217,93637.92,11
CUST-010218,153626.11,38
CUST-010219,208358.35,22
CUST-010220,11085.35,14
CUST-010221,2255.2,1
CUST-010222,6383.83,43
CUST-010223,7937.6,64
CUST-010224,115085.85,0
CUST-010225,20891.65,20
CUST-010226,61135.38,0
CUST-010227,22203.64,69
CUST-010228,228821.42,67
CUST-010229,58215.46,0
CUST-010231,58765.11,0
CUST-010232,56617.29,0
CUST-010233,14913.73,0
CUST-010234,12365.83,59
CUST-010235,3399.42,20
CUST-010236,34418.8,24
CUST-010237,153098.57,0
CUST-010238,12093.96,15
CUST-010239,61939.55,21
CUST-010243,153761.07,19
CUST-010244,34604.91,5
CUST-010245,29161.42,41
CUST-010246,147153.01,22
CUST-010247,16438.02,0
CUST-010248,217272.01,0
CUST-010249,74124.41,22
CUST-010250,20794.94,50
CUST-010251,33840.68,50
CUST-010252,44067.11,0
CUST-010253,12536.75,17
CUST-010254,1191.45,1
CUST-010256,50903.82,47
CUST-010257,47619.47,59
CUST-010258,71192.44,22
CUST-010259,81684.62,0
CUST-010261,106353.38,8
CUST-010262,25334.86,64
CUST-010265,74754.21,34
CUST-010266,5303.1,57
CUST-010267,63918.51,20
CUST-010268,13659.23,38
CUST-010270,4384.74,25
CUST-010271,3650.06,35
CUST-010273,42184.96,13
CUST-010274,76702.98,31
CUST-010275,4518.9,18
CUST-010276,9825.76,38
CUST-010278,170065.67,32
CUST-010279,3443.94,12
CUST-010282,126275.08,57
CUST-010283,2777.5,25
CUST-010284,3338.39,5
CUST-010286,8395.85,10
CUST-010287,157772.18,0
CUST-010288,40734.51,30
CUST-010289,27148.27,26
CUST-010291,80551.47,39
CUST-010292,87691.05,30
CUST-010293,168870.37,25
CUST-010294,39038.32,71
CUST-010295,52158.57,0
CUST-010296,8758.06,29
CUST-010297,230614.88,48
CUST-010298,27171.34,43
CUST-010299,2380.27,32
CUST-010300,190173.64,19
CUST-010301,32880.85,12
CUST-010302,64337.24,0
CUST-010303,14615.05,0
CUST-010304,45351.46,29
CUST-010305,41598.13,15
CUST-010306,67058.09,35
CUST-010307,12992.62,30
CUST-010308,69185.31,41
CUST-010309,18007.67,45
CUST-010310,72757.73,35
CUST-010311,112442.35,10
CUST-010313,230108.19,53
CUST-010314,438.5,19
CUST-010315,71148.09,26
CUST-010316,56624.4,0
CUST-010317,42561.88,31
CUST-010319,5938.96,43
CUST-010320,9347.32,22
CUST-010321,9362.57,46
CUST-010322,50125.56,48
CUST-010323,44048.35,30
CUST-010324,17849.84,17
CUST-010326,5752.88,31
CUST-010327,24602.17,0
CUST-010328,18866.71,23
CUST-010329,1760.17,20
CUST-010330,143515.54,31
CUST-010331,5293.08,6
CUST-010332,119525.23,9
CUST-010333,26813.86,32
CUST-010334,16500.09,13
CUST-010335,132799.53,59
CUST-010336,64944.25,11
CUST-010337,45732.71,69
CUST-010338,1526.82,38
CUST-010339,196888.42,33
CUST-010341,31233.41,46
CUST-010342,197906.0,32
CUST-010344,45568.77,11
CUST-010345,53179.63,0
CUST-010346,3943.53,3
CUST-010347,31789.33,13
CUST-010349,114766.57,26
CUST-010350,108546.39,46
CUST-010351,59401.04,77
CUST-010352,17418.63,0
CUST-010353,47053.69,19
CUST-010354,49296.37,18
CUST-010355,57418.71,16
CUST-010356,53181.64,45
CUST-010357,140716.31,50
CUST-010358,60442.84,58
CUST-010359,116056.15,31
CUST-010360,14506.3,29
CUST-010361,38283.76,2
CUST-010362,51651.56,17
CUST-010363,28532.49,54
CUST-010364,63480.04,5
CUST-010365,1639.92,35
CUST-010367,40587.14,24
CUST-010368,195309.16,22
CUST-010369,34369.03,50
CUST-010371,44188.84,0
CUST-010372,35657.1,67
CUST-010373,5896.12,9
CUST-010374,122626.22,22
CUST-010375,11405.18,5
CUST-010376,189509.2,19
CUST-010377,13103.22,8
CUST-010378,68725.04,28
CUST-010380,39161.64,33
CUST-010381,11121.48,80
CUST-010382,24233.33,68
CUST-010383,19945.34,35
CUST-010384,114720.58,20
CUST-010385,4587.22,5
CUST-010386,38538.35,39
CUST-010387,31861.97,41
CUST-010388,1848.27,65
CUST-010392,123572.33,49
CUST-010393,166434.43,13
CUST-010395,60529.22,62
CUST-010396,91824.38,0
CUST-010397,113086.36,48
CUST-010398,3737.16,8
CUST-010399,36992.55,55
CUST-010401,113384.57,7
CUST-010402,30462.56,19
CUST-010403,44850.77,24
CUST-010404,42466.15,15
CUST-010405,139551.38,0
CUST-010406,37020.6,8
CUST-010409,29716.99,64
CUST-010410,53599.36,0
CUST-010411,4475.21,47
CUST-010412,3185.24,36
CUST-010413,155415.69,50
CUST-010415,16438.9,42
CUST-010416,64764.63,61
CUST-010417,54568.25,35
CUST-010419,43041.71,34
CUST-010420,16455.75,45
CUST-010421,111181.19,0
CUST-010422,19189.76,46
CUST-010424,20201.5,25
CUST-010426,61532.57,34
CUST-010427,154735.13,18
CUST-010428,115831.52,7
CUST-010429,56641.08,48
CUST-010430,193859.03,13
CUST-010432,14949.5,30
CUST-010433,19717.7,53
CUST-010434,104548.36,33
CUST-010436,48977.49,20
CUST-010438,33022.5,4
CUST-010439,0.0,26
CUST-010441,74555.62,41
CUST-010442,11666.24,3
CUST-010443,68611.67,47
CUST-010444,61285.75,0
CUST-010447,9131.24,46
CUST-010448,50315.9,86
CUST-010449,24067.05,2
CUST-010450,64940.57,7
CUST-010451,54962.02,23
CUST-010452,87619.09,9
CUST-010453,47959.65,50
CUST-010455,9722.36,46
CUST-010456,36.27,18
CUST-010457,25982.95,15
CUST-010458,130506.01,67
CUST-010459,49560.16,0
CUST-010460,19938.41,45
CUST-010462,7949.88,21
CUST-010463,86269.28,15
CUST-010465,7132.91,4
CUST-010467,46948.73,32
CUST-010468,156464.49,25
CUST-010469,12470.42,37
CUST-010470,37968.47,0
CUST-010471,36104.77,7
CUST-010472,0.0,44
CUST-010473,50969.95,43
CUST-010474,18976.76,30
CUST-010475,86479.21,25
CUST-010476,144985.39,31
CUST-010479,85213.48,0
CUST-010480,180641.49,16
CUST-010481,94948.08,5
CUST-010482,161053.62,47
CUST-010483,2660.3,8
CUST-010484,162210.02,9
CUST-010485,80625.13,21
CUST-010486,92340.95,0
CUST-010487,68057.82,23
CUST-010488,25028.05,18
CUST-010489,69410.82,44
CUST-010490,3078.39,42
CUST-010492,3403.05,0
CUST-010493,6540.0,43
CUST-010494,201905.87,38
CUST-010495,1500.94,19
CUST-010496,46348.27,50
CUST-010498,60961.26,18
CUST-010499,149300.91,46
CUST-010502,9090.44,18
CUST-010503,130394.71,5
CUST-010504,134866.13,59
CUST-010506,146963.31,24
CUST-010508,4245.66,60
CUST-010510,77534.63,33
CUST-010511,9637.39,9
CUST-010512,1092.28,18
CUST-010514,23760.0,72
CUST-010515,27158.55,30
CUST-010516,20582.06,17
CUST-010517,10308.56,6
CUST-010518,21382.99,0
CUST-010519,169026.19,15
CUST-010520,54191.41,4
CUST-010521,2981.7,35
CUST-010522,954.43,25
CUST-010523,113816.9,30
CUST-010524,75176.97,64
CUST-010525,21971.15,12
CUST-010526,8518.64,35
CUST-010527,13551.5,31
CUST-010529,15316.16,6
CUST-010530,8090.16,33
CUST-010532,1103.35,68
CUST-010533,48659.21,57
CUST-010535,8625.54,40
CUST-010536,16029.77,41
CUST-010538,2893.77,34
CUST-010539,13379.64,28
CUST-010541,72653.62,59
CUST-010542,1036.16,54
CUST-010543,10162.34,18
CUST-010544,35622.33,47
CUST-010545,125179.4,0
CUST-010546,25477.04,58
CUST-010547,33558.62,19
CUST-010548,225409.07,8
CUST-010549,11766.28,73
CUST-010550,8289.66,21
CUST-010551,97112.73,66
CUST-010552,9455.84,34
CUST-010554,98950.89,5
CUST-010555,90948.84,31
CUST-010556,20441.65,40
CUST-010557,53812.24,0
CUST-010559,167404.78,0
CUST-010560,28449.26,43
CUST-010561,25045.46,0
CUST-010562,23032.59,41
CUST-010563,3380.61,1
CUST-010564,120833.3,10
CUST-010565,23543.44,30
CUST-010567,4911.78,22
CUST-010568,132825.59,0
CUST-010569,97293.78,0
CUST-010570,40403.04,40
CUST-010571,71963.26,71
CUST-010572,61565.82,33
CUST-010573,6795.31,0
CUST-010574,54478.5,32
CUST-010575,143892.71,0
CUST-010576,71832.89,24
CUST-010577,18619.06,34
CUST-010579,111076.66,14
CUST-010580,88545.79,34
CUST-010581,442.62,77
CUST-010582,22317.6,49
CUST-010583,81535.55,27
CUST-010585,44104.16,23
CUST-010586,25494.3,34
CUST-010589,11116.04,20
CUST-010590,0.0,36
CUST-010591,41118.5,35
CUST-010595,115589.27,18
CUST-010597,27298.26,22
CUST-010598,37512.37,0
CUST-010600,8109.87,19
CUST-010602,172590.86,11
CUST-010603,151481.41,33
CUST-010604,27502.45,40
CUST-010606,95934.89,8
CUST-010607,19290.55,16
CUST-010608,31783.72,0
CUST-010609,100502.08,0
CUST-010611,137417.52,10
CUST-010612,100174.41,29
CUST-010615,13473.23,46
CUST-010616,54603.66,16
CUST-010617,2913.48,31
CUST-010618,8719.64,71
CUST-010619,86992.6,6
CUST-010620,67917.87,0
CUST-010621,14808.88,6
CUST-010622,3818.88,10
CUST-010623,33341.88,47
CUST-010624,45989.73,62
CUST-010625,18504.08,17
CUST-010626,32777.29,18
CUST-010627,50910.72,62
CUST-010628,14530.39,43
CUST-010629,37049.17,30
CUST-010632,58156.47,17
CUST-010634,290.23,45
CUST-010635,155814.09,2
CUST-010636,59527.7,34
CUST-010638,26735.0,50
CUST-010639,4098.87,23
CUST-010641,11368.78,17
CUST-010642,2278.39,20
CUST-010643,35509.16,35
CUST-010644,46147.99,32
CUST-010646,8288.98,49
CUST-010647,9224.09,4
CUST-010648,158508.76,35
CUST-010650,61765.38,10
CUST-010651,45623.69,0
CUST-010652,144526.86,20
CUST-010653,189784.63,15
CUST-010654,57535.07,13
CUST-010655,70783.23,9
CUST-010656,103071.72,49
CUST-010659,6870.66,16
CUST-010660,39598.94,32
CUST-010662,19584.65,16
CUST-010663,16773.74,28
CUST-010664,40201.64,30
CUST-010665,993.98,44
CUST-010667,6801.55,21
CUST-010668,68582.75,0
CUST-010669,30903.48,40
CUST-010670,162570.64,65
CUST-010671,133704.36,23
CUST-010672,96588.51,26
CUST-010673,8406.41,34
CUST-010674,33470.53,31
CUST-010675,56447.92,5
CUST-010678,46226.55,81
CUST-010679,31838.94,4
CUST-010680,35260.55,0
CUST-010681,54648.38,2
CUST-010682,16650.8,42
CUST-010683,58505.87,2
CUST-010684,81387.34,37
CUST-010685,23631.12,26
CUST-010686,51359.7,39
CUST-010687,48702.85,12
CUST-010688,73268.79,29
CUST-010689,87644.55,34
CUST-010691,87128.63,60
CUST-010692,107441.77,6
CUST-010693,105160.03,28
CUST-010694,52316.45,20
CUST-010695,32457.89,26
CUST-010696,41226.17,33
CUST-010697,50183.59,20
CUST-010698,33239.88,47
CUST-010699,17879.1,27
CUST-010700,207597.66,20
CUST-010701,244691.35,24
CUST-010702,15367.98,25
CUST-010703,116505.09,32
CUST-010704,13597.53,22
CUST-010705,10996.8,73
CUST-010706,22847.99,12
CUST-010707,58005.34,0
CUST-010708,20218.14,7
CUST-010710,89150.72,43
CUST-010711,10609.48,23
CUST-010712,75113.23,47
CUST-010713,41454.2,40
CUST-010714,22440.12,0
CUST-010715,29653.78,38
CUST-010716,1430.02,5
CUST-010717,195124.44,50
CUST-010718,20807.46,0
CUST-010719,18237.57,48
CUST-010720,28923.09,33
CUST-010721,2012.23,40
CUST-010722,15356.61,3
CUST-010723,153244.3,47
CUST-010725,1329.44,49
CUST-010726,93202.08,27
CUST-010727,4546.75,0
CUST-010728,172496.55,51
CUST-010729,43130.27,0
CUST-010730,4038.4,15
CUST-010731,76406.74,16
CUST-010732,22976.64,18
CUST-010733,44546.81,20
CUST-010737,34995.51,59
CUST-010738,9474.93,19
CUST-010739,16781.54,60
CUST-010740,23644.26,25
CUST-010741,35077.52,3
CUST-010745,22321.58,34
CUST-010746,9908.29,12
CUST-010748,63189.13,29
CUST-010749,17092.36,12
CUST-010750,154840.03,33
CUST-010751,15363.07,23
CUST-010752,26292.6,27
CUST-010753,3682.39,5
CUST-010754,215942.74,56
CUST-010755,131485.6,17
CUST-010757,24629.98,25
CUST-010758,49677.67,22
CUST-010760,105431.72,26
CUST-010761,38831.62,71
CUST-010763,6210.14,19
CUST-010764,48479.95,20
CUST-010765,5023.87,19
CUST-010766,17376.17,74
CUST-010767,29010.47,31
CUST-010768,9495.8,54
CUST-010769,124480.02,20
CUST-010770,57596.37,61
CUST-010771,15636.2,10
CUST-010772,62944.16,19
CUST-010773,8444.39,34
CUST-010774,160278.35,42
CUST-010775,164862.4,0
CUST-010776,11426.3,13
CUST-010777,46075.4,23
CUST-010778,118254.24,9
CUST-010779,9028.14,20
CUST-010780,52498.77,31
CUST-010781,102890.86,29
CUST-010782,5735.05,39
CUST-010783,36919.83,6
CUST-010785,9138.62,15
CUST-010786,95969.6,32
CUST-010787,99975.54,30
CUST-010788,4711.19,16
CUST-010789,11333.34,3
CUST-010790,16213.52,25
CUST-010791,79835.9,6
CUST-010793,15586.0,31
CUST-010794,71340.8,0
CUST-010795,134436.82,4
CUST-010796,1676.57,60
CUST-010797,3902.92,46
CUST-010798,115854.06,7
CUST-010800,109180.96,29
CUST-010801,2198.2,21
CUST-010803,85075.45,18
CUST-010805,26133.93,53
CUST-010806,34705.11,63
CUST-010807,72508.63,15
CUST-010808,163726.59,32
CUST-010809,89815.7,17
CUST-010810,18813.08,7
CUST-010812,206774.29,19
CUST-010813,45200.43,26
CUST-010814,6583.54,10
CUST-010816,118914.69,9
CUST-010817,125619.95,10
CUST-010819,73616.76,57
CUST-010820,44505.39,23
CUST-010826,27009.25,64
CUST-010827,0.0,71
CUST-010829,5223.2,18
CUST-010830,123777.0,21
CUST-010831,140162.92,9
CUST-010832,848.06,27
CUST-010833,20798.54,46
CUST-010834,85531.63,5
CUST-010835,43991.51,0
CUST-010837,3723.37,51
CUST-010838,2720.2,50
CUST-010839,49230.04,22
CUST-010840,16560.55,16
CUST-010841,96008.87,48
CUST-010842,9763.28,19
CUST-010843,49812.88,12
CUST-010844,18559.47,21
CUST-010845,122160.33,21
CUST-010846,59408.81,6
CUST-010847,9667.9,20
CUST-010848,109211.36,0
CUST-010849,25799.45,21
CUST-010851,162078.63,25
CUST-010852,19448.3,33
CUST-010855,45589.09,5
CUST-010857,70493.2,9
CUST-010858,69276.34,1
CUST-010859,1378.02,2
CUST-010861,228322.38,6
CUST-010862,20074.87,33
CUST-010863,108833.72,15
CUST-010864,41066.74,0
CUST-010865,49846.65,0
CUST-010866,46198.67,25
CUST-010867,21212.63,21
CUST-010868,70275.14,3
CUST-010869,1435.76,57
CUST-010871,1862.91,23
CUST-010872,98507.87,0
CUST-010873,44744.01,0
CUST-010875,81146.57,44
CUST-010876,6247.89,41
CUST-010877,145353.37,31
CUST-010878,61482.44,51
CUST-010879,57644.12,43
CUST-010880,19049.35,0
CUST-010881,5726.54,50
CUST-010883,60573.66,45
CUST-010885,4114.04,33
CUST-010886,117065.48,26
CUST-010887,59564.49,62
CUST-010888,9594.73,10
CUST-010889,102743.12,10
CUST-010890,14103.74,25
CUST-010891,48725.53,0
CUST-010892,59830.25,44
CUST-010893,21085.06,18
CUST-010894,3766.38,9
CUST-010896,19990.9,6
CUST-010898,80915.72,38
CUST-010899,135693.69,21
CUST-010900,24051.33,10
CUST-010901,4341.04,47
CUST-010903,53286.86,9
CUST-010904,12123.2,33
CUST-010906,37927.57,22
CUST-010907,19422.04,21
CUST-010909,10509.13,30
CUST-010910,39490.06,0
CUST-010911,28946.5,16
CUST-010912,3403.91,12
CUST-010913,34230.61,46
CUST-010914,2311.43,43
CUST-010915,108589.75,11
CUST-010917,183370.93,5
CUST-010918,32338.28,29
CUST-010919,90657.77,0
CUST-010920,112316.73,10
CUST-010921,32647.92,20
CUST-010922,25704.13,22
CUST-010923,13802.99,4
CUST-010924,103188.67,0
CUST-010925,89930.58,64
CUST-010926,98730.07,6
CUST-010929,87742.36,0
CUST-010930,27138.87,33
CUST-010931,105191.97,36
CUST-010932,62717.92,35
CUST-010933,77228.9,0
CUST-010934,1733.09,60
CUST-010935,178131.41,25
CUST-010936,104935.9,9
CUST-010938,32281.35,53
CUST-010939,120052.86,0
CUST-010940,143614.09,0
CUST-010941,58029.64,28
CUST-010943,9057.03,32
CUST-010944,141249.53,59
CUST-010945,126463.68,19
CUST-010947,47031.46,57
CUST-010948,24695.23,0
CUST-010949,140274.28,25
CUST-010951,309.87,40
CUST-010952,81610.03,46
CUST-010953,20183.05,16
CUST-010954,5010.17,16
CUST-010955,49805.55,31
CUST-010956,5128.62,43
CUST-010957,126247.51,23
CUST-010958,86342.78,9
CUST-010959,44857.01,5
CUST-010960,121750.87,0
CUST-010961,100873.7,10
CUST-010962,89339.17,13
CUST-010963,52650.06,31
CUST-010964,139679.79,6
CUST-010966,7191.56,35
CUST-010967,36114.47,64
CUST-010968,13719.23,36
CUST-010969,247875.35,0
CUST-010970,66743.69,22
CUST-010972,41924.67,0
CUST-010973,1690.91,0
CUST-010974,66043.61,5
CUST-010975,152374.55,1
CUST-010976,21886.71,29
CUST-010977,80862.4,0
CUST-010978,77510.51,2
CUST-010979,75936.9,0
CUST-010980,40212.32,25
CUST-010981,54205.51,0
CUST-010983,144946.02,46
CUST-010984,48874.38,0
CUST-010985,2881.0,52
CUST-010986,54471.34,27
CUST-010988,84329.5,47
CUST-010989,176142.34,6
CUST-010991,13108.25,27
CUST-010992,10948.84,48
CUST-010995,645.77,35
CUST-010996,77636.41,40
CUST-010998,9368.79,48
CUST-010999,170888.09,72
CUST-011000,6848.57,50
CUST-011001,24291.52,27
CUST-011002,22219.65,35
CUST-011003,6912.81,22
CUST-011004,2542.94,12
CUST-011005,40776.47,23
CUST-011006,20915.46,30
CUST-011007,12969.1,15
CUST-011008,34234.9,19
CUST-011009,16679.69,11
CUST-011010,49777.26,5
CUST-011012,75497.08,11
CUST-011013,63162.01,9
CUST-011014,854.95,0
CUST-011017,85215.4,17
CUST-011018,104049.54,47
CUST-011019,28798.53,21
CUST-011020,39072.79,34
CUST-011021,87188.43,55
CUST-011022,159525.45,15
CUST-011023,28200.04,0
CUST-011024,3885.8,0
CUST-011026,4080.12,0
CUST-011028,24853.98,36
CUST-011031,55808.97,1
CUST-011032,5962.73,2
CUST-011034,32648.0,0
CUST-011037,1867.09,84
CUST-011039,145274.46,48
CUST-011040,33517.12,16
CUST-011041,105189.85,0
CUST-011042,17093.94,35
CUST-011044,50012.05,22
CUST-011046,31451.0,32
CUST-011047,32186.63,3
CUST-011048,20591.4,21
CUST-011050,47239.0,42
CUST-011051,2611.92,42
CUST-011052,74005.16,19
CUST-011053,105817.87,18
CUST-011054,88318.19,1
CUST-011055,80351.76,33
CUST-011056,193448.17,1
CUST-011057,198847.37,27
CUST-011058,3496.92,32
CUST-011059,15315.86,0
CUST-011060,12252.42,22
CUST-011061,68189.93,26
CUST-011064,100437.29,25
CUST-011065,26192.46,46
CUST-011067,6672.76,12
CUST-011068,33904.39,4
CUST-011069,86974.53,24
CUST-011072,48059.34,36
CUST-011073,104314.87,32
CUST-011074,6819.01,16
CUST-011075,152415.45,26
CUST-011076,252012.79,6
CUST-011079,82155.38,6
CUST-011080,25134.73,32
CUST-011081,12072.08,20
CUST-011083,5907.62,44
CUST-011084,112128.31,37
CUST-011085,2622.29,8
CUST-011086,5761.58,35
CUST-011087,33308.71,16
CUST-011088,72058.72,14
CUST-011089,14648.45,32
CUST-011090,82215.0,26
CUST-011091,11420.51,26
CUST-011092,22099.61,44
CUST-011093,31476.69,13
CUST-011094,5195.54,34
CUST-011095,55184.03,45
CUST-011096,2764.4,0
CUST-011098,9190.37,23
CUST-011102,22052.64,0
CUST-011103,69641.02,3
CUST-011104,66656.33,42
CUST-011105,110521.29,44
CUST-011106,38225.24,20
CUST-011107,3745.91,20
CUST-011109,182283.17,30
CUST-011110,33386.69,50
CUST-011111,23529.12,17
CUST-011112,73535.22,32
CUST-011113,110869.77,30
CUST-011115,113519.84,33
CUST-011116,138018.81,14
CUST-011117,52046.09,40
CUST-011118,38529.76,12
CUST-011119,50813.03,43
CUST-011121,57486.79,10
CUST-011123,787.77,63
CUST-011124,7486.03,32
CUST-011126,21705.17,20
CUST-011127,94593.76,23
CUST-011129,50267.3,33
CUST-011130,146786.74,7
CUST-011131,57217.58,4
CUST-011132,74380.92,45
CUST-011133,8602.17,33
CUST-011134,125980.44,25
CUST-011135,81272.51,0
CUST-011136,178746.08,9
CUST-011137,46450.17,19
CUST-011138,60400.25,2
CUST-011139,19276.82,3
CUST-011140,12465.13,17
CUST-011141,157520.54,17
CUST-011142,13889.51,25
CUST-011143,67934.86,0
CUST-011144,73585.13,22
CUST-011145,42951.08,37
CUST-011146,85890.72,31
CUST-011147,2254.62,35
CUST-011148,37728.83,50
CUST-011149,406.67,83
CUST-011150,69727.05,11
CUST-011152,8997.57,22
CUST-011153,146004.8,36
CUST-011154,103670.63,24
CUST-011155,35766.99,11
CUST-011156,2681.17,31
CUST-011157,31425.36,22
CUST-011158,123147.35,44
CUST-011159,86401.48,15
CUST-011160,172751.86,50
CUST-011161,42867.48,8
CUST-011162,10713.2,17
CUST-011163,11007.94,6
CUST-011165,10879.91,22
CUST-011167,28949.75,33
CUST-011168,44839.09,13
CUST-011170,6394.24,8
CUST-011171,25074.38,0
CUST-011172,13541.82,0
CUST-011173,40201.61,26
CUST-011174,49868.11,18
CUST-011175,158333.86,11
CUST-011176,2857.05,12
CUST-011177,81253.7,25
CUST-011178,52581.68,28
CUST-011180,4676.65,9
CUST-011181,22625.7,0
CUST-011182,13044.83,40
CUST-011183,38151.14,45
CUST-011184,36005.74,10
CUST-011185,198149.87,47
CUST-011186,11180.64,43
CUST-011187,54033.98,12
CUST-011188,4788.81,16
CUST-011189,66070.84,18
CUST-011191,124696.5,30
CUST-011192,18032.28,33
CUST-011194,22684.08,6
CUST-011195,52098.43,1
CUST-011196,42903.01,24
CUST-011198,57031.15,25
CUST-011199,5438.93,15
CUST-011200,125884.69,24
CUST-011201,16459.95,17
CUST-011202,21528.68,76
CUST-011203,29510.19,16
CUST-011204,83182.68,10
CUST-011205,132981.91,7
CUST-011206,686.65,56
CUST-011207,56723.45,17
CUST-011208,33139.02,44
CUST-011212,27111.4,39
CUST-011214,33423.81,14
CUST-011216,29711.86,17
CUST-011217,98298.05,24
CUST-011218,3188.25,28
CUST-011219,1960.09,17
CUST-011220,8674.7,21
CUST-011222,89695.18,8
CUST-011223,15907.9,58
CUST-011224,45094.15,9
CUST-011226,74934.04,0
CUST-011227,13916.65,16
CUST-011228,3071.67,28
CUST-011229,7476.82,32
CUST-011230,26645.62,46
CUST-011231,167878.64,47
CUST-011232,33652.51,0
CUST-011233,2602.04,46
CUST-011234,156855.72,47
CUST-011235,87309.16,0
CUST-011237,966.81,37
CUST-011238,80786.39,21
CUST-011239,155592.56,36
CUST-011240,36756.89,4
CUST-011241,73366.41,42
CUST-011242,20989.86,7
CUST-011243,191323.93,32
CUST-011244,90685.35,11
CUST-011245,148255.52,10
CUST-011246,43651.33,5
CUST-011247,60706.23,19
CUST-011248,5560.27,15
CUST-011249,30568.27,34
CUST-011250,62579.61,18
CUST-011251,122772.56,28
CUST-011252,115308.75,11
CUST-011253,101995.48,23
CUST-011254,98141.63,16
CUST-011255,101172.47,59
CUST-011256,113384.18,66
CUST-011257,0.0,26
CUST-011258,78592.29,0
CUST-011259,8174.08,38
CUST-011260,20679.25,54
CUST-011261,55040.92,54
CUST-011262,13599.85,24
CUST-011264,12082.32,45
CUST-011267,3320.94,34
CUST-011268,4699.38,23
CUST-011269,2100.83,10
CUST-011270,70886.93,33
CUST-011272,11160.44,50
CUST-011273,25126.67,39
CUST-011274,123519.07,6
CUST-011275,55536.35,20
CUST-011277,38047.4,44
CUST-011278,676.64,52
CUST-011279,125770.25,39
CUST-011280,4644.3,50
CUST-011281,47452.63,28
CUST-011283,48189.71,0
CUST-011284,18941.87,32
CUST-011285,13851.42,9
CUST-011286,157695.96,34
CUST-011287,81590.15,26
CUST-011288,2444.98,25
CUST-011289,93841.04,24
CUST-011290,6275.66,6
CUST-011291,166738.26,41
CUST-011292,44598.26,58
CUST-011293,33169.45,50
CUST-011294,75185.58,2
CUST-011295,13638.52,17
CUST-011296,146627.32,0
CUST-011297,27575.25,0
CUST-011298,2610.79,50
CUST-011299,951.78,30
CUST-011300,35227.87,37
CUST-011302,18541.15,33
CUST-011303,78317.96,38
CUST-011304,26388.48,24
CUST-011305,51038.94,13
CUST-011306,77923.35,52
CUST-011308,6416.91,33
CUST-011309,433.94,11
CUST-011310,103637.6,43
CUST-011311,8086.32,21
CUST-011312,5637.24,42
CUST-011313,79379.26,9
CUST-011315,117746.15,16
CUST-011316,26884.23,22
CUST-011317,81822.12,25
CUST-011318,7880.66,8
CUST-011319,8370.58,41
CUST-011320,55062.93,25
CUST-011321,14734.92,46
CUST-011323,29975.57,44
CUST-011324,54457.42,42
CUST-011325,163536.22,33
CUST-011326,32388.42,24
CUST-011327,21162.33,22
CUST-011329,15722.71,6
CUST-011330,177755.77,2
CUST-011331,29770.7,21
CUST-011333,42628.91,14
CUST-011334,1698.77,79
CUST-011335,2991.53,40
CUST-011337,50232.65,22
CUST-011339,5798.71,40
CUST-011340,51350.76,0
CUST-011341,9735.85,38
CUST-011342,4273.33,31
CUST-011344,62470.23,30
CUST-011345,62265.84,34
CUST-011346,69982.45,32
CUST-011347,5872.24,18
CUST-011348,140010.78,45
CUST-011350,28003.24,15
CUST-011351,93644.16,0
CUST-011352,79500.97,11
CUST-011353,12493.68,40
CUST-011354,34197.63,47
CUST-011355,68063.65,52
CUST-011356,136614.43,12
CUST-011357,69497.65,41
CUST-011358,54407.27,1
CUST-011359,14729.83,32
CUST-011361,11447.65,35
CUST-011362,141787.1,46
CUST-011363,13948.55,4
CUST-011364,54963.9,15
CUST-011365,150687.05,41
CUST-011366,3911.39,19
CUST-011367,56518.3,21
CUST-011368,111438.38,12
CUST-011369,35518.66,30
CUST-011370,45902.76,34
CUST-011371,50225.83,14
CUST-011372,144512.43,10
CUST-011373,42345.21,0
CUST-011375,145387.93,11
CUST-011376,38202.8,32
CUST-011377,44311.82,12
CUST-011378,160751.26,5
CUST-011379,6898.55,7
CUST-011380,5995.23,18
CUST-011382,4219.12,12
CUST-011383,33807.4,0
CUST-011384,75038.58,5
CUST-011385,14766.34,12
CUST-011386,69325.62,44
CUST-011387,15199.71,46
CUST-011388,88828.48,43
CUST-011389,120417.82,15
CUST-011390,10459.56,50
CUST-011391,93960.7,44
CUST-011392,54976.81,2
CUST-011393,42607.95,43
CUST-011394,132987.35,6
CUST-011395,3255.77,34
CUST-011396,87438.28,47
CUST-011398,49181.1,4
CUST-011399,95658.75,21
CUST-011400,0.0,60
CUST-011401,25045.95,22
CUST-011403,134151.44,17
CUST-011404,26191.83,0
CUST-011405,34639.68,34
CUST-011406,102722.85,5
CUST-011407,110234.14,7
CUST-011408,67268.61,0
CUST-011409,152306.63,21
CUST-011410,12521.49,8
CUST-011411,143987.08,26
CUST-011412,110027.11,8
CUST-011413,15624.42,6
CUST-011414,78752.97,0
CUST-011415,17639.15,45
CUST-011416,80388.65,57
CUST-011417,55435.7,17
CUST-011418,17341.15,8
CUST-011419,179.89,38
CUST-011420,159153.25,13
CUST-011421,98485.07,3
CUST-011422,46970.73,5
CUST-011423,5701.64,6
CUST-011424,91357.71,15
CUST-011425,156640.16,32
CUST-011426,165606.45,8
CUST-011429,129594.65,1
CUST-011431,97642.97,50
CUST-011432,20215.93,28
CUST-011433,27060.84,67
CUST-011435,26936.2,19
CUST-011436,34390.66,6
CUST-011438,199465.49,12
CUST-011440,86546.85,9
CUST-011441,24306.13,40
CUST-011442,22612.18,16
CUST-011443,42978.73,32
CUST-011444,21961.91,22
CUST-011446,100497.18,0
CUST-011447,153057.21,5
CUST-011448,0.0,52
CUST-011449,24520.27,5
CUST-011452,64211.18,0
CUST-011453,17324.54,22
CUST-011454,59239.72,16
CUST-011455,38631.41,48
CUST-011456,11626.45,2
CUST-011457,13395.24,10
CUST-011459,8169.96,8
CUST-011460,8408.01,32
CUST-011461,2798.7,48
CUST-011463,28372.91,0
CUST-011464,96659.68,23
CUST-011465,10206.25,38
CUST-011466,96458.55,31
CUST-011468,42422.52,31
CUST-011469,7056.95,15
CUST-011470,50277.33,46
CUST-011471,36349.63,27
CUST-011472,50437.85,28
CUST-011473,174976.77,19
CUST-011474,431.38,55
CUST-011480,34860.71,0
CUST-011481,75711.38,29
CUST-011482,69092.41,0
CUST-011483,33643.03,0
CUST-011485,3780.4,22
CUST-011486,144694.53,73
CUST-011487,37733.99,8
CUST-011488,96994.14,21
CUST-011489,62676.06,56
CUST-011490,17505.01,8
CUST-011491,19447.06,35
CUST-011492,25328.21,6
CUST-011493,176299.38,48
CUST-011494,9860.38,8
CUST-011496,210310.31,38
CUST-011497,82584.4,5
CUST-011499,83669.79,21
CUST-011502,51861.75,60
CUST-011503,51767.57,20
CUST-011504,50155.79,24
CUST-011506,35914.44,31
CUST-011507,55986.06,73
CUST-011508,52593.81,0
CUST-011509,23106.92,41
CUST-011510,32291.42,24
CUST-011511,125601.81,62
CUST-011512,97194.46,9
CUST-011513,25559.26,23
CUST-011514,109407.08,28
CUST-011515,181384.07,47
CUST-011516,55625.26,39
CUST-011517,117529.35,39
CUST-011518,73932.71,36
CUST-011519,43454.38,34
CUST-011520,154678.79,37
CUST-011521,75675.36,24
CUST-011523,63568.53,36
CUST-011524,6921.25,35
CUST-011525,758.46,74
CUST-011526,23247.64,24
CUST-011527,246718.16,28
CUST-011529,1055.61,29
CUST-011530,47334.93,22
CUST-011531,22861.16,0
CUST-011532,9797.33,39
CUST-011533,41472.24,38
CUST-011534,41098.23,36
CUST-011535,29874.04,13
CUST-011537,28405.67,30
CUST-011538,0.0,37
CUST-011540,32176.16,47
CUST-011541,64071.1,26
CUST-011543,35559.18,1
CUST-011544,43816.83,50
CUST-011545,8866.59,15
CUST-011546,7257.06,30
CUST-011549,21982.39,62
CUST-011550,9366.96,42
CUST-011551,63214.9,20
CUST-011552,734.74,49
CUST-011553,43027.58,6
CUST-011554,141836.21,2
CUST-011555,38294.82,47
CUST-011556,39978.56,20
CUST-011557,19491.89,0
CUST-011558,10594.37,19
CUST-011559,106223.15,6
CUST-011560,16564.32,26
CUST-011561,98374.7,47
CUST-011562,36855.87,7
CUST-011564,68157.63,26
CUST-011565,40341.0,48
CUST-011566,7833.57,32
CUST-011567,17572.14,22
CUST-011568,9132.41,0
CUST-011570,6517.82,0
CUST-011571,154876.21,34
CUST-011572,32413.38,7
CUST-011573,69225.86,5
CUST-011574,47664.85,4
CUST-011577,53341.67,5
CUST-011578,103.88,34
CUST-011580,8483.02,54
CUST-011581,86257.85,61
CUST-011582,80949.2,25
CUST-011583,160748.79,15
CUST-011584,35557.81,5
CUST-011585,150829.2,41
CUST-011586,62020.88,68
CUST-011587,143326.0,34
CUST-011588,23899.06,19
CUST-011589,28698.82,45
CUST-011590,3624.24,44
CUST-011591,51977.72,46
CUST-011593,84512.53,9
CUST-011594,10115.56,2
CUST-011596,69933.52,6
CUST-011597,100534.06,16
CUST-011599,1201.61,11
CUST-011600,18161.88,20
CUST-011601,0.0,38
CUST-011603,153101.48,31
CUST-011604,57757.44,8
CUST-011605,46640.43,0
CUST-011607,137278.31,9
CUST-011609,60730.97,28
CUST-011610,66131.77,8
CUST-011611,28492.64,32
CUST-011612,5595.46,22
CUST-011613,64251.14,35
CUST-011614,19730.2,45
CUST-011615,1481.83,35
CUST-011616,59774.2,49
CUST-011617,13484.35,40
CUST-011619,38441.9,46
CUST-011621,151658.71,25
CUST-011622,23520.33,0
CUST-011623,177984.47,56
CUST-011624,64419.09,0
CUST-011625,0.0,25
CUST-011627,123274.77,19
CUST-011628,20577.34,40
CUST-011629,35176.55,15
CUST-011630,140115.05,50
CUST-011631,87045.32,8
CUST-011632,20830.06,10
CUST-011633,21579.08,7
CUST-011634,24228.02,0
CUST-011636,51650.38,0
CUST-011638,17632.05,28
CUST-011640,1958.28,24
CUST-011641,15860.95,25
CUST-011642,26812.18,17
CUST-011643,55655.25,35
CUST-011644,102409.79,43
CUST-011645,176648.31,35
CUST-011647,49684.78,3
CUST-011648,86321.13,42
CUST-011649,149608.36,39
CUST-011650,46112.73,16
CUST-011651,42711.63,0
CUST-011652,3408.63,66
CUST-011653,60039.31,0
CUST-011654,59465.15,9
CUST-011655,39536.81,42
CUST-011656,56400.28,58
CUST-011657,258.99,25
CUST-011658,51760.78,68
CUST-011659,89123.94,14
CUST-011660,26177.07,35
CUST-011663,178078.44,20
CUST-011664,52834.33,0
CUST-011665,88102.08,62
CUST-011668,32814.94,3
CUST-011670,39044.14,0
CUST-011672,5597.59,47
CUST-011673,90170.02,63
CUST-011674,117698.26,41
CUST-011675,200381.44,40
CUST-011676,28974.8,20
CUST-011677,79690.91,10
CUST-011678,1194.72,65
CUST-011679,2219.2,0
CUST-011680,14824.88,8
CUST-011682,84050.34,27
CUST-011684,5991.25,14
CUST-011685,116349.78,41
CUST-011686,30102.34,0
CUST-011687,11567.64,42
CUST-011688,68424.63,23
CUST-011689,46208.31,44
CUST-011690,118216.84,32
CUST-011691,21943.2,13
CUST-011692,222456.43,7
CUST-011693,104470.91,10
CUST-011694,114053.67,0
CUST-011695,19873.1,23
CUST-011696,43558.49,56
CUST-011697,0.0,49
CUST-011698,163974.87,61
CUST-011699,3274.35,0
CUST-011700,16254.69,0
CUST-011701,88010.67,49
CUST-011702,169818.0,7
CUST-011703,89590.69,34
CUST-011704,28000.73,48
CUST-011705,207549.95,12
CUST-011706,20313.77,45
CUST-011707,14104.98,21
CUST-011708,9740.72,18
CUST-011711,86396.32,18
CUST-011713,59018.21,45
CUST-011714,20182.42,9
CUST-011715,601.67,7
CUST-011717,75829.62,49
CUST-011718,151582.28,42
CUST-011719,117609.93,30
CUST-011720,182172.06,17
CUST-011721,2048.38,28
CUST-011722,8191.25,31
CUST-011723,0.0,50
CUST-011724,9099.66,0
CUST-011725,45331.19,3
CUST-011726,29880.94,9
CUST-011727,80655.63,46
CUST-011728,2204.94,60
CUST-011729,21359.31,23
CUST-011732,46723.83,13
CUST-011734,71418.97,22
CUST-011736,4409.34,58
CUST-011737,22511.9,47
CUST-011738,2678.28,31
CUST-011739,26419.73,33
CUST-011740,6876.18,39
CUST-011741,12482.65,14
CUST-011742,1154.06,45
CUST-011743,119616.35,22
CUST-011744,2666.82,20
CUST-011746,37947.76,62
CUST-011747,80179.47,0
CUST-011748,149818.74,36
CUST-011749,1087.89,11
CUST-011751,145017.46,0
CUST-011752,70545.92,47
CUST-011753,1248.18,25
CUST-011755,61633.02,49
CUST-011756,104509.71,49
CUST-011759,17852.29,66
CUST-011760,154351.5,5
CUST-011761,3174.39,14
CUST-011764,3446.21,19
CUST-011765,5563.88,29
CUST-011766,43568.45,75
CUST-011767,81052.83,0
CUST-011768,66691.1,8
CUST-011769,30876.4,33
CUST-011770,189676.57,9
CUST-011771,76932.2,6
CUST-011773,82049.39,41
CUST-011774,215371.76,27
CUST-011775,53759.93,6
CUST-011776,199200.97,41
CUST-011777,4189.63,21
CUST-011778,20860.93,10
CUST-011779,5197.74,22
CUST-011780,171411.02,29
CUST-011781,17354.51,19
CUST-011782,126037.35,7
CUST-011783,125849.18,42
CUST-011784,14691.9,64
CUST-011785,38465.83,35
CUST-011786,11110.59,8
CUST-011787,43919.29,17
CUST-011788,9907.32,6
CUST-011789,26359.39,33
CUST-011790,2010.48,34
CUST-011791,33081.91,6
CUST-011792,2391.17,0
CUST-011793,33013.85,25
CUST-011794,20105.81,36
CUST-011795,16583.51,39
CUST-011796,66600.91,18
CUST-011797,40906.96,24
CUST-011799,54687.74,11
CUST-011801,1674.56,42
CUST-011802,36951.9,22
CUST-011803,1920.44,49
CUST-011804,83073.43,71
CUST-011805,4625.85,13
CUST-011806,103706.58,51
CUST-011810,66382.5,0
CUST-011811,15220.48,47
CUST-011812,59992.1,5
CUST-011815,80485.89,44
CUST-011816,134320.28,0
CUST-011817,133531.33,50
CUST-011818,1042.38,20
CUST-011819,66652.27,57
CUST-011820,1605.02,2
CUST-011821,4808.46,17
CUST-011822,5640.24,8
CUST-011823,13124.23,10
CUST-011825,16505.91,40
CUST-011826,47076.5,17
CUST-011827,59102.23,45
CUST-011829,30359.49,0
CUST-011830,65316.55,1
CUST-011831,14554.28,45
CUST-011832,42185.31,44
CUST-011834,43692.48,42
CUST-011835,99842.47,12
CUST-011836,58222.1,35
CUST-011838,17611.32,7
CUST-011841,77149.88,0
CUST-011842,53393.64,22
CUST-011843,97897.76,40
CUST-011845,106002.76,25
CUST-011846,84085.7,58
CUST-011848,17121.13,46
CUST-011849,21036.05,26
CUST-011850,59313.12,44
CUST-011851,34535.02,48
CUST-011852,6489.92,34
CUST-011854,60296.15,0
CUST-011855,34172.15,0
CUST-011856,129702.69,7
CUST-011857,87911.15,16
CUST-011858,50432.32,56
CUST-011859,45279.0,59
CUST-011860,18482.16,9
CUST-011861,3316.11,30
CUST-011862,0.0,48
CUST-011863,140753.71,60
CUST-011865,111797.09,50
CUST-011866,15972.31,21
CUST-011867,139124.18,33
CUST-011868,53.66,35
CUST-011870,10775.66,9
CUST-011871,112746.38,22
CUST-011872,19893.22,44
CUST-011875,65430.17,0
CUST-011877,69218.24,45
CUST-011878,66207.92,13
CUST-011879,44251.55,75
CUST-011880,4459.59,8
CUST-011881,27289.19,15
CUST-011882,124295.2,8
CUST-011883,12797.46,64
CUST-011884,11293.84,20
CUST-011885,31093.63,42
CUST-011886,114958.27,38
CUST-011888,15702.18,39
CUST-011889,90527.21,25
CUST-011890,29280.05,22
CUST-011892,13127.1,31
CUST-011893,59550.87,38
CUST-011894,236691.98,10
CUST-011895,19014.97,22
CUST-011896,55894.65,3
CUST-011897,101212.98,37
CUST-011899,45654.45,23
CUST-011900,86922.6,17
CUST-011901,23780.91,45
CUST-011904,49116.92,1
CUST-011907,217969.11,4
CUST-011908,38544.57,10
CUST-011909,0.0,45
CUST-011910,54275.09,23
CUST-011914,66840.78,50
CUST-011915,2805.16,18
CUST-011917,60756.02,15
CUST-011919,709.04,64
CUST-011920,52322.9,65
CUST-011921,76120.98,43
CUST-011923,17848.93,25
CUST-011925,85069.66,0
CUST-011926,13208.72,25
CUST-011927,56951.82,58
CUST-011928,85362.6,30
CUST-011929,2642.16,56
CUST-011930,217614.46,8
CUST-011931,123556.88,15
CUST-011932,32788.69,20
CUST-011933,9205.93,32
CUST-011935,29565.82,38
CUST-011936,39119.8,50
CUST-011937,89635.22,34
CUST-011938,15808.73,85
CUST-011939,39436.43,20
CUST-011940,84003.91,1
CUST-011941,104539.37,0
CUST-011942,33406.45,2
CUST-011943,86561.94,23
CUST-011944,4692.68,37
CUST-011945,26650.7,31
CUST-011946,1604.73,45
CUST-011947,173902.24,5
CUST-011948,47894.28,32
CUST-011950,11810.63,32
CUST-011951,126395.68,7
CUST-011952,41155.28,42
CUST-011953,54613.85,30
CUST-011954,6359.67,8
CUST-011955,115444.82,38
CUST-011956,174560.16,38
CUST-011957,6616.55,11
CUST-011958,48768.65,6
CUST-011959,81020.61,19
CUST-011960,96581.37,17
CUST-011962,0.0,29
CUST-011963,41287.67,16
CUST-011964,15922.52,21
CUST-011965,48096.45,28
CUST-011966,75167.19,10
CUST-011967,5090.42,8
CUST-011968,170087.27,20
CUST-011969,143424.97,10
CUST-011970,43563.4,36
CUST-011971,61244.21,16
CUST-011972,22715.45,0
CUST-011974,2035.85,15
CUST-011975,73471.42,22
CUST-011976,95993.34,34
CUST-011977,220598.02,40
CUST-011978,12356.98,30
CUST-011979,48747.35,4
CUST-011980,21733.71,35
CUST-011982,21999.64,3
CUST-011983,205699.04,43
CUST-011984,40301.05,24
CUST-011985,121550.37,16
CUST-011986,108686.11,11
CUST-011987,8434.15,43
CUST-011989,0.0,35
CUST-011990,15490.4,50
CUST-011991,119797.24,42
CUST-011992,8774.21,51
CUST-011993,141262.54,31
CUST-011995,11148.72,48
CUST-011996,83982.22,36
CUST-011997,81658.75,49
CUST-011998,9624.36,20
CUST-011999,98548.65,50
CUST-012000,96498.77,10
CUST-012003,4010.26,15
CUST-012004,151759.15,40
CUST-012005,125108.83,57
CUST-012009,63558.38,62
CUST-012010,11122.73,9
CUST-012012,14149.28,45
CUST-012013,132065.34,62
CUST-012014,10081.68,24
CUST-012015,31508.45,0
CUST-012016,14870.74,23
CUST-012017,27910.14,6
CUST-012018,72352.21,31
CUST-012019,8697.51,7
CUST-012020,36833.41,22
CUST-012021,51494.78,29
CUST-012022,7467.14,52
CUST-012023,1500.06,42
CUST-012024,5317.48,7
CUST-012026,224971.18,37
CUST-012027,8974.36,16
CUST-012028,132369.11,30
CUST-012029,48340.39,10
CUST-012030,186689.56,62
CUST-012032,125147.09,45
CUST-012033,37016.81,28
CUST-012034,143819.66,58
CUST-012035,109709.41,58
CUST-012036,933.39,64
CUST-012037,1394.19,94
CUST-012040,5927.43,44
CUST-012041,73225.86,69
CUST-012042,148988.56,23
CUST-012043,83420.22,16
CUST-012044,162.84,55
CUST-012046,10748.23,55
CUST-012047,66179.14,5
CUST-012048,13712.54,45
CUST-012049,200410.82,47
CUST-012050,1969.47,28
CUST-012051,6778.46,23
CUST-012055,39746.08,11
CUST-012056,35400.32,13
CUST-012057,1052.7,44
CUST-012058,39023.83,9
CUST-012060,80668.44,16
CUST-012061,4641.51,49
CUST-012062,7557.69,47
CUST-012063,60710.15,31
CUST-012064,31254.16,10
CUST-012065,6201.17,17
CUST-012067,225728.61,14
CUST-012068,9001.1,12
CUST-012069,19228.28,43
CUST-012070,80663.64,63
CUST-012071,139710.45,18
CUST-012072,178358.16,7
CUST-012073,114329.65,30
CUST-012074,27380.21,10
CUST-012076,24998.29,9
CUST-012077,12539.82,26
CUST-012078,78004.92,33
CUST-012079,71011.94,22
CUST-012080,16515.25,81
CUST-012081,72483.16,21
CUST-012085,104770.2,0
CUST-012086,15588.95,45
CUST-012087,138392.78,2
CUST-012088,3027.56,61
CUST-012090,114020.45,6
CUST-012091,19120.72,42
CUST-012092,70732.13,67
CUST-012094,114789.86,9
CUST-012095,18981.5,34
CUST-012096,92747.29,26
CUST-012097,43130.43,24
CUST-012098,52931.61,62
CUST-012099,105734.95,28
CUST-012100,84301.2,32
CUST-012101,115273.56,26
CUST-012102,4968.63,46
CUST-012103,23414.1,19
CUST-012104,80441.51,25
CUST-012106,12480.25,45
CUST-012107,88873.03,23
CUST-012108,24419.63,67
CUST-012109,20904.33,56
CUST-012110,22548.97,45
CUST-012112,49933.54,30
CUST-012113,1902.21,0
CUST-012114,53518.94,56
CUST-012115,25890.74,44
CUST-012116,80393.92,20
CUST-012117,23711.16,16
CUST-012119,11201.45,43
CUST-012120,2653.15,4
CUST-012121,8403.31,6
CUST-012122,33804.54,26
CUST-012123,155537.24,0
CUST-012126,37628.42,47
CUST-012127,6441.89,46
CUST-012128,67692.27,58
CUST-012129,26577.28,12
CUST-012130,110828.91,5
CUST-012132,1884.42,33
CUST-012133,33036.65,7
CUST-012134,10010.74,39
CUST-012135,113876.29,30
CUST-012136,16420.22,6
CUST-012138,175570.33,44
CUST-012139,78565.98,16
CUST-012140,26926.88,24
CUST-012143,72267.1,0
CUST-012144,42525.3,9
CUST-012146,7105.31,20
CUST-012149,31935.51,44
CUST-012150,20420.91,30
CUST-012151,186472.62,24
CUST-012152,99479.45,7
CUST-012153,8402.93,42
CUST-012154,173288.88,12
CUST-012155,13640.8,23
CUST-012156,71952.32,0
CUST-012157,4793.74,49
CUST-012159,101917.3,16
CUST-012160,125748.2,0
CUST-012161,4577.76,0
CUST-012162,14539.9,0
CUST-012163,6446.13,17
CUST-012164,39672.12,58
CUST-012165,8844.83,44
CUST-012166,6833.19,53
CUST-012167,72534.98,50
CUST-012168,179011.95,34
CUST-012169,8835.56,34
CUST-012170,52609.18,42
CUST-012171,190361.84,20
CUST-012172,73905.98,46
CUST-012173,98484.68,39
CUST-012174,85269.09,0
CUST-012175,63942.99,58
CUST-012176,101409.24,20
CUST-012177,33327.23,21
CUST-012178,9107.5,42
CUST-012179,122429.88,39
CUST-012180,4444.74,0
CUST-012181,11859.55,8
CUST-012182,17001.57,24
CUST-012183,8640.08,6
CUST-012184,62741.43,54
CUST-012186,86641.37,0
CUST-012187,100862.14,23
CUST-012189,21586.1,87
CUST-012190,124380.2,6
CUST-012191,5930.21,39
CUST-012192,89353.06,31
CUST-012193,125139.95,47
CUST-012194,26156.59,21
CUST-012195,238736.25,34
CUST-012196,16502.78,42
CUST-012197,52265.1,63
CUST-012198,17049.33,43
CUST-012199,53678.21,63
CUST-012200,181068.7,89
CUST-012202,36258.24,0
CUST-012203,107132.6,7
CUST-012205,72555.73,23
CUST-012206,5010.96,22
CUST-012207,74189.26,16
CUST-012208,127771.6,38
CUST-012210,120482.4,20
CUST-012211,103820.5,28
CUST-012212,76538.99,23
CUST-012213,20720.08,14
CUST-012214,136507.83,22
CUST-012216,75560.22,6
CUST-012218,25356.35,37
CUST-012219,30964.33,8
CUST-012220,75909.22,32
CUST-012221,10293.46,25
CUST-012222,111089.87,21
CUST-012223,50486.8,25
CUST-012224,10726.32,2
CUST-012225,66534.21,35
CUST-012226,87865.94,85
CUST-012227,5281.52,0
CUST-012228,18039.73,39
CUST-012229,6840.98,39
CUST-012232,63163.7,53
CUST-012233,75269.37,15
CUST-012234,82006.32,18
CUST-012235,119818.3,1
CUST-012237,41457.87,31
CUST-012238,123063.37,13
CUST-012239,182486.42,46
CUST-012240,7889.55,8
CUST-012242,79109.84,58
CUST-012243,20487.75,26
CUST-012244,12087.67,16
CUST-012245,16388.71,62
CUST-012246,16906.84,30
CUST-012247,21478.67,50
CUST-012248,1326.72,6
CUST-012249,7317.42,38
CUST-012250,39911.09,24
CUST-012251,168854.46,50
CUST-012252,170839.75,11
CUST-012253,5176.1,31
CUST-012254,44729.44,8
CUST-012255,0.0,62
CUST-012256,58445.29,8
CUST-012257,50434.14,44
CUST-012259,130220.41,10
CUST-012260,97255.49,22
CUST-012261,102578.85,87
CUST-012263,28150.91,53
CUST-012265,137845.32,43
CUST-012266,97871.22,61
CUST-012268,60137.26,28
CUST-012269,8122.56,34
CUST-012270,116596.96,28
CUST-012271,12481.01,47
CUST-012272,46033.81,21
CUST-012273,18216.41,40
CUST-012274,8007.34,24
CUST-012275,111074.98,35
CUST-012276,1776.31,26
CUST-012277,48578.65,20
CUST-012278,116324.65,15
CUST-012279,30259.91,78
CUST-012280,98986.9,47
CUST-012281,69647.27,5
CUST-012282,84493.21,16
CUST-012283,26909.66,0
CUST-012285,3127.49,17
CUST-012287,65388.2,50
CUST-012289,2843.25,0
CUST-012290,32341.78,0
CUST-012292,1501.68,15
CUST-012294,32036.82,84
CUST-012295,102395.9,26
CUST-012296,13252.97,42
CUST-012298,32685.83,0
CUST-012299,46955.8,39
CUST-012300,25313.85,27
CUST-012301,49464.99,32
CUST-012303,6507.05,18
CUST-012304,158469.37,34
CUST-012305,971.0,60
CUST-012306,7932.01,47
CUST-012307,43044.88,60
CUST-012308,31837.59,31
CUST-012309,54532.8,0
CUST-012310,76976.16,9
CUST-012311,36046.73,43
CUST-012312,18613.29,13
CUST-012313,35484.97,27
CUST-012315,7139.13,5
CUST-012316,13089.92,60
CUST-012317,10883.49,16
CUST-012318,111920.11,25
CUST-012319,70190.82,35
CUST-012320,63158.51,34
CUST-012321,14277.51,9
CUST-012322,97001.34,22
CUST-012323,10586.44,30
CUST-012324,39273.76,31
CUST-012325,3673.37,10
CUST-012326,7038.75,62
CUST-012327,20333.41,38
CUST-012328,20528.35,14
CUST-012329,41870.38,0
CUST-012330,5557.41,22
CUST-012331,10877.79,22
CUST-012332,64556.04,0
CUST-012333,118668.21,10
CUST-012334,186934.12,0
CUST-012335,51416.52,13
CUST-012336,46231.19,29
CUST-012337,10186.58,7
CUST-012338,8718.34,15
CUST-012340,16185.89,23
CUST-012341,44573.43,48
CUST-012343,21898.39,0
CUST-012344,22571.42,14
CUST-012345,148202.64,68
CUST-012346,7860.28,24
CUST-012347,59635.34,6
CUST-012349,58226.38,5
CUST-012350,25756.74,42
CUST-012353,31488.06,16
CUST-012355,8895.5,40
CUST-012356,47014.99,0
CUST-012357,106872.71,48
CUST-012358,30033.36,32
CUST-012359,40185.34,6
CUST-012360,15165.2,22
CUST-012361,13138.01,42
CUST-012362,103703.37,33
CUST-012364,46377.57,35
CUST-012367,25632.15,12
CUST-012368,5223.38,49
CUST-012369,65232.91,23
CUST-012370,161360.55,8
CUST-012371,101320.51,22
CUST-012374,154096.8,15
CUST-012375,97338.47,47
CUST-012376,37846.44,13
CUST-012379,13483.37,38
CUST-012380,10013.56,9
CUST-012381,3570.43,75
CUST-012382,45738.85,21
CUST-012383,8317.04,19
CUST-012384,34912.15,23
CUST-012385,2856.0,30
CUST-012386,39022.49,5
CUST-012387,115601.02,50
CUST-012389,5689.93,0
CUST-012390,171232.54,57
CUST-012391,134281.59,6
CUST-012392,4784.44,32
CUST-012393,39824.95,38
CUST-012394,22737.7,19
CUST-012395,120329.85,41
CUST-012397,53816.21,13
CUST-012398,63208.69,55
CUST-012399,21747.15,10
CUST-012400,22042.4,20
CUST-012402,2157.15,3
CUST-012403,34538.67,8
CUST-012405,10584.2,7
CUST-012406,30218.12,36
CUST-012407,0.0,29
CUST-012409,59154.22,16
CUST-012410,170159.88,56
CUST-012411,38494.28,71
CUST-012412,60094.38,4
CUST-012413,8659.3,35
CUST-012414,5465.13,33
CUST-012416,11415.41,11
CUST-012417,5115.13,59
CUST-012418,42921.35,3
CUST-012420,145875.57,0
CUST-012421,154172.9,7
CUST-012422,36273.51,27
CUST-012425,4297.2,32
CUST-012428,148887.55,3
CUST-012429,19763.21,70
CUST-012431,2267.45,0
CUST-012433,57016.14,34
CUST-012434,77410.17,53
CUST-012435,39143.89,32
CUST-012437,53789.02,20
CUST-012438,172416.92,0
CUST-012439,76099.15,33
CUST-012440,78548.88,0
CUST-012442,118724.35,0
CUST-012443,26897.85,39
CUST-012444,48463.91,9
CUST-012445,79079.37,23
CUST-012446,43283.09,22
CUST-012447,44240.71,0
CUST-012449,117469.36,0
CUST-012450,9197.97,19
CUST-012451,193714.94,49
CUST-012453,53467.26,75
CUST-012454,31373.08,0
CUST-012455,134881.13,0
CUST-012456,83340.76,11
CUST-012457,98746.3,40
CUST-012459,1281.74,0
CUST-012460,147999.31,36
CUST-012461,10387.21,41
CUST-012462,5272.98,35
CUST-012463,199702.61,21
CUST-012464,54094.98,13
CUST-012465,35258.49,10
CUST-012467,76182.12,37
CUST-012468,12685.56,17
CUST-012469,89895.1,9
CUST-012471,4827.51,14
CUST-012472,6993.72,13
CUST-012473,129811.36,0
CUST-012474,50489.43,8
CUST-012475,230938.75,0
CUST-012477,2865.89,38
CUST-012479,16507.93,1
CUST-012480,802.05,25
CUST-012481,44679.15,32
CUST-012483,66710.35,59
CUST-012485,88747.24,16
CUST-012486,120541.69,18
CUST-012489,46260.79,5
CUST-012490,604.08,38
CUST-012491,1008.02,0
CUST-012492,15515.85,43
CUST-012493,59442.41,8
CUST-012494,226653.17,21
CUST-012495,129566.16,15
CUST-012496,73323.11,18
CUST-012498,128122.46,31
CUST-012499,54390.7,65
CUST-012500,135536.21,39
CUST-012501,41545.29,60
CUST-012502,47308.33,37
CUST-012503,115147.59,10
CUST-012504,104577.69,23
CUST-012505,59272.75,21
CUST-012507,110612.11,26
CUST-012508,15974.8,19
CUST-012509,54829.18,7
CUST-012510,92934.73,60
CUST-012512,154676.46,10
CUST-012514,82987.5,30
CUST-012517,37776.18,22
CUST-012518,130881.79,25
CUST-012519,61281.15,80
CUST-012520,125176.15,5
CUST-012521,32670.7,48
CUST-012522,212289.72,15
CUST-012523,59622.72,38
CUST-012524,51483.17,18
CUST-012526,0.0,53
CUST-012527,184842.55,15
CUST-012528,99827.39,34
CUST-012530,95665.28,32
CUST-012531,26974.13,25
CUST-012532,37853.18,33
CUST-012534,11225.45,33
CUST-012535,65931.4,63
CUST-012536,14374.06,41
CUST-012537,61412.75,6
CUST-012538,97450.27,27
CUST-012539,158288.24,9
CUST-012540,42160.07,9
CUST-012541,157014.97,0
CUST-012542,127510.82,51
CUST-012543,51922.65,7
CUST-012544,37683.06,35
CUST-012545,35706.41,48
CUST-012546,142925.97,48
CUST-012547,55065.74,32
CUST-012548,45758.49,9
CUST-012549,120710.67,2
CUST-012550,72010.26,12
CUST-012551,90208.23,20
CUST-012553,21931.93,0
CUST-012554,47588.45,12
CUST-012555,66192.61,34
CUST-012559,129702.13,12
CUST-012560,142144.2,0
CUST-012561,1201.25,60
CUST-012562,99845.41,17
CUST-012563,20203.29,3
CUST-012564,30949.98,14
CUST-012566,183810.02,29
CUST-012568,3825.89,0
CUST-012569,31569.22,39
CUST-012570,19342.8,17
CUST-012571,93243.31,43
CUST-012572,169787.44,30
CUST-012573,11993.0,40
CUST-012574,9172.49,48
CUST-012575,22742.95,47
CUST-012577,144707.77,31
CUST-012578,620.35,42
CUST-012579,112873.48,6
CUST-012580,18372.36,7
CUST-012581,56790.31,1
CUST-012583,75366.94,17
CUST-012584,30665.37,28
CUST-012585,15086.79,6
CUST-012586,7109.03,14
CUST-012588,166382.8,6
CUST-012589,195788.86,0
CUST-012591,90402.19,8
CUST-012593,11132.95,0
CUST-012596,3410.32,38
CUST-012597,25333.62,11
CUST-012598,53439.21,31
CUST-012599,11723.86,17
CUST-012600,85948.61,60
CUST-012601,2667.76,15
CUST-012602,6071.71,32
CUST-012603,108467.84,3
CUST-012604,31409.11,53
CUST-012606,11339.46,75
CUST-012607,3907.67,20
CUST-012608,89572.8,2
CUST-012609,97147.9,54
CUST-012611,21396.6,5
CUST-012612,3395.27,15
CUST-012613,34398.26,8
CUST-012615,197129.01,34
CUST-012616,132779.87,64
CUST-012621,65433.91,9
CUST-012622,136373.52,13
CUST-012624,11748.34,29
CUST-012625,53845.15,21
CUST-012626,19827.51,74
CUST-012627,93034.37,18
CUST-012630,123888.64,40
CUST-012632,1171.0,0
CUST-012633,37038.74,29
CUST-012634,68372.03,41
CUST-012635,151890.24,3
CUST-012637,202701.57,40
CUST-012638,83756.92,29
CUST-012639,88676.04,28
CUST-012641,86811.45,0
CUST-012642,44062.24,31
CUST-012643,135399.69,0
CUST-012644,21149.21,40
CUST-012645,87680.67,34
CUST-012646,11443.24,9
CUST-012647,168695.59,1
CUST-012648,107120.14,16
CUST-012649,29831.17,57
CUST-012650,18165.55,5
CUST-012651,57661.55,3
CUST-012652,75483.19,50
CUST-012653,29110.74,5
CUST-012655,37598.91,25
CUST-012656,9660.22,31
CUST-012658,14317.12,0
CUST-012659,9830.57,19
CUST-012661,75303.81,62
CUST-012662,50094.18,31
CUST-012664,129023.35,0
CUST-012665,32633.57,3
CUST-012666,65308.56,18
CUST-012667,40079.36,30
CUST-012668,17669.79,21
CUST-012669,46831.53,65
CUST-012670,5731.02,25
CUST-012671,30101.45,24
CUST-012673,69726.78,5
CUST-012674,134622.77,20
CUST-012675,45935.18,10
CUST-012676,4073.3,12
CUST-012677,17157.6,41
CUST-012678,86058.82,10
CUST-012680,248786.51,34
CUST-012681,43815.46,29
CUST-012682,82503.41,21
CUST-012683,3807.8,30
CUST-012684,112484.0,29
CUST-012685,145841.84,22
CUST-012686,145620.6,29
CUST-012687,20105.34,0
CUST-012689,25845.63,25
CUST-012690,118058.84,46
CUST-012691,166408.14,26
CUST-012694,15289.97,30
CUST-012695,52549.79,8
CUST-012696,18383.22,17
CUST-012697,10911.85,56
CUST-012698,152568.88,25
CUST-012699,10490.7,14
CUST-012700,71423.38,23
CUST-012701,10118.12,39
CUST-012704,35116.57,21
CUST-012705,83501.24,0
CUST-012706,78157.14,18
CUST-012707,25473.92,43
CUST-012708,69523.77,28
CUST-012710,127332.22,4
CUST-012712,8005.17,19
CUST-012713,22999.08,33
CUST-012714,8461.62,19
CUST-012715,43767.05,27
CUST-012716,202560.41,25
CUST-012717,3310.01,0
CUST-012718,53520.43,20
CUST-012719,92932.37,21
CUST-012720,1666.4,43
CUST-012721,1054.01,16
CUST-012722,3844.44,23
CUST-012723,49297.63,24
CUST-012724,25616.88,41
CUST-012727,50998.62,25
CUST-012728,14212.79,23
CUST-012730,4159.98,73
CUST-012731,28105.38,7
CUST-012732,47624.92,16
CUST-012735,10397.97,0
CUST-012736,81198.24,30
CUST-012737,650.77,35
CUST-012738,13372.56,57
CUST-012739,15435.81,35
CUST-012740,31339.64,21
CUST-012741,100587.05,10
CUST-012742,55243.41,8
CUST-012743,24109.28,18
CUST-012744,146955.4,0
CUST-012745,47931.32,0
CUST-012746,2727.41,25
CUST-012747,14589.55,23
CUST-012748,145885.25,12
CUST-012749,82121.0,9
CUST-012750,36827.51,24
CUST-012752,5197.28,24
CUST-012753,150437.68,45
CUST-012755,1321.97,40
CUST-012756,134520.92,19
CUST-012757,119936.46,47
CUST-012761,171756.1,74
CUST-012763,5957.17,21
CUST-012764,21395.58,24
CUST-012765,53183.03,0
CUST-012766,14476.57,35
CUST-012767,73129.6,0
CUST-012768,27333.59,10
CUST-012769,4183.51,65
CUST-012770,18686.25,29
CUST-012771,4848.57,24
CUST-012772,41172.76,0
CUST-012773,151561.48,2
CUST-012775,70641.67,14
CUST-012776,66531.63,75
CUST-012777,7811.98,0
CUST-012778,50333.65,17
CUST-012779,64322.77,12
CUST-012780,15951.1,44
CUST-012781,34364.47,41
CUST-012782,50077.5,32
CUST-012783,2590.57,6
CUST-012785,36527.44,18
CUST-012786,2611.82,5
CUST-012787,22188.84,31
CUST-012788,60772.79,13
CUST-012791,44610.63,71
CUST-012793,159865.2,10
CUST-012795,61867.26,7
CUST-012796,107895.82,10
CUST-012798,18696.7,27
CUST-012799,89076.53,14
CUST-012800,117273.45,0
CUST-012802,1915.72,0
CUST-012803,113961.25,19
CUST-012804,3957.75,56
CUST-012805,7902.34,38
CUST-012807,10644.24,9
CUST-012808,96450.77,14
CUST-012809,5598.55,22
CUST-012810,62611.43,0
CUST-012811,123994.64,58
CUST-012812,78189.65,8
CUST-012813,68022.02,16
CUST-012814,68960.65,46
CUST-012816,68965.99,19
CUST-012817,242887.47,0
CUST-012818,153993.38,40
CUST-012819,57089.3,0
CUST-012820,66361.68,0
CUST-012821,6089.56,0
CUST-012822,7656.96,32
CUST-012823,89183.69,0
CUST-012824,77046.85,35
CUST-012826,22593.95,10
CUST-012827,64169.14,56
CUST-012828,28290.34,59
CUST-012829,11594.42,27
CUST-012830,25264.0,51
CUST-012833,28250.41,0
CUST-012834,45619.56,47
CUST-012835,73724.72,19
CUST-012836,14845.2,0
CUST-012837,99590.65,0
CUST-012838,3428.1,10
CUST-012839,41261.19,0
CUST-012840,83907.01,4
CUST-012841,35929.45,18
CUST-012842,33606.65,47
CUST-012843,61161.96,2
CUST-012844,25686.62,13
CUST-012845,114611.82,12
CUST-012846,99333.77,14
CUST-012847,4425.94,27
CUST-012848,18021.04,22
CUST-012850,30471.65,29
CUST-012851,74803.3,26
CUST-012853,11580.39,49
CUST-012854,66598.07,30
CUST-012855,19397.2,0
CUST-012856,85679.57,57
CUST-012857,9635.6,30
CUST-012858,44425.1,21
CUST-012859,28742.48,43
CUST-012861,139848.79,17
CUST-012862,118895.56,59
CUST-012863,36934.73,45
CUST-012864,103953.25,0
CUST-012865,59683.15,31
CUST-012867,83478.75,74
CUST-012868,27912.37,7
CUST-012870,53627.93,35
CUST-012871,46818.4,28
CUST-012872,40996.64,45
CUST-012873,95895.53,37
CUST-012874,4089.05,30
CUST-012875,9517.52,20
CUST-012876,58978.56,36
CUST-012877,64073.77,0
CUST-012878,49199.65,4
CUST-012879,187173.91,22
CUST-012880,72154.89,14
CUST-012881,19272.91,36
CUST-012882,89981.66,45
CUST-012883,64686.13,14
CUST-012885,91588.89,20
CUST-012886,965.1,50
CUST-012887,19467.27,49
CUST-012888,94444.5,75
CUST-012889,23548.06,8
CUST-012890,17574.39,15
CUST-012891,52924.46,57
CUST-012892,152309.84,0
CUST-012894,39024.91,55
CUST-012897,36130.32,7
CUST-012898,22775.67,50
CUST-012899,34932.74,48
CUST-012900,44753.73,37
CUST-012902,34557.34,42
CUST-012903,33938.35,30
CUST-012905,79180.71,5
CUST-012906,3649.58,44
CUST-012907,35728.98,23
CUST-012908,106614.14,16
CUST-012909,3174.25,24
CUST-012911,107166.28,13
CUST-012912,47634.46,18
CUST-012913,24267.65,63
CUST-012915,65736.61,5
CUST-012917,48759.6,6
CUST-012918,1990.48,49
CUST-012919,97055.52,30
CUST-012920,31467.46,19
CUST-012921,31971.7,0
CUST-012922,2416.5,39
CUST-012923,150598.15,3
CUST-012924,48414.76,22
CUST-012925,61029.63,36
CUST-012926,1931.34,34
CUST-012927,190572.69,35
CUST-012928,77663.09,45
CUST-012930,30482.81,18
CUST-012931,115099.25,17
CUST-012932,5306.08,22
CUST-012935,178984.32,39
CUST-012936,28442.93,50
CUST-012938,38539.76,28
CUST-012939,57165.74,5
CUST-012940,79287.66,20
CUST-012941,46064.96,32
CUST-012942,16560.65,40
CUST-012943,33477.89,30
CUST-012944,31277.44,88
CUST-012945,34267.03,19
CUST-012949,131605.48,46
CUST-012950,14533.69,46
CUST-012952,19490.44,44
CUST-012953,112873.74,0
CUST-012954,67285.25,22
CUST-012955,1357.28,68
CUST-012957,32161.37,45
CUST-012960,136083.47,7
CUST-012961,21077.94,10
CUST-012962,64696.59,35
CUST-012963,92053.56,28
CUST-012964,86228.71,48
CUST-012965,3098.78,50
CUST-012966,18275.56,24
CUST-012971,45237.91,31
CUST-012973,89047.69,26
CUST-012974,22200.12,20
CUST-012975,21656.21,48
CUST-012976,34582.24,37
CUST-012977,4511.83,2
CUST-012978,51226.14,47
CUST-012979,143455.72,20
CUST-012980,64295.28,23
CUST-012983,54573.15,0
CUST-012984,27303.56,16
CUST-012985,14961.6,19
CUST-012986,14601.16,0
CUST-012987,50314.06,37
CUST-012988,45173.71,51
CUST-012989,9811.53,24
CUST-012990,65810.74,0
CUST-012991,62626.96,26
CUST-012992,51965.97,28
CUST-012993,19226.3,19
CUST-012997,37513.41,39
CUST-012998,8319.25,20
CUST-012999,93738.41,22
CUST-013000,158246.62,20
CUST-013002,16517.67,41
CUST-013003,51889.61,19
CUST-013004,59323.35,50
CUST-013005,1794.79,44
CUST-013007,31074.67,32
CUST-013008,8204.09,30
CUST-013009,3763.46,55
CUST-013010,100510.7,1
CUST-013011,12354.27,38
CUST-013012,617.04,48
CUST-013013,111475.32,6
CUST-013015,38885.38,50
CUST-013016,55473.82,50
CUST-013017,18295.83,51
CUST-013018,46461.0,36
CUST-013019,0.0,48
CUST-013020,11321.1,70
CUST-013021,39846.21,0
CUST-013022,6398.2,1
CUST-013024,20764.34,27
CUST-013025,50452.84,42
CUST-013026,91154.51,47
CUST-013027,37831.17,53
CUST-013028,48050.04,23
CUST-013029,15600.27,45
CUST-013030,80386.19,3
CUST-013031,32059.75,51
CUST-013032,52435.93,10
CUST-013033,83894.95,3
CUST-013037,99894.32,42
CUST-013038,72597.57,30
CUST-013039,21136.39,44
CUST-013043,90020.87,36
CUST-013044,107213.69,26
CUST-013045,43916.01,6
CUST-013046,57876.7,41
CUST-013047,59130.5,13
CUST-013048,31400.99,24
CUST-013050,33611.9,30
CUST-013051,64952.4,30
CUST-013052,38489.83,35
CUST-013053,2057.27,18
CUST-013054,73689.41,55
CUST-013055,67755.66,49
CUST-013056,47251.12,16
CUST-013057,114809.9,24
CUST-013058,896.9,55
CUST-013059,36846.07,37
CUST-013061,135610.64,24
CUST-013064,70567.71,0
CUST-013065,92321.11,43
CUST-013066,71846.03,22
CUST-013067,75534.17,21
CUST-013068,1624.65,0
CUST-013069,52739.03,17
CUST-013071,54742.72,31
CUST-013072,196930.09,37
CUST-013073,52539.82,0
CUST-013074,61317.25,37
CUST-013075,40264.42,24
CUST-013077,111277.17,23
CUST-013078,54558.55,5
CUST-013079,76319.8,35
CUST-013080,6988.33,0
CUST-013081,242896.56,3
CUST-013082,92008.07,0
CUST-013084,17967.35,40
CUST-013086,16022.97,6
CUST-013087,40389.19,27
CUST-013088,101741.94,20
CUST-013089,3225.21,8
CUST-013090,102140.37,31
CUST-013091,127454.26,38
CUST-013092,139769.88,35
CUST-013093,67653.45,32
CUST-013094,23247.14,50
CUST-013097,1687.74,15
CUST-013101,7772.07,7
CUST-013102,368.51,29
CUST-013103,55170.8,24
CUST-013104,70988.69,33
CUST-013106,24270.37,0
CUST-013107,32391.21,17
CUST-013108,34560.63,11
CUST-013109,3190.89,23
CUST-013110,75580.43,9
CUST-013111,20172.33,0
CUST-013112,98578.76,7
CUST-013113,105314.18,50
CUST-013114,16935.36,3
CUST-013116,33210.34,4
CUST-013117,11905.07,0
CUST-013118,105559.75,0
CUST-013120,62746.67,35
CUST-013121,30056.37,59
CUST-013122,16262.49,38
CUST-013123,3410.91,5
CUST-013124,68253.68,79
CUST-013125,71672.71,59
CUST-013126,75454.21,27
CUST-013128,140246.69,41
CUST-013129,5318.8,31
CUST-013131,2152.98,18
CUST-013132,107030.79,23
CUST-013133,169620.29,33
CUST-013134,24898.62,21
CUST-013135,79004.82,56
CUST-013136,33195.77,40
CUST-013137,15746.41,30
CUST-013138,26463.99,37
CUST-013139,33711.09,57
CUST-013140,6111.92,38
CUST-013141,33808.89,11
CUST-013142,86479.95,72
CUST-013143,25693.68,28
CUST-013144,128518.71,31
CUST-013145,1437.0,71
CUST-013146,4058.4,34
CUST-013147,112506.93,0
CUST-013148,57559.58,2
CUST-013149,58957.41,47
CUST-013150,33255.7,8
CUST-013152,73357.92,32
CUST-013156,61799.93,34
CUST-013157,61130.96,37
CUST-013158,38590.75,8
CUST-013159,22213.87,43
CUST-013160,120401.64,30
CUST-013162,39248.02,34
CUST-013163,3547.03,36
CUST-013164,23292.52,41
CUST-013165,37236.34,0
CUST-013166,46066.33,39
CUST-013167,4569.45,6
CUST-013170,38678.75,30
CUST-013171,115381.15,44
CUST-013172,62391.94,5
CUST-013173,134203.25,32
CUST-013174,82343.11,25
CUST-013175,86080.85,7
CUST-013176,69813.65,0
CUST-013177,1044.89,15
CUST-013179,36547.81,58
CUST-013181,143681.55,22
CUST-013182,233616.0,56
CUST-013184,178504.17,11
CUST-013185,90756.09,70
CUST-013186,146940.13,14
CUST-013187,88770.97,44
CUST-013188,20319.66,32
CUST-013189,27768.37,60
CUST-013190,35579.05,15
CUST-013191,44262.29,39
CUST-013192,3164.25,23
CUST-013194,1856.27,37
CUST-013195,12919.53,0
CUST-013196,46357.03,8
CUST-013197,0.0,51
CUST-013199,16056.26,14
CUST-013200,87324.39,34
CUST-013201,124646.69,17
CUST-013202,67789.76,20
CUST-013203,6606.0,0
CUST-013205,107760.21,0
CUST-013207,3565.05,43
CUST-013208,184983.74,26
CUST-013209,43825.9,27
CUST-013210,48964.75,25
CUST-013211,21047.71,38
CUST-013212,8693.67,28
CUST-013213,19151.83,15
CUST-013214,62147.27,75
CUST-013216,158152.28,23
CUST-013217,164100.15,18
CUST-013218,2722.09,21
CUST-013219,51629.3,9
CUST-013220,178084.68,29
CUST-013221,112899.74,36
CUST-013222,72069.92,0
CUST-013223,55439.61,5
CUST-013224,6530.27,29
CUST-013225,76976.5,34
CUST-013226,86049.58,68
CUST-013227,39910.97,53
CUST-013228,105985.31,34
CUST-013229,13202.5,21
CUST-013230,2207.17,38
CUST-013231,9521.42,39
CUST-013232,89434.37,16
CUST-013233,1025.31,13
CUST-013234,13066.45,24
CUST-013235,67842.99,40
CUST-013236,17067.32,10
CUST-013238,112106.45,15
CUST-013240,139640.48,32
CUST-013241,11922.06,0
CUST-013242,101195.46,49
CUST-013244,91690.23,88
CUST-013245,11146.25,65
CUST-013246,115776.31,43
CUST-013247,72343.02,11
CUST-013249,37203.74,38
CUST-013251,3361.86,27
CUST-013255,85408.18,46
CUST-013256,22664.13,39
CUST-013257,27741.17,0
CUST-013258,115688.38,3
CUST-013259,105490.91,9
CUST-013261,28513.7,50
CUST-013262,83133.88,22
CUST-013263,133295.68,35
CUST-013265,57702.1,25
CUST-013266,106980.78,20
CUST-013267,2615.45,89
CUST-013270,54894.08,30
CUST-013271,3691.66,33
CUST-013272,188033.28,66
CUST-013273,65226.28,34
CUST-013274,135760.1,54
CUST-013275,0.0,58
CUST-013276,115111.72,7
CUST-013277,70845.27,0
CUST-013278,97527.88,0
CUST-013280,17477.87,23
CUST-013281,12072.38,15
CUST-013282,42273.42,5
CUST-013284,60286.1,9
CUST-013285,129742.89,2
CUST-013286,43146.29,4
CUST-013287,25601.95,12
CUST-013288,49935.62,64
CUST-013289,164717.71,65
CUST-013292,67053.73,25
CUST-013293,55662.97,28
CUST-013297,29766.78,14
CUST-013301,254249.38,55
CUST-013302,27166.2,29
CUST-013303,18175.24,10
CUST-013304,194678.13,18
CUST-013305,52262.2,39
CUST-013306,18863.42,49
CUST-013307,5075.03,34
CUST-013309,67397.51,35
CUST-013310,41284.35,50
CUST-013311,168211.05,37
CUST-013312,33834.19,7
CUST-013314,117381.3,6
CUST-013315,22960.21,7
CUST-013317,100916.04,31
CUST-013318,36590.49,8
CUST-013319,50316.17,8
CUST-013320,109849.27,61
CUST-013321,1699.36,16
CUST-013323,95730.23,0
CUST-013324,43151.3,1
CUST-013325,194668.1,36
CUST-013326,39824.74,17
CUST-013328,56645.58,18
CUST-013330,7046.86,28
CUST-013331,11109.88,30
CUST-013332,51038.26,33
CUST-013333,35537.19,0
CUST-013334,10001.1,43
CUST-013335,49279.66,5
CUST-013336,150734.42,26
CUST-013337,17737.01,18
CUST-013338,4865.99,21
CUST-013339,50843.25,24
CUST-013340,18304.16,49
CUST-013341,34871.78,7
CUST-013342,83074.74,2
CUST-013344,129242.73,36
CUST-013345,78451.93,5
CUST-013346,125261.05,17
CUST-013347,101959.8,33
CUST-013348,135243.24,40
CUST-013349,1013.52,65
CUST-013350,46735.75,72
CUST-013351,42925.43,43
CUST-013352,2095.85,26
CUST-013354,59103.47,37
CUST-013355,70720.26,64
CUST-013356,11542.72,56
CUST-013358,9039.33,38
CUST-013359,5714.47,39
CUST-013360,2321.16,36
CUST-013361,122087.95,14
CUST-013362,5037.23,36
CUST-013363,73992.93,56
CUST-013364,29639.06,54
CUST-013365,129370.86,59
CUST-013367,50290.51,4
CUST-013369,5189.35,35
CUST-013370,78208.09,34
CUST-013372,60757.7,11
CUST-013373,53808.67,10
CUST-013375,67469.08,6
CUST-013377,18821.79,40
CUST-013378,13981.64,34
CUST-013379,7812.85,23
CUST-013380,11035.15,1
CUST-013381,9998.11,18
CUST-013382,41432.05,32
CUST-013383,158509.3,23
CUST-013384,142900.5,2
CUST-013385,87926.12,62
CUST-013386,4309.78,40
CUST-013387,94952.05,33
CUST-013388,60816.97,15
CUST-013389,54561.61,24
CUST-013391,132580.16,56
CUST-013392,20060.4,36
CUST-013393,51648.35,13
CUST-013394,69329.65,34
CUST-013395,329.98,34
CUST-013396,2008.21,40
CUST-013398,216618.87,21
CUST-013399,5955.85,0
CUST-013401,59711.97,15
CUST-013402,7310.29,28
CUST-013403,36052.25,9
CUST-013404,18602.68,67
CUST-013405,1997.9,42
CUST-013406,136785.09,9
CUST-013407,67772.32,24
CUST-013408,29991.12,24
CUST-013409,19726.61,18
CUST-013410,3393.38,47
CUST-013411,112034.71,24
CUST-013412,52090.79,13
CUST-013413,235049.2,4
CUST-013415,1662.05,52
CUST-013416,65054.91,18
CUST-013417,112759.17,25
CUST-013418,57441.82,8
CUST-013419,92021.08,32
CUST-013420,110963.28,19
CUST-013421,15684.67,44
CUST-013422,6114.75,19
CUST-013423,8986.79,34
CUST-013424,53049.99,60
CUST-013425,176407.39,25
CUST-013426,56082.78,8
CUST-013428,113076.19,49
CUST-013429,40352.5,21
CUST-013430,142722.23,35
CUST-013431,107250.03,21
CUST-013433,175448.33,70
CUST-013435,62694.15,0
CUST-013436,25854.66,24
CUST-013437,150063.3,0
CUST-013438,242881.73,0
CUST-013439,3305.91,0
CUST-013440,60208.35,12
CUST-013441,2929.07,69
CUST-013442,23224.57,33
CUST-013443,127063.23,0
CUST-013444,68320.09,0
CUST-013445,172812.44,31
CUST-013446,62034.2,46
CUST-013447,83877.29,48
CUST-013448,22198.66,26
CUST-013449,110743.85,35
CUST-013450,35388.76,46
CUST-013451,3148.65,5
CUST-013453,8420.78,48
CUST-013454,1454.53,22
CUST-013455,124350.64,7
CUST-013456,0.0,44
CUST-013457,110635.11,74
CUST-013458,1115.81,0
CUST-013461,2742.04,21
CUST-013462,73275.53,31
CUST-013463,53126.65,22
CUST-013464,1606.21,28
CUST-013465,39431.36,0
CUST-013466,109600.67,34
CUST-013468,36870.0,23
CUST-013469,14099.87,32
CUST-013471,29764.18,21
CUST-013473,7815.83,34
CUST-013475,12296.29,0
CUST-013477,33920.03,0
CUST-013480,12302.03,9
CUST-013481,3791.04,0
CUST-013482,66144.04,0
CUST-013483,27548.35,8
CUST-013484,22932.75,5
CUST-013486,127856.51,0
CUST-013488,99460.8,0
CUST-013490,79886.24,34
CUST-013491,181673.39,51
CUST-013492,46946.17,65
CUST-013493,33611.03,29
CUST-013494,17843.61,16
CUST-013495,55399.36,57
CUST-013496,101569.91,50
CUST-013497,166954.42,14
CUST-013499,42261.09,73
CUST-013500,6957.78,11
CUST-013501,836.11,47
CUST-013502,25366.64,2
CUST-013503,127325.01,45
CUST-013504,28684.2,53
CUST-013508,4638.07,44
CUST-013509,30957.8,0
CUST-013510,42966.4,17
CUST-013511,24336.94,30
CUST-013512,54771.79,32
CUST-013513,18858.32,0
CUST-013514,9712.48,10
CUST-013515,98370.69,24
CUST-013516,63995.18,35
CUST-013517,68865.0,48
CUST-013518,35573.77,20
CUST-013519,146107.68,23
CUST-013521,29787.16,72
CUST-013522,33638.1,0
CUST-013523,3597.18,40
CUST-013524,71111.22,71
CUST-013525,25140.75,0
CUST-013526,36810.58,21
CUST-013527,20811.94,3
CUST-013528,477.02,27
CUST-013529,51544.26,32
CUST-013531,17659.07,14
CUST-013532,20566.53,89
CUST-013533,104639.25,22
CUST-013534,39395.94,42
CUST-013536,16755.44,10
CUST-013537,26873.67,47
CUST-013538,2548.01,28
CUST-013541,16338.38,8
CUST-013542,114439.63,23
CUST-013544,137132.03,42
CUST-013545,39271.73,24
CUST-013546,134914.17,0
CUST-013547,57553.16,32
CUST-013548,44359.26,42
CUST-013549,3056.96,15
CUST-013550,47100.28,0
CUST-013551,19380.65,24
CUST-013552,9264.19,19
CUST-013553,18969.75,56
CUST-013554,92617.57,43
CUST-013555,20805.96,72
CUST-013556,84161.18,34
CUST-013557,13575.31,10
CUST-013558,84634.91,49
CUST-013559,277613.31,21
CUST-013560,62696.06,21
CUST-013561,91342.22,35
CUST-013562,23184.48,29
CUST-013563,38395.8,29
CUST-013564,78631.24,47
CUST-013565,17993.46,47
CUST-013566,81954.72,0
CUST-013567,22724.85,50
CUST-013568,6368.79,7
CUST-013569,9303.68,8
CUST-013570,24172.82,0
CUST-013571,8142.18,0
CUST-013573,61297.0,5
CUST-013574,20126.32,33
CUST-013575,75842.88,51
CUST-013576,38770.46,43
CUST-013577,14786.4,43
CUST-013579,171288.37,7
CUST-013581,77092.31,10
CUST-013582,105679.91,1
CUST-013583,30800.32,25
CUST-013584,44545.39,25
CUST-013585,9615.62,46
CUST-013588,38138.63,28
CUST-013590,113447.48,32
CUST-013591,53703.69,31
CUST-013593,2887.9,44
CUST-013594,39088.78,22
CUST-013595,58726.75,23
CUST-013596,6967.03,32
CUST-013597,158965.51,32
CUST-013598,76509.04,25
CUST-013599,81999.0,18
CUST-013600,9764.25,18
CUST-013601,154358.0,1
CUST-013602,53156.8,53
CUST-013604,52890.26,43
CUST-013606,31011.13,50
CUST-013608,4339.56,0
CUST-013609,139077.9,27
CUST-013613,124406.59,16
CUST-013614,35530.45,21
CUST-013616,808.25,62
CUST-013617,126175.97,32
CUST-013618,216911.7,24
CUST-013620,30111.76,38
CUST-013622,77453.41,12
CUST-013623,38935.77,34
CUST-013627,11296.8,13
CUST-013628,54532.82,61
CUST-013629,36862.23,36
CUST-013630,18503.38,25
CUST-013631,123680.02,39
CUST-013634,3853.39,26
CUST-013635,67182.37,1
CUST-013636,13882.82,5
CUST-013637,8009.86,49
CUST-013639,67384.65,0
CUST-013640,25803.57,39
CUST-013641,3532.3,43
CUST-013643,7279.41,40
CUST-013644,45405.55,32
CUST-013645,35972.35,8
CUST-013646,27962.85,11
CUST-013647,186972.17,16
CUST-013648,7428.97,8
CUST-013649,40665.16,33
CUST-013653,4223.15,3
CUST-013654,158555.77,33
CUST-013655,82859.93,49
CUST-013656,75216.15,23
CUST-013659,18159.13,0
CUST-013661,680.29,41
CUST-013663,80086.77,20
CUST-013664,20056.16,14
CUST-013666,52241.41,60
CUST-013667,103130.2,28
CUST-013668,140989.81,7
CUST-013669,31503.92,2
CUST-013670,161054.07,40
CUST-013673,6079.32,30
CUST-013674,16248.75,6
CUST-013676,22529.78,39
CUST-013678,100440.59,16
CUST-013679,154316.51,17
CUST-013680,50993.29,0
CUST-013681,12999.39,33
CUST-013682,9566.98,26
CUST-013683,39474.59,54
CUST-013685,81079.81,36
CUST-013687,892.69,6
CUST-013689,104312.28,58
CUST-013690,36320.19,18
CUST-013691,12565.61,15
CUST-013692,20448.28,24
CUST-013693,29276.29,19
CUST-013694,58234.31,20
CUST-013695,11254.17,48
CUST-013697,78029.12,22
CUST-013698,150125.3,30
CUST-013699,20253.06,0
CUST-013700,66132.05,21
CUST-013704,18372.38,10
CUST-013705,109222.11,18
CUST-013706,95744.72,48
CUST-013707,4311.65,37
CUST-013708,13472.56,1
CUST-013709,47503.06,50
CUST-013711,10124.5,2
CUST-013712,36316.27,0
CUST-013713,51317.66,33
CUST-013714,26031.91,9
CUST-013715,70044.77,35
CUST-013716,16602.46,36
CUST-013717,109781.3,14
CUST-013719,51949.25,42
CUST-013720,137929.79,71
CUST-013721,3802.23,5
CUST-013722,50890.76,5
CUST-013723,4855.1,2
CUST-013725,6762.35,16
CUST-013726,4181.55,48
CUST-013727,83500.38,9
CUST-013728,29159.79,8
CUST-013729,65352.08,6
CUST-013731,150594.35,0
CUST-013732,22861.94,5
CUST-013734,74594.55,52
CUST-013736,7217.98,73
CUST-013737,15218.55,40
CUST-013738,37736.85,26
CUST-013739,2167.99,42
CUST-013740,100246.99,18
CUST-013741,99282.03,0
CUST-013742,3200.42,30
CUST-013743,44428.09,33
CUST-013744,163982.32,6
CUST-013746,128253.81,59
CUST-013747,58608.79,6
CUST-013749,196569.59,58
CUST-013750,40940.32,72
CUST-013751,31750.54,20
CUST-013752,82592.55,32
CUST-013753,159029.66,24
CUST-013754,4653.32,6
CUST-013755,63957.64,31
CUST-013756,16003.46,75
CUST-013757,98568.01,0
CUST-013759,155129.22,43
CUST-013761,9210.06,49
CUST-013762,5671.75,70
CUST-013764,8602.97,24
CUST-013765,13682.98,0
CUST-013766,99471.84,33
CUST-013767,31693.63,3
CUST-013768,16657.85,28
CUST-013769,6835.66,25
CUST-013770,3150.58,68
CUST-013771,40774.05,30
CUST-013772,126895.13,40
CUST-013773,65430.92,48
CUST-013774,93449.13,18
CUST-013775,616.24,66
CUST-013776,30886.28,28
CUST-013777,48513.27,0
CUST-013778,24068.62,15
CUST-013779,98945.59,20
CUST-013780,55428.2,53
CUST-013781,18056.72,21
CUST-013782,10696.26,50
CUST-013783,85469.45,40
CUST-013784,155322.84,66
CUST-013785,443.94,0
CUST-013786,116325.86,23
CUST-013787,0.0,20
CUST-013788,204191.24,7
CUST-013789,6205.33,15
CUST-013790,44358.67,37
CUST-013791,108682.35,47
CUST-013793,10066.73,72
CUST-013794,96878.73,14
CUST-013795,24489.01,35
CUST-013796,84741.23,10
CUST-013797,21448.22,11
CUST-013799,26651.54,23
CUST-013800,75815.27,23
CUST-013801,39247.13,0
CUST-013802,27918.02,9
CUST-013803,28529.47,51
CUST-013804,6294.01,35
CUST-013805,1496.5,6
CUST-013806,0.0,51
CUST-013807,59095.16,30
CUST-013808,81062.8,18
CUST-013809,1133.17,5
CUST-013810,12559.26,32
CUST-013811,24945.72,39
CUST-013812,122717.7,8
CUST-013813,11086.8,59
CUST-013814,64551.42,25
CUST-013815,45719.53,0
CUST-013816,59548.96,68
CUST-013817,24555.26,50
CUST-013818,2745.29,48
CUST-013819,35189.8,0
CUST-013821,1161.27,18
CUST-013822,138896.73,20
CUST-013824,36699.66,34
CUST-013825,134242.22,13
CUST-013826,14189.13,6
CUST-013828,16103.28,40
CUST-013829,76181.15,24
CUST-013830,77836.28,15
CUST-013831,3687.32,9
CUST-013832,21390.25,6
CUST-013833,72729.96,42
CUST-013834,10984.45,13
CUST-013835,26442.3,37
CUST-013837,60994.39,23
CUST-013838,6779.06,20
CUST-013839,125488.56,28
CUST-013840,97789.37,68
CUST-013841,64189.96,0
CUST-013842,8750.82,17
CUST-013843,114947.33,32
CUST-013844,33593.04,16
CUST-013845,2474.39,14
CUST-013846,5868.85,7
CUST-013847,14345.35,32
CUST-013849,1111.07,49
CUST-013850,1588.14,41
CUST-013851,129521.33,0
CUST-013852,9871.82,10
CUST-013854,22150.62,21
CUST-013855,11425.48,32
CUST-013856,21625.5,47
CUST-013857,102105.93,47
CUST-013858,77992.8,55
CUST-013859,8594.46,0
CUST-013860,262228.26,0
CUST-013861,54319.71,29
CUST-013862,202988.49,17
CUST-013865,52792.76,83
CUST-013866,36978.81,39
CUST-013867,25890.19,29
CUST-013868,177303.52,41
CUST-013869,169497.84,22
CUST-013870,35932.53,46
CUST-013871,15050.43,47
CUST-013873,75899.43,38
CUST-013874,44334.42,50
CUST-013875,15722.83,10
CUST-013876,21069.99,4
CUST-013878,66895.7,32
CUST-013879,135658.97,39
CUST-013880,97664.29,48
CUST-013881,127166.98,46
CUST-013882,21069.2,43
CUST-013883,137797.66,0
CUST-013885,54778.09,62
CUST-013886,29974.2,34
CUST-013887,58942.45,0
CUST-013888,83314.72,9
CUST-013889,115491.25,9
CUST-013891,140817.56,26
CUST-013892,151388.52,57
CUST-013893,34222.12,10
CUST-013894,20335.05,30
CUST-013895,95398.39,28
CUST-013896,39364.8,39
CUST-013897,11574.57,45
CUST-013899,130024.26,5
CUST-013900,106425.79,62
CUST-013901,73298.58,63
CUST-013902,18480.21,45
CUST-013903,26883.74,15
CUST-013904,49403.43,20
CUST-013906,26252.14,45
CUST-013908,36683.26,19
CUST-013909,3507.64,0
CUST-013911,19036.37,34
CUST-013914,13001.67,5
CUST-013915,37156.31,36
CUST-013916,47536.12,9
CUST-013917,74917.04,0
CUST-013918,10499.31,44
CUST-013919,51355.27,0
CUST-013920,13657.17,8
CUST-013921,25475.72,31
CUST-013922,40719.02,8
CUST-013924,58027.31,44
CUST-013926,122248.58,27
CUST-013927,51833.0,0
CUST-013928,28002.19,6
CUST-013929,106713.81,30
CUST-013930,118410.18,0
CUST-013931,187727.45,48
CUST-013932,28204.33,18
CUST-013933,21149.79,26
CUST-013935,17219.22,22
CUST-013936,2074.44,22
CUST-013937,40586.68,20
CUST-013938,73919.58,35
CUST-013939,23245.51,9
CUST-013940,51050.28,19
CUST-013941,32827.69,25
CUST-013942,23251.2,49
CUST-013943,72788.77,59
CUST-013945,47532.75,23
CUST-013946,81221.64,24
CUST-013947,408.82,5
CUST-013948,116795.36,89
CUST-013949,29562.0,6
CUST-013951,24056.77,4
CUST-013952,10329.71,24
CUST-013953,1793.47,25
CUST-013954,117577.17,4
CUST-013955,5221.5,21
CUST-013956,131077.48,0
CUST-013958,37296.66,13
CUST-013960,11077.64,12
CUST-013961,41708.12,30
CUST-013962,68920.8,44
CUST-013963,33901.07,41
CUST-013966,4684.66,23
CUST-013967,30259.66,85
CUST-013968,125031.84,39
CUST-013969,7487.12,26
CUST-013970,22435.67,43
CUST-013972,3589.0,40
CUST-013974,29945.06,44
CUST-013975,90861.55,31
CUST-013976,1424.93,37
CUST-013978,180928.32,15
CUST-013979,98264.67,1
CUST-013980,56961.7,26
CUST-013982,112669.49,22
CUST-013983,41144.74,1
CUST-013984,26420.1,18
CUST-013985,16351.01,50
CUST-013986,26025.94,6
CUST-013987,93825.84,45
CUST-013988,138206.11,41
CUST-013991,42471.09,16
CUST-013992,42868.6,1
CUST-013993,6960.06,3
CUST-013994,55217.65,14
CUST-013995,186531.42,37
CUST-013999,60954.83,23
CUST-014000,64209.6,0
CUST-014001,20913.03,39
CUST-014002,31208.86,7
CUST-014003,25652.76,35
CUST-014004,3672.29,33
CUST-014005,21933.58,58
CUST-014007,71076.19,45
CUST-014008,59816.63,0
CUST-014009,6078.18,29
CUST-014010,27083.19,48
CUST-014011,7822.72,28
CUST-014012,6924.41,0
CUST-014013,94214.59,10
CUST-014015,35256.31,10
CUST-014016,110635.23,8
CUST-014017,2730.56,19
CUST-014018,12762.31,22
CUST-014019,20876.83,33
CUST-014020,11116.38,5
CUST-014021,22422.51,15
CUST-014022,38626.7,41
CUST-014023,148103.73,31
CUST-014024,121771.48,25
CUST-014025,135460.44,38
CUST-014026,6921.39,4
CUST-014027,18674.89,2
CUST-014028,151883.22,40
CUST-014029,15154.61,33
CUST-014031,156559.86,0
CUST-014032,79804.57,0
CUST-014034,21259.63,4
CUST-014035,90362.49,5
CUST-014036,39772.91,1
CUST-014037,10056.56,22
CUST-014038,36477.6,22
CUST-014039,34801.17,10
CUST-014040,49487.77,59
CUST-014041,47899.02,16
CUST-014042,5299.14,10
CUST-014043,107282.85,42
CUST-014044,18355.82,30
CUST-014046,10292.56,53
CUST-014047,109535.81,52
CUST-014048,16628.88,16
CUST-014049,55755.08,32
CUST-014051,22519.89,0
CUST-014052,47765.31,63
CUST-014053,4646.33,21
CUST-014054,20301.67,49
CUST-014056,45734.54,22
CUST-014057,87441.07,16
CUST-014058,97610.85,25
CUST-014059,942.9,4
CUST-014060,67468.96,10
CUST-014061,172861.94,34
CUST-014063,142277.19,21
CUST-014064,243654.13,36
CUST-014065,128822.61,19
CUST-014066,11038.81,40
CUST-014067,1462.93,13
CUST-014069,1020.74,41
CUST-014070,43177.29,18
CUST-014071,106717.99,25
CUST-014072,46906.23,21
CUST-014073,23906.09,0
CUST-014076,113817.33,2
CUST-014077,20102.68,16
CUST-014078,20807.63,0
CUST-014079,45186.06,36
CUST-014080,0.0,34
CUST-014081,155306.34,4
CUST-014082,200257.02,27
CUST-014083,166004.1,24
CUST-014084,147485.22,45
CUST-014087,7184.37,24
CUST-014088,7354.34,21
CUST-014089,9272.74,35
CUST-014090,30782.93,43
CUST-014091,68750.57,15
CUST-014092,37141.62,18
CUST-014094,34063.53,2
CUST-014095,60066.43,37
CUST-014096,108801.84,0
CUST-014097,8273.25,30
CUST-014098,63943.39,21
CUST-014099,131636.53,46
CUST-014100,186881.58,26
CUST-014101,12473.56,18
CUST-014102,89217.38,73
CUST-014103,6732.49,16
CUST-014104,18407.42,50
CUST-014105,82725.49,31
CUST-014106,17884.32,25
CUST-014107,78620.56,46
CUST-014108,10584.96,0
CUST-014109,2530.22,45
CUST-014111,85247.82,27
CUST-014112,50996.7,19
CUST-014113,45193.19,33
CUST-014114,154787.31,17
CUST-014115,18482.45,18
CUST-014116,2501.23,59
CUST-014117,20188.99,2
CUST-014118,109688.57,8
CUST-014119,12818.02,20
CUST-014120,124680.07,3
CUST-014121,12159.3,2
CUST-014122,9109.2,44
CUST-014123,69016.58,35
CUST-014124,61582.55,20
CUST-014125,125572.76,12
CUST-014126,74305.34,21
CUST-014127,26620.14,37
CUST-014128,53448.11,15
CUST-014131,148869.87,11
CUST-014133,13696.83,48
CUST-014134,105228.8,19
CUST-014135,32291.29,0
CUST-014136,106251.78,17
CUST-014137,207281.81,16
CUST-014138,1895.4,0
CUST-014139,63141.42,46
CUST-014140,20962.76,11
CUST-014141,5242.44,35
CUST-014142,27273.03,4
CUST-014143,2116.41,44
CUST-014144,158087.55,28
CUST-014145,52550.37,28
CUST-014147,26354.4,24
CUST-014148,39713.49,0
CUST-014150,14441.56,12
CUST-014151,32504.25,31
CUST-014152,147301.41,0
CUST-014153,40397.94,38
CUST-014154,43935.57,8
CUST-014155,56886.71,0
CUST-014156,57615.04,18
CUST-014157,41689.49,8
CUST-014158,5820.87,56
CUST-014160,93487.63,13
CUST-014162,99918.48,0
CUST-014163,72575.12,0
CUST-014167,116938.14,36
CUST-014168,58727.59,40
CUST-014172,10437.84,46
CUST-014173,10320.2,39
CUST-014174,105490.95,24
CUST-014176,57512.3,1
CUST-014177,122177.9,51
CUST-014178,2055.71,63
CUST-014179,89319.52,0
CUST-014180,15866.54,23
CUST-014181,35713.3,33
CUST-014184,51347.03,64
CUST-014185,209803.57,0
CUST-014186,82414.18,44
CUST-014187,224318.87,20
CUST-014188,191367.84,18
CUST-014190,158100.71,62
CUST-014191,17677.06,37
CUST-014192,98974.9,0
CUST-014194,158900.99,39
CUST-014196,109717.93,40
CUST-014197,49993.89,20
CUST-014198,8015.8,44
CUST-014199,41233.01,34
CUST-014200,51627.96,50
CUST-014201,18610.34,39
CUST-014202,31687.38,25
CUST-014203,3281.74,11
CUST-014205,29947.82,6
CUST-014206,4197.69,50
CUST-014207,45078.92,9
CUST-014208,127616.5,25
CUST-014209,11106.69,51
CUST-014210,81338.86,14
CUST-014211,63124.74,65
CUST-014212,3833.15,59
CUST-014213,1838.41,26
CUST-014214,1254.26,59
CUST-014215,6727.8,21
CUST-014216,55688.98,9
CUST-014217,4033.26,49
CUST-014219,72429.12,52
CUST-014220,113934.77,8
CUST-014221,8204.85,23
CUST-014222,58774.5,33
CUST-014224,49277.01,0
CUST-014226,89159.39,22
CUST-014227,33336.82,72
CUST-014228,23063.41,31
CUST-014229,254028.29,25
CUST-014231,63730.93,55
CUST-014232,25589.83,16
CUST-014233,5908.44,21
CUST-014235,131950.7,73
CUST-014236,3758.78,21
CUST-014237,42898.96,30
CUST-014240,71748.58,0
CUST-014242,3399.3,86
CUST-014243,146548.8,57
CUST-014244,191675.84,35
CUST-014245,17520.63,50
CUST-014246,13694.66,17
CUST-014247,7980.97,14
CUST-014248,16102.03,61
CUST-014249,35317.05,0
CUST-014250,51494.67,15
CUST-014251,68877.44,32
CUST-014252,4843.97,42
CUST-014253,33255.63,18
CUST-014254,11510.27,43
CUST-014255,24220.9,54
CUST-014256,70261.35,24
CUST-014257,6992.0,48
CUST-014258,49314.78,49
CUST-014259,31117.53,68
CUST-014260,25179.76,16
CUST-014261,12577.11,48
CUST-014263,1322.23,13
CUST-014264,43597.11,47
CUST-014265,28065.71,21
CUST-014266,18805.93,39
CUST-014267,164211.66,44
CUST-014268,18877.29,56
CUST-014269,15093.73,45
CUST-014270,79095.37,33
CUST-014271,24284.12,16
CUST-014272,128004.97,49
CUST-014273,53425.85,34
CUST-014275,1024.75,41
CUST-014276,22651.88,6
CUST-014279,27429.01,54
CUST-014281,5479.87,9
CUST-014282,256702.14,37
CUST-014283,107408.7,18
CUST-014285,71373.9,6
CUST-014288,52175.01,22
CUST-014289,115341.06,16
CUST-014290,109560.01,60
CUST-014291,67392.26,77
CUST-014292,39943.29,0
CUST-014293,151993.31,22
CUST-014295,20802.24,29
CUST-014296,66267.8,18
CUST-014297,13367.09,11
CUST-014298,5924.67,22
CUST-014299,168850.15,35
CUST-014300,12107.27,0
CUST-014302,144905.47,19
CUST-014303,40670.89,21
CUST-014306,3348.73,23
CUST-014307,37918.53,10
CUST-014308,168283.56,20
CUST-014309,70976.92,54
CUST-014310,5506.81,32
CUST-014311,15813.79,0
CUST-014312,57109.87,43
CUST-014313,34260.31,7
CUST-014314,90255.15,25
CUST-014315,40037.55,14
CUST-014316,145742.27,8
CUST-014317,18217.34,6
CUST-014318,29931.98,7
CUST-014319,202394.65,0
CUST-014320,44274.5,39
CUST-014321,2272.7,51
CUST-014323,8891.29,25
CUST-014324,84150.91,10
CUST-014325,105916.78,0
CUST-014326,75431.01,32
CUST-014328,128531.07,24
CUST-014329,69762.54,0
CUST-014330,135956.39,39
CUST-014331,31109.83,89
CUST-014332,81427.97,19
CUST-014333,120841.98,42
CUST-014334,67701.84,24
CUST-014335,52139.3,46
CUST-014337,4648.35,15
CUST-014339,122410.96,0
CUST-014341,62292.2,10
CUST-014342,18303.68,6
CUST-014343,2700.6,22
CUST-014345,141737.46,51
CUST-014346,5335.01,26
CUST-014347,2445.3,19
CUST-014348,8291.75,89
CUST-014349,33480.71,0
CUST-014350,62859.63,15
CUST-014352,26638.46,12
CUST-014353,35371.82,9
CUST-014354,173092.25,14
CUST-014355,88782.65,22
CUST-014358,87524.17,1
CUST-014359,23604.85,15
CUST-014361,40799.71,0
CUST-014365,15781.01,1
CUST-014367,50963.72,0
CUST-014368,29006.67,18
CUST-014369,25797.03,34
CUST-014370,106408.26,50
CUST-014371,10551.94,25
CUST-014372,5272.65,7
CUST-014373,6310.27,32
CUST-014374,29851.54,7
CUST-014375,11926.86,32
CUST-014376,204346.26,17
CUST-014377,40499.86,34
CUST-014378,60758.09,28
CUST-014379,59713.33,1
CUST-014380,26410.53,14
CUST-014381,156149.15,5
CUST-014383,121192.29,32
CUST-014384,15939.24,88
CUST-014385,41127.5,35
CUST-014386,48336.76,74
CUST-014387,16164.32,41
CUST-014388,85582.25,36
CUST-014389,109110.64,20
CUST-014390,73011.13,23
CUST-014391,17815.33,5
CUST-014392,39761.91,58
CUST-014393,6142.38,28
CUST-014394,22384.09,36
CUST-014395,48994.82,12
CUST-014396,9234.77,4
CUST-014397,74927.92,47
CUST-014398,4852.38,8
CUST-014400,138889.21,26
CUST-014401,101039.89,52
CUST-014405,1650.76,56
CUST-014406,150729.27,5
CUST-014407,8801.25,10
CUST-014408,15892.41,34
CUST-014409,12785.32,34
CUST-014411,26278.81,0
CUST-014413,50503.82,9
CUST-014414,84197.69,18
CUST-014415,136189.69,25
CUST-014416,2050.65,13
CUST-014417,58901.45,15
CUST-014419,98229.78,32
CUST-014420,64296.1,15
CUST-014421,89540.24,71
CUST-014423,46477.1,22
CUST-014424,92054.82,27
CUST-014426,100119.66,37
CUST-014427,17865.12,17
CUST-014429,14245.86,6
CUST-014430,134173.7,57
CUST-014431,26030.05,6
CUST-014432,170671.16,25
CUST-014433,127158.6,31
CUST-014434,146622.98,48
CUST-014435,58709.57,9
CUST-014436,27306.81,26
CUST-014437,20297.55,4
CUST-014438,14342.55,65
CUST-014439,81333.18,47
CUST-014440,69012.58,16
CUST-014441,4639.51,29
CUST-014443,24012.67,20
CUST-014445,129267.37,21
CUST-014446,7792.68,63
CUST-014448,104670.55,48
CUST-014449,126698.14,9
CUST-014451,82674.75,7
CUST-014452,72843.38,31
CUST-014453,40907.04,18
CUST-014454,110886.95,0
CUST-014455,17019.79,33
CUST-014456,0.0,56
CUST-014457,60763.74,44
CUST-014458,99219.83,23
CUST-014461,7847.01,12
CUST-014462,171436.99,15
CUST-014465,17682.32,39
CUST-014466,29907.65,31
CUST-014467,40908.47,31
CUST-014469,47331.66,32
CUST-014470,27076.42,9
CUST-014471,19384.76,10
CUST-014473,30104.73,5
CUST-014475,98602.25,32
CUST-014477,9102.5,75
CUST-014478,72757.78,19
CUST-014480,11620.71,23
CUST-014481,90654.31,21
CUST-014482,25299.37,51
CUST-014483,36064.25,25
CUST-014484,54061.48,16
CUST-014485,139957.89,7
CUST-014486,0.0,57
CUST-014490,73964.99,61
CUST-014491,41842.65,39
CUST-014492,4492.54,34
CUST-014495,103919.77,31
CUST-014497,27139.16,35
CUST-014498,34912.97,50
CUST-014499,64683.38,30
CUST-014501,84407.94,33
CUST-014502,5264.46,48
CUST-014503,42744.52,25
CUST-014504,101143.39,60
CUST-014507,27044.8,7
CUST-014508,86859.34,6
CUST-014509,132279.0,7
CUST-014511,20181.11,0
CUST-014512,12696.8,9
CUST-014513,1380.29,22
CUST-014516,13644.46,50
CUST-014517,20306.03,66
CUST-014518,10304.13,40
CUST-014520,14289.09,38
CUST-014521,179145.5,20
CUST-014522,31798.94,19
CUST-014523,17928.6,23
CUST-014524,146354.66,34
CUST-014525,46914.04,22
CUST-014526,229323.22,21
CUST-014528,55076.01,35
CUST-014530,80338.43,44
CUST-014531,111938.06,25
CUST-014532,12769.87,43
CUST-014534,12958.47,33
CUST-014535,57071.17,60
CUST-014536,143354.95,48
CUST-014537,109421.78,20
CUST-014538,78024.06,37
CUST-014539,1892.17,23
CUST-014542,63887.5,40
CUST-014543,48524.9,11
CUST-014545,35186.38,19
CUST-014547,195419.38,20
CUST-014548,12486.27,25
CUST-014549,71276.94,18
CUST-014550,80635.47,35
CUST-014551,56355.27,10
CUST-014552,144937.99,26
CUST-014554,92808.21,16
CUST-014557,182295.6,16
CUST-014558,65069.9,35
CUST-014559,105939.12,24
CUST-014560,3483.37,40
CUST-014561,50595.52,62
CUST-014562,45128.23,15
CUST-014563,10468.37,0
CUST-014567,36471.17,18
CUST-014568,32992.65,47
CUST-014569,65019.17,65
CUST-014570,3677.05,22
CUST-014571,134304.44,9
CUST-014572,61663.51,27
CUST-014574,44422.01,0
CUST-014575,42775.48,9
CUST-014577,5894.93,30
CUST-014579,152236.7,52
CUST-014582,42409.58,23
CUST-014583,3822.12,27
CUST-014584,43336.36,89
CUST-014586,160409.39,19
CUST-014587,9454.17,47
CUST-014588,109349.73,36
CUST-014589,165086.77,0
CUST-014591,58137.51,64
CUST-014592,59644.09,55
CUST-014593,109987.22,30
CUST-014594,15043.82,47
CUST-014595,216042.78,28
CUST-014597,44884.33,32
CUST-014600,80774.4,27
CUST-014601,68266.21,59
CUST-014602,65868.34,41
CUST-014603,150876.37,18
CUST-014605,882.99,0
CUST-014606,57497.3,46
CUST-014607,124610.92,0
CUST-014608,30294.42,47
CUST-014609,102962.37,11
CUST-014610,111675.18,1
CUST-014611,90517.37,21
CUST-014613,105372.18,50
CUST-014614,34911.07,58
CUST-014616,92982.47,47
CUST-014617,160420.4,28
CUST-014619,118717.56,53
CUST-014620,148343.19,47
CUST-014621,80826.89,31
CUST-014622,203419.53,38
CUST-014623,32200.74,9
CUST-014624,127916.89,63
CUST-014625,99469.41,70
CUST-014627,53432.52,27
CUST-014628,3252.83,47
CUST-014629,24707.78,6
CUST-014630,16246.2,35
CUST-014631,16746.06,12
CUST-014634,62072.71,6
CUST-014635,70449.02,5
CUST-014636,154532.2,27
CUST-014637,37161.85,48
CUST-014638,13711.42,60
CUST-014639,19692.68,48
CUST-014640,95979.88,10
CUST-014641,77650.36,7
CUST-014642,43974.11,64
CUST-014643,62658.78,49
CUST-014646,32727.21,1
CUST-014647,194279.05,24
CUST-014648,158026.79,0
CUST-014649,1007.33,9
CUST-014650,118082.85,25
CUST-014651,57355.78,2
CUST-014652,33318.71,47
CUST-014653,197060.75,12
CUST-014654,8433.23,9
CUST-014655,144145.95,35
CUST-014656,0.0,81
CUST-014657,60499.36,9
CUST-014659,68718.88,41
CUST-014660,3342.68,30
CUST-014661,74424.59,0
CUST-014662,111394.61,60
CUST-014663,35279.84,11
CUST-014664,82268.49,0
CUST-014665,54255.61,48
CUST-014666,2688.01,60
CUST-014667,23472.66,25
CUST-014668,3187.47,37
CUST-014669,4459.11,22
CUST-014670,41440.8,15
CUST-014671,26470.82,30
CUST-014672,32414.12,40
CUST-014673,22060.13,2
CUST-014675,151243.81,0
CUST-014676,31258.11,43
CUST-014677,120428.71,41
CUST-014678,107884.48,48
CUST-014679,111433.82,46
CUST-014680,41114.22,20
CUST-014681,42644.38,31
CUST-014682,54793.8,60
CUST-014684,23179.11,16
CUST-014685,91643.62,23
CUST-014686,0.0,51
CUST-014688,55944.21,24
CUST-014689,16621.77,8
CUST-014690,16315.85,22
CUST-014691,16563.48,21
CUST-014692,126808.53,9
CUST-014693,4308.09,6
CUST-014694,74859.74,15
CUST-014695,78949.35,23
CUST-014697,229.99,20
CUST-014699,5502.74,24
CUST-014700,33230.78,0
CUST-014701,8754.25,26
CUST-014702,44904.01,2
CUST-014703,43775.73,61
CUST-014704,3916.83,12
CUST-014705,62816.72,38
CUST-014706,1984.66,15
CUST-014707,255772.94,10
CUST-014708,19885.78,24
CUST-014709,38678.63,9
CUST-014714,9527.81,33
CUST-014715,30653.4,39
CUST-014716,5773.03,5
CUST-014717,13308.56,33
CUST-014718,43533.06,18
CUST-014719,6597.61,30
CUST-014720,43558.38,56
CUST-014722,22299.47,58
CUST-014723,107043.66,47
CUST-014724,35549.11,37
CUST-014725,22069.01,20
CUST-014726,7960.67,46
CUST-014727,35873.18,3
CUST-014728,25486.53,28
CUST-014729,59162.91,61
CUST-014731,41842.33,10
CUST-014733,10206.83,7
CUST-014734,4739.65,63
CUST-014735,28116.5,49
CUST-014736,27348.41,5
CUST-014739,66534.3,36
CUST-014740,233331.35,20
CUST-014743,29126.15,36
CUST-014744,8180.4,54
CUST-014745,82253.26,23
CUST-014746,8454.88,45
CUST-014747,11300.65,6
CUST-014752,255801.47,47
CUST-014753,129690.84,2
CUST-014754,58826.81,0
CUST-014755,29541.94,3
CUST-014756,76013.45,52
CUST-014757,112976.91,12
CUST-014759,29742.69,66
CUST-014761,17437.2,10
CUST-014763,205.58,38
CUST-014764,19645.42,22
CUST-014767,8329.94,17
CUST-014768,14878.23,40
CUST-014771,67533.89,36
CUST-014772,1398.18,46
CUST-014773,36528.4,16
CUST-014776,74654.83,1
CUST-014777,9825.35,11
CUST-014778,7772.73,23
CUST-014779,1451.96,38
CUST-014780,3404.29,19
CUST-014781,7946.38,15
CUST-014782,126046.22,22
CUST-014784,151733.01,7
CUST-014786,61490.74,65
CUST-014788,56790.97,43
CUST-014789,4526.55,42
CUST-014790,4033.02,53
CUST-014791,45727.2,6
CUST-014793,38906.03,31
CUST-014794,89951.17,59
CUST-014796,97667.38,24
CUST-014797,10443.55,30
CUST-014798,78124.89,42
CUST-014799,130690.31,40
CUST-014800,207784.63,54
CUST-014801,26101.11,25
CUST-014802,70952.33,29
CUST-014803,212607.21,23
CUST-014806,52025.5,48
CUST-014808,58611.06,42
CUST-014809,53971.43,56
CUST-014810,8021.3,25
CUST-014811,46511.54,17
CUST-014812,16030.24,9
CUST-014813,84744.07,35
CUST-014814,76913.71,36
CUST-014815,19400.26,38
CUST-014817,46795.34,22
CUST-014818,7480.17,6
CUST-014819,3433.47,28
CUST-014820,15499.03,65
CUST-014821,27895.22,0
CUST-014822,5470.55,50
CUST-014823,2576.64,23
CUST-014824,23798.68,29
CUST-014825,29114.54,0
CUST-014827,161935.12,22
CUST-014828,79815.59,19
CUST-014831,218207.12,0
CUST-014833,36922.98,15
CUST-014834,92711.36,6
CUST-014835,7464.3,11
CUST-014836,91173.56,31
CUST-014838,112948.67,23
CUST-014839,96380.55,24
CUST-014840,16656.68,72
CUST-014842,60659.04,47
CUST-014843,9862.21,17
CUST-014844,139796.21,10
CUST-014845,71672.08,43
CUST-014847,30091.13,4
CUST-014848,71082.14,0
CUST-014849,56741.32,16
CUST-014850,190562.83,12
CUST-014851,81549.69,63
CUST-014852,17336.77,40
CUST-014853,6689.71,48
CUST-014854,58417.02,0
CUST-014856,38007.41,42
CUST-014857,9261.79,32
CUST-014858,185735.66,8
CUST-014860,55863.5,9
CUST-014861,32139.25,5
CUST-014863,106690.66,9
CUST-014864,213235.67,0
CUST-014865,71450.96,0
CUST-014867,39542.18,10
CUST-014868,3929.07,17
CUST-014869,13319.98,23
CUST-014870,149950.72,31
CUST-014871,56697.54,40
CUST-014873,74517.44,13
CUST-014874,154852.28,22
CUST-014877,62001.63,38
CUST-014878,59190.46,35
CUST-014879,25016.02,2
CUST-014880,124440.16,41
CUST-014881,100049.03,31
CUST-014882,6022.44,9
CUST-014883,35140.98,49
CUST-014885,101146.34,27
CUST-014888,120135.89,57
CUST-014889,115512.59,11
CUST-014891,49572.84,0
CUST-014892,16256.57,4
CUST-014893,17704.03,50
CUST-014894,47702.77,45
CUST-014895,67356.6,57
CUST-014896,124050.1,0
CUST-014898,98943.28,22
CUST-014899,76552.83,4
CUST-014900,34360.86,41
CUST-014901,18526.85,45
CUST-014902,103646.0,68
CUST-014903,19293.49,38
CUST-014904,5944.39,74
CUST-014905,198812.77,35
CUST-014906,25858.98,66
CUST-014907,97246.08,22
CUST-014908,100552.96,23
CUST-014909,190499.75,0
CUST-014910,9734.48,24
CUST-014911,113932.13,32
CUST-014912,91972.91,39
CUST-014913,149009.86,20
CUST-014914,72344.93,12
CUST-014915,21702.16,0
CUST-014916,56652.33,3
CUST-014917,14760.15,32
CUST-014918,110464.82,29
CUST-014919,109113.16,23
CUST-014920,67642.48,4
CUST-014921,188553.82,36
CUST-014922,25878.22,35
CUST-014924,4846.44,32
CUST-014925,1067.78,46
CUST-014926,87403.51,22
CUST-014928,107097.63,4
CUST-014929,11149.43,6
CUST-014930,38166.5,20
CUST-014931,17625.55,31
CUST-014932,8887.95,68
CUST-014933,83911.36,26
CUST-014935,112484.22,0
CUST-014938,12512.75,67
CUST-014940,159008.31,63
CUST-014941,107893.6,13
CUST-014942,98748.87,17
CUST-014943,106369.28,22
CUST-014944,11707.96,33
CUST-014946,1072.45,40
CUST-014948,36353.85,5
CUST-014950,138504.84,15
CUST-014951,29651.23,37
CUST-014952,30190.38,40
CUST-014953,972.99,21
CUST-014954,89247.2,30
CUST-014955,89993.13,40
CUST-014956,17177.43,59
CUST-014957,25400.75,0
CUST-014959,165722.75,33
CUST-014960,91804.42,11
CUST-014962,24563.19,40
CUST-014963,9277.78,2
CUST-014964,65454.13,22
CUST-014965,80855.7,10
CUST-014966,66476.4,33
CUST-014967,902.12,12
CUST-014968,95771.69,39
CUST-014969,162824.66,0
CUST-014971,62545.53,23
CUST-014972,80064.21,11
CUST-014974,117425.04,34
CUST-014975,118838.57,20
CUST-014976,56556.56,9
CUST-014977,25491.87,21
CUST-014979,35880.76,9
CUST-014980,60717.35,25
CUST-014981,148434.93,6
CUST-014982,129147.02,2
CUST-014984,73221.53,47
CUST-014985,18394.87,24
CUST-014986,21279.51,14
CUST-014987,77844.75,64
CUST-014988,5384.63,16
CUST-014989,1302.37,15
CUST-014990,153794.78,76
CUST-014991,40062.27,8
CUST-014992,95876.48,0
CUST-014993,3343.72,7
CUST-014994,72023.3,0
CUST-014995,31747.11,17
CUST-014996,11151.96,6
CUST-014997,34883.98,39
CUST-014998,28380.8,18
CUST-015000,4563.65,40
CUST-015002,144888.44,41
CUST-015003,51183.88,16
CUST-015004,21228.03,0
CUST-015006,40435.43,20
CUST-015008,29843.89,0
CUST-015009,218456.43,71
CUST-015010,7049.71,22
CUST-015011,105398.29,58
CUST-015012,39070.1,27
CUST-015013,8099.2,58
CUST-015015,18802.31,36
CUST-015016,12843.27,18
CUST-015018,32529.06,34
CUST-015019,54128.98,14
CUST-015020,29404.74,9
CUST-015021,5035.81,38
CUST-015022,125980.41,35
CUST-015024,184249.31,7
CUST-015025,182730.78,34
CUST-015026,47863.62,18
CUST-015027,56211.03,32
CUST-015029,45445.53,48
CUST-015030,8780.49,55
CUST-015031,20168.71,12
CUST-015033,157756.43,41
CUST-015034,23223.98,29
CUST-015035,30839.33,68
CUST-015036,179581.34,25
CUST-015037,59063.14,43
CUST-015038,180807.39,19
CUST-015039,89352.31,20
CUST-015041,42114.57,18
CUST-015043,17506.59,37
CUST-015044,51261.71,0
CUST-015048,129556.15,9
CUST-015049,46959.98,25
CUST-015050,21102.21,32
CUST-015051,4556.8,17
CUST-015052,76022.54,0
CUST-015053,108747.54,0
CUST-015054,39926.76,50
CUST-015056,21739.06,32
CUST-015058,11812.88,29
CUST-015059,93922.19,19
CUST-015060,179644.06,10
CUST-015061,86036.92,20
CUST-015062,20952.21,22
CUST-015063,93147.6,39
CUST-015064,39256.23,47
CUST-015065,44885.01,6
CUST-015066,17549.3,30
CUST-015067,62128.01,21
CUST-015068,1571.88,28
CUST-015069,8534.8,30
CUST-015070,11005.94,43
CUST-015071,4159.21,37
CUST-015072,164452.2,16
CUST-015073,77489.97,39
CUST-015075,17567.28,13
CUST-015077,5422.89,19
CUST-015078,6093.15,23
CUST-015079,14394.68,0
CUST-015081,40949.87,32
CUST-015082,50916.68,10
CUST-015083,19557.19,0
CUST-015084,64176.06,11
CUST-015085,7676.17,30
CUST-015087,6761.44,33
CUST-015088,30015.25,13
CUST-015089,46244.29,47
CUST-015090,42720.98,90
CUST-015091,46978.13,65
CUST-015092,83305.24,7
CUST-015093,22608.3,6
CUST-015094,116122.16,8
CUST-015095,101658.68,40
CUST-015096,35309.13,25
CUST-015097,72487.6,48
CUST-015098,120304.82,7
CUST-015099,167143.48,10
CUST-015100,79507.96,23
CUST-015101,31907.2,38
CUST-015102,829.65,37
CUST-015103,64038.95,30
CUST-015104,25189.48,13
CUST-015105,159690.93,17
CUST-015106,55524.46,60
CUST-015107,88216.76,10
CUST-015110,85291.96,39
CUST-015111,143622.7,43
CUST-015112,16468.07,24
CUST-015113,15838.73,17
CUST-015114,80502.95,49
CUST-015115,11383.96,8
CUST-015116,139401.02,1
CUST-015117,10932.14,15
CUST-015118,190431.93,24
CUST-015120,65968.19,0
CUST-015121,113876.61,45
CUST-015123,165374.71,7
CUST-015124,58832.98,0
CUST-015126,47085.05,17
CUST-015127,37239.32,19
CUST-015129,4793.12,37
CUST-015130,102388.53,37
CUST-015132,16212.75,10
CUST-015133,11642.92,3
CUST-015134,64299.14,34
CUST-015136,12163.31,44
CUST-015137,50748.06,1
CUST-015138,94848.3,35
CUST-015139,89702.71,9
CUST-015140,163335.7,38
CUST-015141,128871.95,0
CUST-015142,58425.97,24
CUST-015144,28678.38,39
CUST-015145,19345.14,44
CUST-015146,69092.75,42
CUST-015148,82417.13,20
CUST-015149,4451.92,10
CUST-015150,87854.5,54
CUST-015151,5740.86,0
CUST-015152,42829.34,31
CUST-015153,6138.47,19
CUST-015155,65112.71,37
CUST-015156,45750.75,6
CUST-015157,67451.56,73
CUST-015160,84944.55,9
CUST-015161,48739.96,0
CUST-015162,42669.83,8
CUST-015163,47422.03,5
CUST-015164,147217.67,3
CUST-015165,52541.89,0
CUST-015166,159377.85,18
CUST-015167,21999.89,31
CUST-015168,11602.41,71
CUST-015169,19198.13,23
CUST-015170,6277.55,20
CUST-015172,7511.47,21
CUST-015173,4502.24,8
CUST-015174,31103.74,48
CUST-015175,153920.0,16
CUST-015176,73054.97,20
CUST-015177,105283.39,51
CUST-015180,210578.99,40
CUST-015181,19826.87,0
CUST-015182,77618.41,46
CUST-015183,10872.59,0
CUST-015184,21634.3,21
CUST-015185,69327.21,16
CUST-015186,73631.83,0
CUST-015187,1392.82,18
CUST-015188,77148.09,24
CUST-015191,36930.19,12
CUST-015194,179282.97,1
CUST-015195,35343.57,18
CUST-015196,84403.43,33
CUST-015197,0.0,55
CUST-015198,79046.15,18
CUST-015199,57043.95,5
CUST-015200,32300.23,29
CUST-015202,25448.79,41
CUST-015203,22891.21,0
CUST-015204,180203.02,21
CUST-015206,14168.34,5
CUST-015207,9617.85,0
CUST-015209,118714.61,0
CUST-015210,11975.17,21
CUST-015211,21394.23,32
CUST-015213,7542.71,50
CUST-015214,128054.35,6
CUST-015216,10858.87,23
CUST-015217,106854.26,34
CUST-015219,5837.89,16
CUST-015221,2801.91,15
CUST-015222,121388.59,8
CUST-015223,44556.4,23
CUST-015224,111935.22,52
CUST-015225,24331.44,35
CUST-015226,5887.17,0
CUST-015228,96294.87,0
CUST-015229,11713.0,33
CUST-015230,6891.98,31
CUST-015231,32801.66,24
CUST-015232,22619.1,53
CUST-015233,158212.97,26
CUST-015234,76453.41,24
CUST-015235,67120.53,36
CUST-015236,0.0,13
CUST-015238,70548.21,82
CUST-015239,43851.99,72
CUST-015241,1332.23,14
CUST-015242,129493.81,16
CUST-015244,60634.68,21
CUST-015245,4887.54,34
CUST-015246,72015.92,13
CUST-015248,26820.82,21
CUST-015249,177915.75,11
CUST-015250,27299.14,17
CUST-015251,192867.5,33
CUST-015252,2434.65,1
CUST-015253,3357.43,36
CUST-015254,16113.51,12
CUST-015255,10502.7,35
CUST-015257,45952.37,23
CUST-015259,22543.8,12
CUST-015261,21712.27,0
CUST-015262,104877.76,5
CUST-015264,47018.23,45
CUST-015265,9523.74,16
CUST-015266,144772.36,61
CUST-015267,76012.22,42
CUST-015269,25527.88,15
CUST-015271,3415.54,22
CUST-015272,11744.43,13
CUST-015273,53493.95,0
CUST-015274,93514.43,55
CUST-015275,22394.22,48
CUST-015276,84949.73,72
CUST-015277,36574.22,69
CUST-015279,44142.37,60
CUST-015280,41496.84,32
CUST-015282,111948.84,41
CUST-015283,153693.12,35
CUST-015284,4952.48,32
CUST-015285,20435.4,25
CUST-015286,30261.15,42
CUST-015288,18351.98,31
CUST-015289,40692.97,59
CUST-015290,5799.22,25
CUST-015291,30724.63,0
CUST-015294,23540.27,43
CUST-015296,3221.3,7
CUST-015298,48215.09,40
CUST-015300,33023.4,54
CUST-015301,24097.61,0
CUST-015302,159562.6,12
CUST-015304,56279.69,60
CUST-015305,107117.49,30
CUST-015306,26435.2,21
CUST-015307,82803.63,70
CUST-015308,48762.65,88
CUST-015309,46621.25,11
CUST-015310,25095.93,34
CUST-015311,63643.07,21
CUST-015313,5762.43,0
CUST-015314,179192.8,31
CUST-015315,108487.5,25
CUST-015316,22796.18,42
CUST-015317,29434.11,28
CUST-015318,155359.5,17
CUST-015319,14370.73,30
CUST-015320,134982.47,2
CUST-015322,147527.73,21
CUST-015323,129012.15,25
CUST-015324,38452.59,37
CUST-015325,81136.45,2
CUST-015326,21687.02,21
CUST-015327,124166.88,51
CUST-015328,104495.39,5
CUST-015329,150827.96,0
CUST-015330,16124.12,6
CUST-015331,29191.82,19
CUST-015332,38553.84,33
CUST-015333,8634.51,39
CUST-015334,6223.91,30
CUST-015337,68435.56,75
CUST-015338,36177.36,25
CUST-015339,10216.77,10
CUST-015340,191919.3,3
CUST-015341,38503.34,21
CUST-015342,2784.22,28
CUST-015343,11089.63,28
CUST-015344,14859.57,52
CUST-015345,25681.72,6
CUST-015346,49376.72,62
CUST-015347,69287.74,3
CUST-015348,30350.44,16
CUST-015349,36544.97,30
CUST-015350,137115.68,36
CUST-015352,3237.41,27
CUST-015353,74245.5,0
CUST-015355,20033.1,22
CUST-015356,1822.55,52
CUST-015357,108672.24,0
CUST-015358,33907.27,8
CUST-015359,18183.81,5
CUST-015361,52229.79,0
CUST-015362,29495.44,50
CUST-015363,43849.33,19
CUST-015364,33204.79,2
CUST-015366,7109.43,26
CUST-015367,64107.98,32
CUST-015368,9409.77,48
CUST-015370,60576.05,47
CUST-015371,112953.95,60
CUST-015372,34790.83,5
CUST-015373,12366.57,2
CUST-015374,11890.35,5
CUST-015375,3797.92,0
CUST-015376,73539.23,16
CUST-015377,10013.53,28
CUST-015378,132076.94,41
CUST-015379,89400.85,33
CUST-015380,35778.85,0
CUST-015381,54625.54,28
CUST-015382,58378.77,20
CUST-015383,2164.43,51
CUST-015384,144923.24,43
CUST-015386,126267.43,35
CUST-015387,60826.96,57
CUST-015389,30166.67,9
CUST-015390,57507.08,7
CUST-015391,166657.56,30
CUST-015392,23651.58,1
CUST-015393,51691.83,40
CUST-015394,47290.61,21
CUST-015396,8578.08,42
CUST-015397,6466.62,31
CUST-015399,61375.14,42
CUST-015400,19919.55,0
CUST-015402,149442.18,58
CUST-015403,36891.31,23
CUST-015404,46274.39,66
CUST-015405,28588.35,33
CUST-015406,133201.06,64
CUST-015407,4995.26,0
CUST-015408,34540.78,8
CUST-015409,1682.26,52
CUST-015410,50745.69,3
CUST-015411,2775.67,64
CUST-015412,137953.69,1
CUST-015413,91997.0,39
CUST-015414,86251.19,0
CUST-015415,85795.84,49
CUST-015416,117336.5,58
CUST-015417,48090.5,22
CUST-015418,7443.16,16
CUST-015420,93708.3,25
CUST-015422,69734.58,6
CUST-015423,20937.33,9
CUST-015424,22275.95,31
CUST-015425,182364.89,0
CUST-015426,26404.77,25
CUST-015427,200045.89,23
CUST-015428,163196.73,0
CUST-015429,61193.42,0
CUST-015431,51890.88,16
CUST-015433,166638.7,12
CUST-015435,5561.05,47
CUST-015436,9224.3,38
CUST-015437,15282.27,24
CUST-015438,37350.24,48
CUST-015439,8993.06,16
CUST-015440,13942.37,20
CUST-015441,25449.57,40
CUST-015442,52099.31,5
CUST-015443,236216.77,44
CUST-015446,8979.84,27
CUST-015447,2246.74,67
CUST-015448,45022.47,56
CUST-015449,85515.52,48
CUST-015450,55455.9,32
CUST-015451,72690.2,12
CUST-015452,37356.79,23
CUST-015454,143703.96,48
CUST-015455,25919.78,35
CUST-015456,386.93,70
CUST-015457,77433.96,20
CUST-015458,25227.88,12
CUST-015460,37716.73,57
CUST-015462,57165.75,11
CUST-015463,39700.2,71
CUST-015465,65436.23,14
CUST-015466,6467.05,41
CUST-015468,42048.22,20
CUST-015469,115626.53,22
CUST-015471,15758.51,24
CUST-015472,62363.12,0
CUST-015473,38431.46,47
CUST-015474,149241.55,40
CUST-015475,178962.42,0
CUST-015476,69369.3,73
CUST-015477,161495.7,41
CUST-015479,16752.47,8
CUST-015480,4136.38,0
CUST-015482,203602.22,72
CUST-015483,99272.07,25
CUST-015485,23265.32,44
CUST-015486,55385.09,42
CUST-015488,62100.67,18
CUST-015489,29562.52,31
CUST-015490,7380.02,51
CUST-015491,82536.68,0
CUST-015492,70391.57,25
CUST-015493,29054.08,23
CUST-015494,91371.82,21
CUST-015495,7136.11,4
CUST-015496,30141.54,0
CUST-015497,56389.0,25
CUST-015498,7748.14,0
CUST-015499,15762.29,0
CUST-015502,32001.03,44
CUST-015503,8504.15,33
CUST-015504,67408.96,21
CUST-015505,67813.15,61
CUST-015507,21377.91,0
CUST-015508,124108.94,40
CUST-015509,55414.08,2
CUST-015511,50375.63,36
CUST-015512,40005.21,60
CUST-015513,51773.54,27
CUST-015514,193299.16,22
CUST-015515,17714.67,38
CUST-015516,47989.87,47
CUST-015519,115309.98,30
CUST-015520,80262.5,57
CUST-015522,66023.65,69
CUST-015523,1644.61,20
CUST-015524,88188.1,47
CUST-015525,11580.83,75
CUST-015526,62755.61,0
CUST-015527,33176.76,46
CUST-015528,121377.34,13
CUST-015529,57463.14,0
CUST-015531,7887.89,9
CUST-015532,153676.9,21
CUST-015533,28802.56,17
CUST-015534,36866.44,24
CUST-015535,140582.13,22
CUST-015536,84626.76,7
CUST-015537,94029.28,0
CUST-015538,55400.39,0
CUST-015539,14873.07,50
CUST-015540,22266.42,42
CUST-015541,33101.69,73
CUST-015542,49778.31,0
CUST-015543,77746.3,0
CUST-015544,22514.55,53
CUST-015545,12942.86,59
CUST-015546,22153.73,72
CUST-015547,55060.53,4
CUST-015548,29134.2,37
CUST-015549,92006.9,0
CUST-015550,52377.81,3
CUST-015552,6614.33,31
CUST-015553,37302.62,9
CUST-015555,44376.53,45
CUST-015557,81129.61,15
CUST-015558,133780.03,13
CUST-015559,59245.74,45
CUST-015560,57428.68,34
CUST-015561,45682.15,31
CUST-015562,11631.75,0
CUST-015563,25785.76,33
CUST-015564,92871.67,0
CUST-015565,96009.33,30
CUST-015566,22554.94,50
CUST-015568,145445.46,37
CUST-015569,33063.11,13
CUST-015570,7440.76,73
CUST-015571,17177.51,45
CUST-015572,226154.69,34
CUST-015574,67067.19,47
CUST-015575,22901.7,30
CUST-015576,79166.33,25
CUST-015577,2809.47,8
CUST-015578,3332.87,43
CUST-015580,36705.3,0
CUST-015581,8752.93,8
CUST-015582,93792.47,48
CUST-015583,58717.11,16
CUST-015584,10428.11,7
CUST-015585,44896.66,0
CUST-015586,7101.03,39
CUST-015587,50217.72,25
CUST-015588,20442.25,38
CUST-015589,72677.56,6
CUST-015590,228258.74,29
CUST-015592,19939.54,7
CUST-015593,31768.61,20
CUST-015594,77880.08,46
CUST-015596,37206.61,17
CUST-015597,42523.09,0
CUST-015598,164816.95,23
CUST-015599,37479.71,49
CUST-015600,8030.01,0
CUST-015601,50150.75,24
CUST-015604,25660.85,31
CUST-015605,74436.24,26
CUST-015606,132540.44,1
CUST-015607,129595.54,30
CUST-015608,5231.44,48
CUST-015609,28786.58,36
CUST-015610,111577.34,38
CUST-015611,694.64,100
CUST-015612,38686.07,28
CUST-015613,49850.76,21
CUST-015614,91658.56,32
CUST-015616,121790.88,34
CUST-015617,19752.48,34
CUST-015620,74270.07,23
CUST-015621,20906.6,34
CUST-015622,9996.29,47
CUST-015623,3652.7,0
CUST-015624,104063.04,0
CUST-015625,82654.98,38
CUST-015627,197322.11,36
CUST-015628,90627.59,0
CUST-015629,71184.69,24
CUST-015630,135221.27,35
CUST-015631,174717.39,16
CUST-015635,84830.22,17
CUST-015636,112613.43,34
CUST-015637,40086.88,13
CUST-015638,46273.49,45
CUST-015639,5229.93,11
CUST-015641,97179.68,0
CUST-015642,27151.06,7
CUST-015643,17016.07,15
CUST-015644,29869.71,0
CUST-015646,710.61,69
CUST-015647,115116.72,3
CUST-015648,8919.27,17
CUST-015649,20417.46,39
CUST-015650,44920.77,0
CUST-015652,125363.16,51
CUST-015653,60711.07,47
CUST-015655,69667.35,0
CUST-015656,3530.07,18
CUST-015658,4474.88,24
CUST-015659,45269.57,22
CUST-015660,46756.57,25
CUST-015661,45262.34,35
CUST-015662,7197.68,34
CUST-015663,109751.29,59
CUST-015664,67573.82,18
CUST-015666,56292.99,0
CUST-015668,19542.35,45
CUST-015669,7602.7,38
CUST-015670,16290.19,32
CUST-015671,49268.04,21
CUST-015673,58134.69,30
CUST-015675,39362.12,16
CUST-015676,64915.57,0
CUST-015677,172025.03,16
CUST-015678,10110.01,6
CUST-015679,71801.96,50
CUST-015682,215034.18,50
CUST-015683,10748.41,49
CUST-015684,213121.68,43
CUST-015685,10741.27,33
CUST-015686,16555.54,7
CUST-015688,78734.8,18
CUST-015689,97356.37,33
CUST-015690,56798.44,24
CUST-015691,5989.89,46
CUST-015692,40869.57,34
CUST-015693,20974.54,46
CUST-015694,47844.82,8
CUST-015697,94307.89,44
CUST-015699,90478.83,0
CUST-015700,44139.36,19
CUST-015701,83659.68,20
CUST-015702,63231.22,8
CUST-015703,17794.66,0
CUST-015705,56553.32,24
CUST-015706,2893.68,17
CUST-015707,2247.05,25
CUST-015708,159044.91,10
CUST-015709,22829.99,0
CUST-015711,10689.96,42
CUST-015714,25175.78,10
CUST-015716,101664.82,18
CUST-015717,53260.85,19
CUST-015718,113576.67,40
CUST-015719,28118.36,22
CUST-015721,2551.45,0
CUST-015722,6416.67,56
CUST-015723,41039.12,35
CUST-015724,11846.03,13
CUST-015726,42253.84,27
CUST-015727,16924.08,5
CUST-015729,34923.18,6
CUST-015730,51707.4,18
CUST-015731,27320.4,26
CUST-015733,26706.89,32
CUST-015734,62984.36,15
CUST-015735,125457.65,16
CUST-015736,55987.66,42
CUST-015737,12825.78,25
CUST-015738,1866.78,8
CUST-015739,32734.7,37
CUST-015740,123204.31,17
CUST-015741,50786.65,5
CUST-015742,221679.08,40
CUST-015743,40457.49,75
CUST-015744,6834.8,12
CUST-015745,83786.24,49
CUST-015746,99370.05,0
CUST-015747,120230.7,35
CUST-015749,17102.5,10
CUST-015750,127596.48,33
CUST-015751,36469.84,45
CUST-015752,579.35,50
CUST-015753,24501.41,10
CUST-015754,14458.21,45
CUST-015755,34861.93,55
CUST-015756,135972.51,37
CUST-015757,11281.64,44
CUST-015759,91170.94,34
CUST-015760,107665.04,25
CUST-015761,51572.82,42
CUST-015762,105551.94,2
CUST-015763,56844.22,9
CUST-015764,54538.01,34
CUST-015765,36455.97,6
CUST-015766,25616.27,7
CUST-015767,87296.52,0
CUST-015769,15873.64,59
CUST-015771,39984.04,46
CUST-015772,16630.6,50
CUST-015773,21536.49,30
CUST-015774,31046.96,1
CUST-015775,116412.36,33
CUST-015776,25758.52,0
CUST-015777,78633.19,55
CUST-015778,91.32,16
CUST-015779,158874.11,15
CUST-015780,72513.8,21
CUST-015781,6006.39,44
CUST-015782,19523.32,17
CUST-015783,162313.14,19
CUST-015784,25442.63,62
CUST-015785,140729.46,32
CUST-015787,149018.51,22
CUST-015788,51500.57,0
CUST-015789,190427.19,50
CUST-015791,11748.24,23
CUST-015792,32703.94,56
CUST-015793,21595.62,18
CUST-015794,139275.85,8
CUST-015795,1617.09,16
CUST-015796,109539.92,37
CUST-015798,27962.72,10
CUST-015800,1821.25,9
CUST-015802,38336.3,44
CUST-015803,122644.93,41
CUST-015804,3373.03,54
CUST-015805,32628.96,60
CUST-015808,95672.8,3
CUST-015809,15488.05,0
CUST-015811,57982.08,14
CUST-015812,123593.61,5
CUST-015813,33653.29,17
CUST-015816,148848.41,13
CUST-015817,63526.62,20
CUST-015818,2236.82,33
CUST-015819,671.12,46
CUST-015820,16040.83,34
CUST-015821,102331.59,1
CUST-015823,7722.39,0
CUST-015824,102215.91,50
CUST-015825,46568.53,21
CUST-015827,3473.45,84
CUST-015828,111499.55,0
CUST-015829,65229.95,30
CUST-015830,136969.5,35
CUST-015831,14905.92,7
CUST-015832,181270.15,19
CUST-015834,27079.12,0
CUST-015835,38877.47,23
CUST-015836,131556.25,6
CUST-015837,19269.37,19
CUST-015840,136172.18,61
CUST-015841,5348.17,11
CUST-015842,19481.19,22
CUST-015843,50390.6,21
CUST-015844,16395.34,42
CUST-015845,11364.92,23
CUST-015846,47628.34,54
CUST-015847,7330.47,15
CUST-015848,42277.85,43
CUST-015849,48409.01,6
CUST-015851,38511.9,23
CUST-015852,23276.32,0
CUST-015853,111107.33,35
CUST-015856,41201.91,19
CUST-015857,27626.47,33
CUST-015858,17735.81,22
CUST-015859,113851.03,32
CUST-015860,81705.52,6
CUST-015861,490.58,29
CUST-015862,63557.75,51
CUST-015863,24891.69,28
CUST-015864,22741.55,7
CUST-015865,1293.08,15
CUST-015866,6846.34,69
CUST-015867,161741.05,35
CUST-015868,150299.56,5
CUST-015870,4415.8,29
CUST-015871,31548.35,9
CUST-015872,45862.45,20
CUST-015873,130170.21,34
CUST-015874,9503.85,15
CUST-015875,122484.26,1
CUST-015876,26533.9,24
CUST-015877,34986.64,8
CUST-015878,5335.16,42
CUST-015879,50472.24,20
CUST-015880,41625.28,34
CUST-015882,82313.82,40
CUST-015883,92958.77,0
CUST-015884,58279.89,9
CUST-015886,51165.57,3
CUST-015887,15536.12,9
CUST-015888,14946.1,20
CUST-015890,8944.34,45
CUST-015891,45697.41,35
CUST-015892,13269.07,75
CUST-015893,38372.07,5
CUST-015894,1176.74,12
CUST-015895,33460.69,73
CUST-015896,137048.28,3
CUST-015897,70946.5,0
CUST-015899,128296.03,74
CUST-015900,13122.07,17
CUST-015901,45739.44,3
CUST-015902,33063.31,19
CUST-015903,65821.25,50
CUST-015904,25503.42,75
CUST-015905,114356.45,43
CUST-015906,21533.92,33
CUST-015907,25218.67,0
CUST-015908,84891.9,26
CUST-015910,18377.07,59
CUST-015911,43932.77,41
CUST-015912,6407.99,89
CUST-015913,69151.08,7
CUST-015914,17375.05,24
CUST-015916,6692.7,0
CUST-015917,70893.27,17
CUST-015918,109948.64,60
CUST-015919,651.06,35
CUST-015920,756.1,35
CUST-015921,32834.42,15
CUST-015922,11566.65,32
CUST-015924,98604.51,22
CUST-015925,23089.24,0
CUST-015926,112662.43,56
CUST-015927,15000.17,8
CUST-015928,23253.46,17
CUST-015929,8716.68,1
CUST-015930,16665.99,39
CUST-015931,52477.24,34
CUST-015932,87775.41,48
CUST-015933,20515.28,64
CUST-015934,64015.56,19
CUST-015935,37458.26,8
CUST-015936,157123.69,10
CUST-015937,53912.77,0
CUST-015938,102965.35,7
CUST-015939,13853.68,9
CUST-015940,66091.08,35
CUST-015942,47863.73,60
CUST-015943,42184.79,0
CUST-015946,44340.67,11
CUST-015947,12329.68,0
CUST-015948,3828.05,21
CUST-015949,39366.13,33
CUST-015950,68788.14,7
CUST-015951,24789.37,20
CUST-015955,25851.78,49
CUST-015956,90705.54,60
CUST-015957,51385.84,24
CUST-015958,17531.31,34
CUST-015959,6486.99,13
CUST-015961,70183.83,15
CUST-015962,13695.08,39
CUST-015963,41258.17,9
CUST-015964,16879.59,32
CUST-015965,29869.42,41
CUST-015966,136326.4,43
CUST-015967,8633.66,3
CUST-015968,5389.65,25
CUST-015969,161267.45,0
CUST-015970,21575.07,34
CUST-015973,7288.06,30
CUST-015974,62277.16,39
CUST-015975,11393.94,44
CUST-015976,63179.11,17
CUST-015977,50168.81,0
CUST-015978,131778.43,6
CUST-015980,91056.84,12
CUST-015984,119261.14,0
CUST-015985,99329.56,51
CUST-015987,16301.6,9
CUST-015988,89065.32,18
CUST-015989,77580.55,43
CUST-015990,9628.99,38
CUST-015991,204592.77,4
CUST-015992,39147.49,38
CUST-015993,51914.78,47
CUST-015994,4611.6,25
CUST-015995,70537.46,12
CUST-015996,101350.45,35
CUST-015997,19614.04,46
CUST-015998,31871.5,32
CUST-015999,47469.17,50
CUST-016002,92330.99,31
CUST-016004,23938.98,40
CUST-016005,20616.75,20
CUST-016006,131512.93,11
CUST-016007,41603.99,12
CUST-016008,44087.78,49
CUST-016009,43303.63,52
CUST-016010,84919.67,75
CUST-016011,46704.15,16
CUST-016012,107113.53,28
CUST-016013,75516.03,27
CUST-016014,21428.6,46
CUST-016015,245212.41,0
CUST-016016,62767.17,61
CUST-016017,13365.68,0
CUST-016018,18629.24,9
CUST-016019,36135.67,18
CUST-016020,46913.49,53
CUST-016021,5308.65,31
CUST-016022,32065.9,39
CUST-016023,64430.64,0
CUST-016024,111130.98,26
CUST-016025,2218.04,15
CUST-016026,12756.25,0
CUST-016027,10892.75,20
CUST-016028,150577.11,1
CUST-016030,28630.9,55
CUST-016032,143063.32,21
CUST-016033,83146.75,39
CUST-016035,125745.51,23
CUST-016036,96739.22,0
CUST-016037,34488.65,45
CUST-016038,21901.18,9
CUST-016039,85610.97,8
CUST-016041,56800.78,30
CUST-016042,108262.62,66
CUST-016043,66549.62,27
CUST-016044,32823.74,10
CUST-016045,138742.23,17
CUST-016046,61207.48,39
CUST-016047,16121.4,37
CUST-016048,71116.36,46
CUST-016050,11808.23,7
CUST-016051,31501.13,35
CUST-016053,811.74,83
CUST-016057,685.47,9
CUST-016058,33756.6,15
CUST-016059,10327.16,0
CUST-016060,72075.3,9
CUST-016061,3455.72,53
CUST-016062,90340.94,30
CUST-016064,12264.13,7
CUST-016065,2153.6,67
CUST-016066,21234.06,25
CUST-016067,49762.88,64
CUST-016068,9425.42,49
CUST-016069,58641.24,23
CUST-016070,62878.99,0
CUST-016071,85998.15,39
CUST-016073,185880.04,21
CUST-016074,77566.22,49
CUST-016075,99624.74,39
CUST-016076,22255.26,22
CUST-016077,3237.21,35
CUST-016079,44887.06,18
CUST-016081,11303.08,22
CUST-016082,19160.65,31
CUST-016083,56081.76,21
CUST-016084,71030.58,17
CUST-016087,81024.65,23
CUST-016088,121092.1,11
CUST-016089,10236.17,22
CUST-016091,101854.94,11
CUST-016092,92158.73,0
CUST-016093,69940.75,38
CUST-016094,98344.09,29
CUST-016095,35836.9,59
CUST-016097,53069.86,31
CUST-016098,34177.37,15
CUST-016099,67586.84,35
CUST-016100,18511.28,9
CUST-016102,62256.88,25
CUST-016103,15859.18,18
CUST-016104,46181.91,46
CUST-016105,33104.49,63
CUST-016106,19561.46,22
CUST-016107,110196.63,31
CUST-016109,60120.81,32
CUST-016110,100796.57,18
CUST-016111,62328.33,30
CUST-016112,78708.19,39
CUST-016115,9403.16,48
CUST-016117,11564.6,54
CUST-016118,22813.24,0
CUST-016119,68031.09,42
CUST-016120,1935.18,34
CUST-016121,116337.71,0
CUST-016122,60611.48,20
CUST-016123,74813.19,11
CUST-016124,188143.97,14
CUST-016127,72055.92,18
CUST-016128,2148.24,40
CUST-016129,79930.66,0
CUST-016130,26595.99,25
CUST-016131,17853.18,46
CUST-016132,56664.31,7
CUST-016133,66864.56,11
CUST-016134,20074.12,15
CUST-016137,16417.99,9
CUST-016138,29836.58,51
CUST-016139,1200.4,44
CUST-016140,41240.49,33
CUST-016141,109551.26,6
CUST-016142,93393.02,32
CUST-016143,121524.16,10
CUST-016144,9213.72,48
CUST-016147,117665.2,19
CUST-016149,75359.62,8
CUST-016150,72833.5,45
CUST-016151,13925.98,49
CUST-016152,189196.28,34
CUST-016154,91609.37,17
CUST-016155,28393.01,13
CUST-016156,125820.47,8
CUST-016157,72452.45,29
CUST-016161,145398.41,35
CUST-016162,99544.02,30
CUST-016164,31333.97,48
CUST-016166,5911.1,5
CUST-016168,118434.46,27
CUST-016169,192624.45,36
CUST-016170,41688.29,48
CUST-016171,63060.63,44
CUST-016173,5067.34,64
CUST-016174,103656.76,7
CUST-016175,21773.91,30
CUST-016176,142091.49,12
CUST-016183,47487.95,20
CUST-016184,156961.74,39
CUST-016185,31922.18,21
CUST-016186,9922.14,0
CUST-016187,9054.45,24
CUST-016188,200612.23,40
CUST-016189,171.15,37
CUST-016190,60916.23,20
CUST-016191,23407.24,19
CUST-016192,37280.02,18
CUST-016193,91724.7,5
CUST-016194,12050.51,57
CUST-016195,2310.72,41
CUST-016196,18551.26,26
CUST-016197,19452.19,44
CUST-016198,48026.36,0
CUST-016199,50763.06,22
CUST-016200,129010.5,35
CUST-016201,20664.36,18
CUST-016202,45434.48,47
CUST-016203,75836.43,23
CUST-016204,96487.45,18
CUST-016205,14349.98,74
CUST-016206,54966.45,41
CUST-016207,2919.34,6
CUST-016208,68913.21,7
CUST-016209,54155.08,0
CUST-016210,24446.96,31
CUST-016211,23486.05,26
CUST-016212,57762.49,16
CUST-016213,20646.93,48
CUST-016214,12378.47,31
CUST-016215,11571.27,13
CUST-016216,102586.24,36
CUST-016217,31525.4,48
CUST-016218,62003.41,43
CUST-016219,160443.91,17
CUST-016220,50359.14,36
CUST-016221,124681.41,21
CUST-016222,17312.11,37
CUST-016223,82754.36,7
CUST-016224,14689.73,5
CUST-016225,15239.39,15
CUST-016226,120404.93,49
CUST-016227,2380.4,31
CUST-016230,6362.91,50
CUST-016231,79086.23,23
CUST-016233,1732.56,38
CUST-016234,86874.96,25
CUST-016237,6819.27,0
CUST-016238,18336.8,31
CUST-016239,144567.79,0
CUST-016240,7067.69,48
CUST-016241,6942.33,13
CUST-016242,117890.35,56
CUST-016243,6763.13,23
CUST-016245,28100.67,64
CUST-016246,94912.99,13
CUST-016247,938.24,30
CUST-016250,92270.58,64
CUST-016252,16270.34,25
CUST-016253,45137.83,12
CUST-016255,9856.42,15
CUST-016256,51002.25,28
CUST-016258,45613.01,19
CUST-016259,56352.36,22
CUST-016260,44472.22,1
CUST-016261,56837.04,41
CUST-016263,18796.46,0
CUST-016264,23465.68,19
CUST-016266,4874.01,26
CUST-016268,12964.03,7
CUST-016269,131296.01,45
CUST-016270,191161.93,44
CUST-016271,187299.39,20
CUST-016272,56281.89,13
CUST-016273,222833.67,55
CUST-016274,22084.86,32
CUST-016276,50857.11,35
CUST-016277,72610.34,23
CUST-016278,129535.8,32
CUST-016279,53109.18,17
CUST-016280,40963.44,0
CUST-016281,40432.01,40
CUST-016283,86916.29,0
CUST-016284,76508.16,0
CUST-016285,43133.85,4
CUST-016286,27450.82,0
CUST-016288,55446.61,27
CUST-016289,131544.27,21
CUST-016290,30115.57,0
CUST-016291,15534.95,21
CUST-016292,45709.27,14
CUST-016293,3328.82,21
CUST-016294,6726.13,1
CUST-016295,36852.65,43
CUST-016297,39825.89,4
CUST-016300,27835.3,0
CUST-016301,15641.49,0
CUST-016302,82717.82,31
CUST-016303,3727.58,46
CUST-016304,4152.62,50
CUST-016305,46977.56,18
CUST-016307,53546.54,16
CUST-016308,108181.26,0
CUST-016309,98028.89,46
CUST-016310,104806.79,28
CUST-016311,85227.64,45
CUST-016312,24505.57,48
CUST-016313,96270.97,0
CUST-016315,610.51,56
CUST-016316,15318.54,19
CUST-016317,168537.48,17
CUST-016318,21868.35,13
CUST-016319,12296.81,16
CUST-016320,73062.15,37
CUST-016322,35220.05,30
CUST-016323,15590.1,5
CUST-016325,104455.57,14
CUST-016326,2469.4,45
CUST-016327,67170.21,35
CUST-016328,49689.57,22
CUST-016329,72601.15,9
CUST-016330,107608.48,34
CUST-016331,78931.56,38
CUST-016332,13885.51,33
CUST-016333,46664.61,4
CUST-016334,69985.43,22
CUST-016335,135911.0,25
CUST-016336,3398.67,24
CUST-016337,56059.07,48
CUST-016338,10061.37,23
CUST-016341,16233.42,11
CUST-016344,48941.57,5
CUST-016347,76095.15,56
CUST-016348,65712.86,0
CUST-016349,122550.04,59
CUST-016350,11083.96,33
CUST-016351,34076.35,49
CUST-016352,68539.72,0
CUST-016353,43891.86,59
CUST-016354,97975.64,34
CUST-016355,3996.22,23
CUST-016359,12450.58,23
CUST-016360,23737.33,6
CUST-016361,15905.6,0
CUST-016362,98577.12,30
CUST-016363,33412.91,9
CUST-016364,46456.58,0
CUST-016365,437.28,72
CUST-016366,10278.53,59
CUST-016367,675.95,0
CUST-016368,51019.65,11
CUST-016370,109225.23,61
CUST-016371,52539.05,35
CUST-016372,426.92,23
CUST-016374,9146.03,0
CUST-016375,188914.37,52
CUST-016376,110137.75,33
CUST-016377,5921.16,30
CUST-016379,145696.98,29
CUST-016381,53373.44,44
CUST-016384,14350.1,62
CUST-016385,46002.02,42
CUST-016386,16083.62,35
CUST-016388,21688.83,43
CUST-016389,74090.46,37
CUST-016390,5827.31,46
CUST-016391,76866.06,17
CUST-016392,130441.83,56
CUST-016394,10006.84,44
CUST-016395,85721.59,0
CUST-016396,138486.81,32
CUST-016397,8311.42,50
CUST-016399,17115.77,22
CUST-016401,50956.28,62
CUST-016402,90828.25,20
CUST-016403,152052.18,0
CUST-016406,124176.48,59
CUST-016407,1047.44,44
CUST-016408,19450.86,32
CUST-016411,27517.53,9
CUST-016412,657.16,79
CUST-016413,39503.34,19
CUST-016415,40210.15,14
CUST-016416,7174.27,26
CUST-016418,166517.47,57
CUST-016419,7737.45,5
CUST-016420,31644.12,19
CUST-016423,15637.49,10
CUST-016424,52871.95,34
CUST-016425,10210.56,0
CUST-016428,50806.7,76
CUST-016429,58242.02,0
CUST-016432,68964.7,23
CUST-016433,37005.56,25
CUST-016434,64730.34,9
CUST-016435,4312.49,24
CUST-016436,43280.27,61
CUST-016437,108550.44,26
CUST-016439,130658.53,45
CUST-016440,12337.18,50
CUST-016441,31672.07,32
CUST-016442,45956.24,41
CUST-016443,130087.5,0
CUST-016444,37694.03,25
CUST-016445,7563.29,16
CUST-016446,78375.28,0
CUST-016447,25022.69,16
CUST-016448,34373.48,8
CUST-016449,72784.81,22
CUST-016450,60651.14,13
CUST-016451,28834.53,0
CUST-016453,55107.69,31
CUST-016454,83167.16,48
CUST-016456,28482.77,56
CUST-016457,35317.33,32
CUST-016458,3449.14,49
CUST-016459,12551.13,25
CUST-016460,144702.05,17
CUST-016462,80107.34,8
CUST-016463,208068.3,20
CUST-016465,90999.38,38
CUST-016466,3251.46,51
CUST-016468,4428.73,66
CUST-016469,43721.65,55
CUST-016470,89167.76,0
CUST-016472,5097.53,0
CUST-016473,118334.88,33
CUST-016474,88426.08,45
CUST-016475,32057.73,38
CUST-016476,112216.05,33
CUST-016478,105967.56,21
CUST-016479,237656.91,19
CUST-016480,3401.88,31
CUST-016481,15165.07,0
CUST-016483,39995.26,20
CUST-016485,111633.34,28
CUST-016486,176580.07,43
CUST-016487,80174.19,26
CUST-016488,64270.49,0
CUST-016489,50949.63,0
CUST-016490,11006.81,8
CUST-016491,49672.7,25
CUST-016492,60268.76,48
CUST-016493,34768.43,7
CUST-016494,3839.23,28
CUST-016495,49012.92,45
CUST-016496,56920.6,16
CUST-016497,73636.16,0
CUST-016499,141034.86,44
CUST-016500,94692.47,30
CUST-016501,7510.57,15
CUST-016502,18579.62,10
CUST-016503,116180.51,24
CUST-016504,102947.55,0
CUST-016505,44095.67,0
CUST-016506,101343.91,20
CUST-016507,180.91,43
CUST-016509,113912.36,70
CUST-016510,25013.55,24
CUST-016511,30037.11,5
CUST-016513,60618.45,20
CUST-016514,10490.5,48
CUST-016515,203092.68,0
CUST-016516,61797.71,10
CUST-016517,135346.04,45
CUST-016518,96303.07,10
CUST-016519,86272.27,27
CUST-016520,24855.18,7
CUST-016521,892.33,0
CUST-016522,14108.61,33
CUST-016524,76075.34,18
CUST-016525,102113.21,37
CUST-016526,144371.04,33
CUST-016527,16761.85,34
CUST-016528,4351.31,72
CUST-016531,75476.45,23
CUST-016532,89274.86,62
CUST-016533,82671.29,41
CUST-016534,26203.08,48
CUST-016535,111791.31,9
CUST-016536,17307.24,27
CUST-016537,4847.38,51
CUST-016538,14660.55,22
CUST-016539,12847.1,30
CUST-016541,16553.38,22
CUST-016542,106261.1,16
CUST-016544,97785.83,15
CUST-016545,229709.31,30
CUST-016547,13531.18,47
CUST-016548,17456.45,6
CUST-016549,30801.42,21
CUST-016551,67534.26,0
CUST-016552,57878.78,32
CUST-016553,112402.85,23
CUST-016554,42183.87,1
CUST-016555,58481.45,0
CUST-016556,171921.07,29
CUST-016557,98894.42,39
CUST-016558,52347.93,0
CUST-016559,71940.97,41
CUST-016560,18411.26,22
CUST-016561,31420.87,35
CUST-016562,0.0,45
CUST-016563,29589.0,51
CUST-016565,10168.59,48
CUST-016566,133963.14,0
CUST-016567,74505.87,57
CUST-016568,3614.49,55
CUST-016569,29094.34,30
CUST-016570,188416.72,18
CUST-016572,106710.96,0
CUST-016573,5049.93,25
CUST-016574,10225.98,24
CUST-016575,23632.12,23
CUST-016576,26395.49,4
CUST-016577,92208.35,21
CUST-016579,53909.03,0
CUST-016580,12480.33,49
CUST-016583,23580.35,0
CUST-016584,11326.43,33
CUST-016585,9389.57,30
CUST-016586,14367.14,57
CUST-016587,8125.56,10
CUST-016588,105363.0,20
CUST-016589,79150.59,60
CUST-016590,21886.92,0
CUST-016591,30621.43,5
CUST-016592,6938.37,11
CUST-016593,196596.93,72
CUST-016594,17832.0,18
CUST-016595,13308.35,18
CUST-016596,15080.3,34
CUST-016597,22455.32,36
CUST-016598,186246.45,43
CUST-016599,6674.42,0
CUST-016601,56413.95,12
CUST-016603,7697.38,22
CUST-016604,39747.11,20
CUST-016606,29031.37,20
CUST-016607,37611.8,29
CUST-016608,27653.22,32
CUST-016609,43600.83,57
CUST-016610,10888.57,65
CUST-016611,32711.04,75
CUST-016612,71066.45,37
CUST-016613,164265.5,24
CUST-016614,30669.24,23
CUST-016615,29600.8,46
CUST-016616,168282.08,26
CUST-016617,64510.01,17
CUST-016618,96837.03,25
CUST-016620,81713.37,23
CUST-016622,54824.51,6
CUST-016623,3638.77,19
CUST-016624,46735.15,36
CUST-016625,11959.26,41
CUST-016627,218246.78,35
CUST-016628,58283.42,25
CUST-016629,86040.12,0
CUST-016631,62599.16,74
CUST-016632,28529.33,28
CUST-016633,48407.38,34
CUST-016634,188830.32,1
CUST-016635,3606.37,52
CUST-016637,37370.97,3
CUST-016638,20572.88,27
CUST-016639,1581.45,48
CUST-016640,38117.74,5
CUST-016641,14917.38,48
CUST-016642,157347.86,0
CUST-016643,33003.35,19
CUST-016644,133681.04,24
CUST-016645,146120.54,6
CUST-016646,124278.89,46
CUST-016647,136708.51,31
CUST-016649,34202.17,0
CUST-016651,15530.19,45
CUST-016652,85561.24,9
CUST-016653,79663.92,0
CUST-016654,165335.63,16
CUST-016655,107625.59,32
CUST-016658,151417.49,55
CUST-016660,132487.36,20
CUST-016661,112371.65,67
CUST-016662,77033.25,29
CUST-016664,6822.24,40
CUST-016665,150455.43,21
CUST-016666,154706.09,18
CUST-016667,7413.84,26
CUST-016668,13341.58,34
CUST-016669,34456.2,10
CUST-016670,45563.96,57
CUST-016671,79080.96,37
CUST-016673,4028.32,60
CUST-016674,131059.71,52
CUST-016677,95399.65,16
CUST-016678,110443.21,45
CUST-016679,39335.24,7
CUST-016680,1538.33,30
CUST-016681,170967.98,31
CUST-016682,58900.7,38
CUST-016683,18549.12,27
CUST-016684,176973.55,19
CUST-016685,10332.75,34
CUST-016686,179758.06,33
CUST-016687,216003.75,21
CUST-016688,31729.33,35
CUST-016690,169026.48,0
CUST-016692,17134.61,15
CUST-016693,59777.01,20
CUST-016694,128769.32,36
CUST-016697,56139.4,8
CUST-016698,48836.3,5
CUST-016699,82451.01,60
CUST-016700,16435.86,45
CUST-016701,27787.38,14
CUST-016702,30949.26,62
CUST-016703,35049.96,32
CUST-016705,7814.73,60
CUST-016706,31961.03,55
CUST-016707,40786.71,7
CUST-016708,30758.66,0
CUST-016709,94948.9,6
CUST-016710,123872.91,26
CUST-016711,4170.41,34
CUST-016713,4851.03,0
CUST-016714,16930.13,25
CUST-016716,37402.3,0
CUST-016717,27336.14,38
CUST-016718,5514.81,14
CUST-016719,166112.59,20
CUST-016720,47505.31,46
CUST-016721,12356.32,22
CUST-016722,39539.63,43
CUST-016723,21056.14,60
CUST-016724,176213.42,2
CUST-016725,111829.91,43
CUST-016726,5405.27,56
CUST-016727,16632.71,20
CUST-016728,38024.18,0
CUST-016731,6570.46,23
CUST-016733,30017.06,33
CUST-016734,69670.94,37
CUST-016735,34387.41,42
CUST-016736,149693.57,19
CUST-016737,45299.32,54
CUST-016738,67903.46,8
CUST-016739,24628.51,7
CUST-016741,24151.91,8
CUST-016742,909.26,32
CUST-016743,22860.61,25
CUST-016744,76985.46,22
CUST-016745,6507.49,7
CUST-016746,45496.78,47
CUST-016747,31485.79,0
CUST-016748,23926.19,28
CUST-016749,5050.63,21
CUST-016754,6846.33,5
CUST-016756,116492.67,5
CUST-016757,144249.13,8
CUST-016758,2440.7,28
CUST-016760,86187.14,33
CUST-016761,139487.63,42
CUST-016762,134027.62,35
CUST-016763,38444.3,8
CUST-016764,97899.37,21
CUST-016765,90148.46,0
CUST-016767,46255.65,10
CUST-016768,49235.3,31
CUST-016770,51752.26,8
CUST-016771,59930.18,32
CUST-016772,124448.01,49
CUST-016773,19964.7,60
CUST-016775,98026.25,21
CUST-016776,1944.43,45
CUST-016778,133420.88,44
CUST-016779,124639.44,11
CUST-016780,36254.94,2
CUST-016783,22485.1,32
CUST-016784,21612.08,42
CUST-016785,70269.31,49
CUST-016787,45940.43,53
CUST-016788,668.05,66
CUST-016789,13046.59,13
CUST-016790,247736.99,22
CUST-016791,146944.8,21
CUST-016792,52884.97,17
CUST-016793,80994.11,0
CUST-016794,35484.84,24
CUST-016795,56495.78,25
CUST-016796,50355.54,49
CUST-016798,70660.12,5
CUST-016799,9932.97,0
CUST-016800,130635.43,35
CUST-016801,181251.25,47
CUST-016802,21985.62,42
CUST-016803,26767.98,24
CUST-016804,39847.44,37
CUST-016805,79822.97,16
CUST-016806,17616.21,10
CUST-016807,25146.49,57
CUST-016808,54608.09,44
CUST-016809,23584.63,15
CUST-016810,39999.05,33
CUST-016812,121552.53,21
CUST-016814,177422.11,7
CUST-016815,150261.1,32
CUST-016816,63313.67,0
CUST-016817,88622.5,13
CUST-016819,59151.22,0
CUST-016820,80377.99,8
CUST-016821,122411.94,20
CUST-016822,107287.32,6
CUST-016823,53540.62,32
CUST-016825,6821.33,29
CUST-016826,4196.43,45
CUST-016827,14427.34,3
CUST-016828,3599.66,45
CUST-016830,75051.47,1
CUST-016831,163976.82,41
CUST-016832,4418.77,7
CUST-016833,17065.6,45
CUST-016834,5797.63,2
CUST-016835,35970.14,30
CUST-016836,27879.07,23
CUST-016837,109144.85,48
CUST-016838,7624.32,4
CUST-016839,69102.29,13
CUST-016840,69780.22,29
CUST-016841,22930.02,8
CUST-016842,58553.32,40
CUST-016844,13922.4,18
CUST-016845,14367.56,7
CUST-016847,70686.13,9
CUST-016848,16616.6,54
CUST-016849,7985.56,6
CUST-016850,109043.04,43
CUST-016851,86162.5,52
CUST-016852,71941.83,51
CUST-016854,543.7,14
CUST-016855,110949.05,1
CUST-016856,83653.42,40
CUST-016857,2452.14,4
CUST-016858,80183.33,11
CUST-016859,19044.67,45
CUST-016860,226791.69,40
CUST-016861,70095.3,6
CUST-016863,23501.94,32
CUST-016864,181223.24,56
CUST-016865,81053.37,55
CUST-016866,32214.18,21
CUST-016867,12191.27,72
CUST-016868,137628.24,35
CUST-016869,10341.93,1
CUST-016870,38733.0,19
CUST-016872,71533.24,42
CUST-016873,37447.58,9
CUST-016874,29681.98,0
CUST-016875,16996.96,3
CUST-016877,45413.15,50
CUST-016878,179363.65,56
CUST-016879,218853.12,7
CUST-016880,8529.4,9
CUST-016882,5300.58,62
CUST-016883,36165.53,30
CUST-016885,109971.13,25
CUST-016886,30555.57,18
CUST-016888,107441.01,0
CUST-016889,5298.68,40
CUST-016890,100953.25,19
CUST-016891,9556.45,1
CUST-016892,51181.88,7
CUST-016893,178708.37,8
CUST-016894,64672.6,75
CUST-016895,36224.89,19
CUST-016897,2369.17,21
CUST-016898,79293.04,20
CUST-016899,47930.56,23
CUST-016900,44412.8,35
CUST-016901,83132.12,34
CUST-016902,20368.65,30
CUST-016903,65771.8,17
CUST-016904,10536.71,57
CUST-016905,24730.51,24
CUST-016906,11990.32,87
CUST-016907,119073.07,19
CUST-016908,112586.26,21
CUST-016909,149387.7,17
CUST-016910,66666.05,25
CUST-016911,103871.95,0
CUST-016912,13802.57,47
CUST-016914,93280.65,22
CUST-016916,3536.06,35
CUST-016917,103199.78,0
CUST-016918,3109.13,36
CUST-016920,44034.81,33
CUST-016921,141973.42,41
CUST-016923,11391.06,23
CUST-016924,65801.82,35
CUST-016925,40210.59,32
CUST-016926,21939.12,15
CUST-016927,169315.28,51
CUST-016929,40799.47,2
CUST-016932,19452.9,22
CUST-016933,14908.7,26
CUST-016934,2868.86,16
CUST-016935,54109.6,3
CUST-016937,107574.57,32
CUST-016938,29440.73,19
CUST-016939,98509.39,0
CUST-016940,14181.84,0
CUST-016941,27702.26,21
CUST-016943,61271.38,25
CUST-016944,131245.4,39
CUST-016945,76007.98,7
CUST-016946,22228.32,38
CUST-016949,56038.95,8
CUST-016950,90588.03,1
CUST-016951,49573.69,0
CUST-016952,61850.96,30
CUST-016953,16013.07,0
CUST-016956,7451.82,43
CUST-016957,225253.98,30
CUST-016959,52187.56,38
CUST-016960,132664.86,47
CUST-016961,2818.19,12
CUST-016962,140463.71,0
CUST-016963,137147.7,48
CUST-016964,39875.2,0
CUST-016965,29173.67,19
CUST-016966,32165.03,48
CUST-016967,157716.56,7
CUST-016968,10499.95,0
CUST-016969,22049.47,16
CUST-016970,61930.9,50
CUST-016971,20357.92,10
CUST-016973,19030.36,19
CUST-016974,59603.28,0
CUST-016975,24887.58,11
CUST-016976,5179.04,25
CUST-016977,19601.06,32
CUST-016978,16135.29,23
CUST-016979,84768.72,0
CUST-016980,69365.57,10
CUST-016981,0.0,36
CUST-016982,40009.28,42
CUST-016984,6911.07,88
CUST-016985,0.0,60
CUST-016986,101941.8,23
CUST-016987,102035.62,19
CUST-016988,863.06,21
CUST-016989,140800.26,47
CUST-016990,7133.95,34
CUST-016991,28766.71,44
CUST-016992,8516.99,9
CUST-016995,9915.25,10
CUST-016996,138424.43,40
CUST-016997,43394.3,0
CUST-016998,9133.07,17
CUST-016999,1838.49,30
CUST-017000,25599.48,65
CUST-017001,20797.3,0
CUST-017002,17939.21,32
CUST-017003,5479.55,22
CUST-017004,133345.85,29
CUST-017006,24178.61,41
CUST-017007,3245.03,8
CUST-017008,6273.97,34
CUST-017011,38728.56,27
CUST-017012,70856.69,58
CUST-017014,41231.44,0
CUST-017015,1643.69,23
CUST-017016,20636.78,34
CUST-017017,0.0,40
CUST-017018,3975.83,19
CUST-017019,62745.93,30
CUST-017020,33036.64,6
CUST-017022,7627.54,36
CUST-017023,40716.86,10
CUST-017025,10915.83,63
CUST-017026,104491.5,24
CUST-017028,12817.29,0
CUST-017029,22394.77,27
CUST-017030,95542.85,33
CUST-017031,72992.27,0
CUST-017033,161094.41,11
CUST-017034,43547.04,21
CUST-017035,45266.52,7
CUST-017036,4588.88,34
CUST-017038,51467.97,45
CUST-017039,36240.28,63
CUST-017041,134889.03,50
CUST-017042,37130.22,43
CUST-017043,66117.75,9
CUST-017044,7530.41,0
CUST-017045,5517.22,6
CUST-017046,168715.49,6
CUST-017047,75776.03,44
CUST-017049,8456.85,30
CUST-017052,7825.65,25
CUST-017055,62264.26,7
CUST-017056,27005.92,0
CUST-017057,91280.46,48
CUST-017058,41278.41,39
CUST-017059,33874.79,35
CUST-017060,70635.62,30
CUST-017061,24732.92,30
CUST-017062,2988.76,18
CUST-017063,67333.32,45
CUST-017064,41866.98,48
CUST-017065,18780.86,9
CUST-017066,22677.77,22
CUST-017068,8704.03,36
CUST-017069,42453.65,51
CUST-017070,10012.48,7
CUST-017071,40630.52,15
CUST-017072,66997.51,6
CUST-017073,114269.61,5
CUST-017074,34267.03,32
CUST-017075,55545.66,34
CUST-017077,89493.53,16
CUST-017078,74443.45,9
CUST-017079,175645.88,12
CUST-017080,50463.27,36
CUST-017081,20396.52,48
CUST-017082,323.47,30
CUST-017083,71163.66,0
CUST-017084,3482.05,43
CUST-017085,49900.36,30
CUST-017086,48622.63,39
CUST-017087,157706.89,31
CUST-017088,8563.97,5
CUST-017089,3754.24,44
CUST-017090,4543.03,50
CUST-017092,8955.77,43
CUST-017093,119567.3,18
CUST-017094,27342.73,21
CUST-017095,17618.25,22
CUST-017097,43082.93,57
CUST-017098,20569.7,31
CUST-017099,42572.88,10
CUST-017100,8084.87,2
CUST-017101,38511.6,12
CUST-017102,31045.08,22
CUST-017103,44219.69,17
CUST-017104,36059.33,43
CUST-017106,43331.7,25
CUST-017107,15850.23,5
CUST-017108,137975.07,0
CUST-017109,62658.83,46
CUST-017110,131249.06,8
CUST-017111,215589.71,34
CUST-017112,18316.97,50
CUST-017113,52561.97,59
CUST-017114,58216.78,0
CUST-017115,72883.77,33
CUST-017117,51975.52,18
CUST-017118,10169.7,6
CUST-017119,10676.97,10
CUST-017120,18413.56,10
CUST-017121,25077.95,11
CUST-017125,80557.47,10
CUST-017126,21712.75,10
CUST-017127,25059.94,24
CUST-017128,43066.1,6
CUST-017130,21621.68,43
CUST-017131,102647.25,33
CUST-017132,123638.39,18
CUST-017134,82380.07,0
CUST-017135,54333.76,6
CUST-017136,11748.65,19
CUST-017137,144361.8,5
CUST-017138,53231.5,59
CUST-017139,88731.02,13
CUST-017140,11253.14,40
CUST-017141,126028.58,40
CUST-017143,13075.27,11
CUST-017144,9428.65,43
CUST-017145,189611.28,0
CUST-017146,163095.14,44
CUST-017147,57321.64,47
CUST-017148,67695.0,24
CUST-017149,74467.03,8
CUST-017150,210235.4,8
CUST-017152,8050.64,78
CUST-017153,22660.6,18
CUST-017154,20801.1,27
CUST-017155,83233.71,80
CUST-017156,8069.23,0
CUST-017157,66690.39,5
CUST-017158,31782.43,21
CUST-017159,43035.91,3
CUST-017160,65304.77,36
CUST-017163,754.09,0
CUST-017166,99694.39,3
CUST-017167,140640.19,26
CUST-017168,41626.33,52
CUST-017169,95911.0,8
CUST-017170,117799.09,24
CUST-017171,29306.47,50
CUST-017172,123164.64,33
CUST-017175,58584.75,1
CUST-017176,112130.94,6
CUST-017178,8382.29,12
CUST-017179,186687.74,37
CUST-017181,36713.54,11
CUST-017182,105119.58,0
CUST-017183,58917.33,26
CUST-017184,21165.85,39
CUST-017185,56493.42,15
CUST-017186,51039.02,55
CUST-017187,56738.84,43
CUST-017188,103159.85,27
CUST-017189,27440.45,6
CUST-017190,6092.45,50
CUST-017192,30762.26,18
CUST-017193,95684.58,24
CUST-017195,32537.06,26
CUST-017196,81705.55,25
CUST-017198,85941.75,20
CUST-017199,63189.59,50
CUST-017200,10664.51,26
CUST-017201,95043.31,30
CUST-017202,50189.76,44
CUST-017206,80536.8,44
CUST-017207,69545.13,0
CUST-017208,123588.54,34
CUST-017210,20428.24,0
CUST-017211,148676.68,32
CUST-017212,4761.14,17
CUST-017214,3311.17,73
CUST-017215,38707.43,7
CUST-017216,34712.2,41
CUST-017217,31903.22,32
CUST-017218,54080.94,10
CUST-017219,49348.91,63
CUST-017220,19083.33,43
CUST-017222,147993.13,40
CUST-017223,180835.38,36
CUST-017224,57569.23,11
CUST-017225,23204.17,34
CUST-017226,11566.17,6
CUST-017227,75717.93,23
CUST-017229,118182.14,6
CUST-017230,78903.21,34
CUST-017231,182854.47,48
CUST-017232,5253.47,19
CUST-017233,31689.7,19
CUST-017234,42432.99,42
CUST-017235,87633.4,31
CUST-017237,99456.45,16
CUST-017238,47427.18,0
CUST-017239,11528.53,61
CUST-017242,3141.32,0
CUST-017243,24220.66,29
CUST-017244,42965.5,23
CUST-017246,107004.53,21
CUST-017247,132347.89,24
CUST-017248,6917.45,0
CUST-017249,5167.75,8
CUST-017251,41637.19,15
CUST-017252,28160.06,55
CUST-017254,50952.77,6
CUST-017255,15408.96,36
CUST-017256,56349.09,17
CUST-017257,193941.75,1
CUST-017258,22074.06,44
CUST-017260,287564.23,29
CUST-017261,105362.95,0
CUST-017262,16199.25,0
CUST-017263,104978.16,0
CUST-017264,53765.87,0
CUST-017265,8840.46,29
CUST-017266,14406.75,45
CUST-017267,7749.49,31
CUST-017268,11725.82,45
CUST-017269,44722.42,79
CUST-017270,119395.74,34
CUST-017271,46521.16,12
CUST-017273,13541.39,6
CUST-017274,84258.66,46
CUST-017275,179751.88,30
CUST-017276,3147.53,0
CUST-017277,125585.7,49
CUST-017278,29310.8,0
CUST-017280,58288.94,10
CUST-017282,7861.65,32
CUST-017283,72582.18,30
CUST-017284,127741.25,42
CUST-017286,24012.22,0
CUST-017287,70328.04,10
CUST-017289,16321.65,3
CUST-017290,5939.79,34
CUST-017291,25667.49,18
CUST-017293,31816.16,15
CUST-017294,33457.37,8
CUST-017295,24149.42,50
CUST-017296,7814.4,50
CUST-017297,3298.75,23
CUST-017298,38398.77,0
CUST-017301,64350.28,85
CUST-017302,80229.4,30
CUST-017303,135996.53,61
CUST-017304,15122.04,37
CUST-017305,13692.4,4
CUST-017306,137807.48,10
CUST-017308,120013.72,44
CUST-017309,193010.95,45
CUST-017311,32342.8,43
CUST-017313,10580.25,35
CUST-017314,134042.19,31
CUST-017315,117355.48,11
CUST-017316,12468.1,69
CUST-017317,62829.33,24
CUST-017318,122696.1,1
CUST-017321,78173.41,42
CUST-017322,88176.38,20
CUST-017323,33872.53,2
CUST-017324,11756.76,8
CUST-017326,70281.64,0
CUST-017327,79915.67,49
CUST-017328,54749.61,16
CUST-017329,211246.46,38
CUST-017330,45262.73,49
CUST-017331,3891.63,5
CUST-017332,8585.83,51
CUST-017333,173328.19,10
CUST-017334,20054.15,34
CUST-017335,13769.88,0
CUST-017336,141453.06,25
CUST-017337,81497.4,24
CUST-017338,42650.86,56
CUST-017339,735.15,23
CUST-017340,55361.06,30
CUST-017341,17568.77,31
CUST-017342,73456.06,50
CUST-017343,246.97,12
CUST-017344,1934.76,33
CUST-017345,26131.52,14
CUST-017346,112529.35,56
CUST-017347,6417.11,25
CUST-017348,74080.01,37
CUST-017350,26958.59,37
CUST-017351,29303.13,16
CUST-017352,106838.21,12
CUST-017353,49677.82,0
CUST-017355,117610.06,17
CUST-017356,10513.93,10
CUST-017358,94813.05,14
CUST-017359,50936.86,38
CUST-017360,825.01,69
CUST-017361,147225.77,19
CUST-017362,17142.46,18
CUST-017366,107757.62,0
CUST-017367,53409.11,34
CUST-017368,75343.28,21
CUST-017369,94623.78,29
CUST-017370,155102.56,26
CUST-017372,119938.47,0
CUST-017374,136400.63,34
CUST-017375,155366.45,15
CUST-017376,80159.24,18
CUST-017377,135544.1,17
CUST-017380,77614.51,8
CUST-017381,62153.84,0
CUST-017382,16432.43,31
CUST-017383,89607.75,45
CUST-017384,126076.26,21
CUST-017385,108676.24,24
CUST-017387,168315.96,11
CUST-017388,75294.65,1
CUST-017389,58782.13,46
CUST-017390,26025.13,23
CUST-017391,79993.3,20
CUST-017393,14974.78,30
CUST-017394,91800.92,67
CUST-017397,141788.4,31
CUST-017398,125948.52,32
CUST-017399,101832.1,8
CUST-017400,113639.69,10
CUST-017401,14564.59,49
CUST-017402,47083.49,60
CUST-017403,9533.53,6
CUST-017404,36368.26,25
CUST-017405,40354.13,25
CUST-017406,30410.17,0
CUST-017409,39618.1,21
CUST-017410,68956.13,4
CUST-017411,26865.05,22
CUST-017412,47090.43,33
CUST-017413,83033.74,62
CUST-017414,16280.98,30
CUST-017415,193814.61,3
CUST-017416,27813.02,28
CUST-017418,9848.21,46
CUST-017421,1329.41,23
CUST-017422,8478.73,33
CUST-017423,3379.61,13
CUST-017424,172465.32,0
CUST-017425,34135.2,44
CUST-017426,1914.82,27
CUST-017427,185732.12,20
CUST-017428,162261.51,47
CUST-017429,145467.52,60
CUST-017430,103521.86,19
CUST-017431,137154.53,35
CUST-017432,51729.04,30
CUST-017433,11794.29,45
CUST-017434,35136.23,30
CUST-017435,145800.22,7
CUST-017436,115439.85,38
CUST-017438,2327.34,7
CUST-017439,30962.91,33
CUST-017440,124201.95,34
CUST-017441,144250.82,29
CUST-017442,3708.48,6
CUST-017443,23343.13,0
CUST-017444,75522.37,0
CUST-017445,65080.23,20
CUST-017446,94085.46,30
CUST-017448,13347.25,23
CUST-017449,159685.93,8
CUST-017450,22090.32,5
CUST-017451,17980.54,42
CUST-017452,166670.51,15
CUST-017454,181068.45,4
CUST-017455,4391.82,24
CUST-017456,24437.54,0
CUST-017457,28262.84,19
CUST-017459,2313.93,31
CUST-017460,91963.68,31
CUST-017461,61177.61,30
CUST-017462,16497.35,38
CUST-017463,100815.1,25
CUST-017464,103750.11,6
CUST-017465,646.02,0
CUST-017466,42901.08,7
CUST-017468,56246.13,42
CUST-017469,122844.81,31
CUST-017470,40186.81,49
CUST-017471,123644.58,0
CUST-017473,159910.68,24
CUST-017474,9281.03,53
CUST-017476,4706.7,27
CUST-017478,92655.99,40
CUST-017479,102878.6,59
CUST-017481,77761.79,7
CUST-017482,44291.87,21
CUST-017483,24098.01,20
CUST-017484,114199.96,55
CUST-017485,2169.62,24
CUST-017486,227811.23,11
CUST-017488,22043.5,22
CUST-017489,41094.53,19
CUST-017490,5610.41,6
CUST-017491,21208.92,1
CUST-017492,19791.83,35
CUST-017493,13493.15,38
CUST-017494,81214.19,33
CUST-017495,0.0,41
CUST-017496,97769.58,32
CUST-017497,7757.79,10
CUST-017498,41920.9,0
CUST-017500,14041.64,39
CUST-017501,20084.08,32
CUST-017502,34594.64,0
CUST-017503,180216.52,25
CUST-017505,43224.59,41
CUST-017506,7283.46,15
CUST-017507,95301.16,15
CUST-017508,19412.97,32
CUST-017509,94308.83,0
CUST-017510,29354.57,45
CUST-017511,14432.82,10
CUST-017512,3270.47,56
CUST-017513,31960.83,21
CUST-017514,50893.55,63
CUST-017515,78910.44,55
CUST-017518,68404.16,47
CUST-017520,7783.87,24
CUST-017523,120908.49,36
CUST-017526,114661.49,24
CUST-017527,27850.24,31
CUST-017528,238256.57,39
CUST-017529,84862.2,0
CUST-017530,48709.4,0
CUST-017531,139108.61,0
CUST-017533,2049.0,73
CUST-017534,17936.43,0
CUST-017536,78177.06,48
CUST-017537,49329.02,51
CUST-017538,22658.01,11
CUST-017539,99361.62,32
CUST-017540,59637.55,24
CUST-017541,33700.68,31
CUST-017542,715.69,23
CUST-017544,34233.51,28
CUST-017545,77871.22,0
CUST-017546,3669.57,40
CUST-017548,3381.9,21
CUST-017549,98161.87,38
CUST-017551,55405.56,33
CUST-017552,84879.59,6
CUST-017554,145734.94,35
CUST-017557,63657.38,89
CUST-017558,72662.21,21
CUST-017559,16104.35,24
CUST-017560,179096.06,53
CUST-017561,274.81,18
CUST-017562,16724.29,22
CUST-017563,59798.92,0
CUST-017564,149283.9,35
CUST-017565,64086.88,31
CUST-017566,14649.34,3
CUST-017568,70019.77,27
CUST-017569,145753.86,22
CUST-017570,18362.13,18
CUST-017571,37928.75,24
CUST-017573,14784.16,6
CUST-017574,2914.14,24
CUST-017575,6612.46,17
CUST-017576,54716.08,28
CUST-017577,5684.68,9
CUST-017579,73089.89,0
CUST-017580,57844.71,47
CUST-017581,31625.68,0
CUST-017585,23345.68,33
CUST-017586,12671.18,25
CUST-017587,9713.68,30
CUST-017588,8882.13,42
CUST-017589,63600.78,17
CUST-017590,36667.06,23
CUST-017591,8800.71,1
CUST-017592,3482.93,29
CUST-017593,67239.86,79
CUST-017595,11635.24,34
CUST-017596,103167.05,75
CUST-017598,938.96,20
CUST-017599,40084.74,9
CUST-017601,34303.93,1
CUST-017602,100816.74,60
CUST-017603,190182.25,24
CUST-017604,23168.11,38
CUST-017605,65280.98,11
CUST-017606,0.0,58
CUST-017607,12441.07,43
CUST-017608,139734.22,35
CUST-017609,100793.22,9
CUST-017611,41364.82,0
CUST-017612,213932.7,0
CUST-017613,107072.3,18
CUST-017614,10816.34,40
CUST-017615,52872.44,11
CUST-017616,614.64,25
CUST-017617,88278.24,45
CUST-017618,161302.69,8
CUST-017619,7523.85,45
CUST-017620,54753.38,35
CUST-017621,151530.93,50
CUST-017623,3243.1,29
CUST-017624,47363.13,0
CUST-017626,115731.59,9
CUST-017627,6483.69,47
CUST-017628,10030.28,0
CUST-017630,39218.76,15
CUST-017631,184523.33,25
CUST-017632,10498.48,0
CUST-017633,25152.29,34
CUST-017634,52547.52,6
CUST-017635,66782.83,48
CUST-017636,9431.42,0
CUST-017637,169665.63,8
CUST-017638,27048.05,0
CUST-017640,59797.24,24
CUST-017641,25242.13,28
CUST-017642,19451.33,0
CUST-017643,24095.32,8
CUST-017644,13922.11,32
CUST-017646,47022.79,81
CUST-017647,13041.74,31
CUST-017648,28424.38,16
CUST-017649,126843.24,29
CUST-017651,1938.65,46
CUST-017652,59942.72,30
CUST-017653,35548.49,36
CUST-017654,87761.24,0
CUST-017655,68308.46,48
CUST-017656,22741.56,7
CUST-017657,83830.03,34
CUST-017658,67775.39,23
CUST-017659,32836.43,6
CUST-017660,40468.09,0
CUST-017661,2149.36,45
CUST-017662,84731.81,13
CUST-017664,134830.23,56
CUST-017665,912.1,43
CUST-017666,28226.81,18
CUST-017667,72217.15,45
CUST-017668,71474.0,0
CUST-017669,55744.21,50
CUST-017670,1194.26,19
CUST-017671,17862.49,23
CUST-017672,57390.65,7
CUST-017674,3186.27,0
CUST-017675,9880.87,45
CUST-017676,75411.56,28
CUST-017677,103574.04,0
CUST-017678,49317.51,0
CUST-017679,22596.97,60
CUST-017681,64239.59,32
CUST-017683,47687.8,20
CUST-017684,152139.18,0
CUST-017685,118498.13,22
CUST-017686,158125.91,31
CUST-017687,135126.7,29
CUST-017688,6001.55,70
CUST-017692,1993.19,73
CUST-017694,46990.57,23
CUST-017695,24553.74,57
CUST-017696,17222.05,34
CUST-017697,29226.76,35
CUST-017698,683.06,45
CUST-017699,6043.44,29
CUST-017700,28549.12,45
CUST-017702,19802.79,6
CUST-017704,3057.79,32
CUST-017706,104054.57,60
CUST-017707,5376.53,8
CUST-017710,23040.72,10
CUST-017711,3963.09,74
CUST-017712,122460.03,6
CUST-017713,61033.29,20
CUST-017716,22911.29,42
CUST-017717,38418.99,35
CUST-017718,26182.33,52
CUST-017719,34701.18,43
CUST-017720,4076.49,34
CUST-017721,53689.64,21
CUST-017723,15339.68,34
CUST-017724,6029.24,31
CUST-017726,96486.85,12
CUST-017727,17197.17,50
CUST-017728,79143.99,56
CUST-017729,29257.14,39
CUST-017730,34128.74,8
CUST-017732,16966.34,22
CUST-017733,0.0,27
CUST-017734,114079.39,0
CUST-017735,48395.16,16
CUST-017737,105399.01,15
CUST-017738,27818.37,26
CUST-017739,6670.18,10
CUST-017740,25654.17,30
CUST-017741,46415.59,21
CUST-017742,17533.46,0
CUST-017743,86377.33,48
CUST-017744,57026.12,0
CUST-017745,107004.6,48
CUST-017746,40986.89,28
CUST-017748,2042.79,21
CUST-017749,58982.77,36
CUST-017750,70550.22,56
CUST-017751,2963.74,31
CUST-017752,10074.51,3
CUST-017753,38850.33,14
CUST-017754,19380.03,21
CUST-017755,113824.25,47
CUST-017756,86850.14,17
CUST-017757,173968.13,48
CUST-017759,158427.32,0
CUST-017761,11032.17,37
CUST-017762,160591.74,61
CUST-017763,44270.09,30
CUST-017764,22442.08,34
CUST-017765,52202.97,22
CUST-017766,35610.02,33
CUST-017767,8973.53,10
CUST-017768,43165.01,43
CUST-017770,91596.92,19
CUST-017772,591.6,25
CUST-017773,137791.53,16
CUST-017774,41150.77,5
CUST-017775,14309.49,32
CUST-017776,148661.81,46
CUST-017777,130649.15,23
CUST-017778,60961.54,26
CUST-017779,123818.36,20
CUST-017780,73184.78,54
CUST-017784,983.06,23
CUST-017785,47751.33,13
CUST-017786,18578.45,34
CUST-017788,142043.82,71
CUST-017789,138065.84,47
CUST-017790,77736.39,46
CUST-017791,20338.8,54
CUST-017792,32530.8,23
CUST-017793,37530.65,35
CUST-017794,12271.97,0
CUST-017795,114868.53,31
CUST-017797,33912.51,18
CUST-017798,15035.67,5
CUST-017799,53922.73,35
CUST-017800,112526.8,39
CUST-017801,36777.36,36
CUST-017802,109807.25,24
CUST-017804,5033.3,40
CUST-017806,36550.89,20
CUST-017807,6054.02,27
CUST-017808,78248.85,73
CUST-017810,68006.11,17
CUST-017811,44888.74,19
CUST-017812,11345.74,2
CUST-017813,165152.59,47
CUST-017814,72777.04,31
CUST-017815,4968.77,21
CUST-017817,94559.05,12
CUST-017818,11768.06,37
CUST-017819,14927.77,57
CUST-017820,2806.97,57
CUST-017822,221548.75,60
CUST-017823,117844.09,17
CUST-017824,21464.95,0
CUST-017825,26291.52,9
CUST-017826,157895.45,38
CUST-017827,16729.63,57
CUST-017829,91232.11,22
CUST-017830,96361.12,26
CUST-017831,49975.04,14
CUST-017832,68368.52,32
CUST-017834,97123.63,25
CUST-017835,50191.67,28
CUST-017836,72023.7,27
CUST-017837,3733.44,33
CUST-017838,38338.21,64
CUST-017840,112998.61,10
CUST-017843,63665.1,25
CUST-017844,139291.99,66
CUST-017845,65367.74,8
CUST-017846,37630.34,64
CUST-017848,15993.77,60
CUST-017849,10188.97,14
CUST-017850,4353.32,0
CUST-017851,38498.27,0
CUST-017852,5006.47,36
CUST-017853,114810.19,51
CUST-017855,86993.38,1
CUST-017856,116282.48,30
CUST-017857,260158.87,34
CUST-017858,96132.27,26
CUST-017859,76929.49,29
CUST-017860,4981.76,48
CUST-017861,34126.94,10
CUST-017862,111378.8,63
CUST-017863,144519.81,0
CUST-017865,15415.23,0
CUST-017866,9117.62,32
CUST-017867,169668.32,24
CUST-017868,45049.42,48
CUST-017869,8004.08,5
CUST-017870,36969.38,24
CUST-017871,81778.87,41
CUST-017872,463.05,77
CUST-017873,76101.92,45
CUST-017874,130973.38,32
CUST-017876,171211.84,28
CUST-017877,12217.74,8
CUST-017878,142169.98,51
CUST-017879,4941.18,29
CUST-017880,1283.55,1
CUST-017882,50575.87,19
CUST-017883,49180.01,16
CUST-017884,32391.95,47
CUST-017885,83868.7,36
CUST-017886,2774.68,41
CUST-017887,9204.97,0
CUST-017889,30732.84,21
CUST-017890,21671.27,15
CUST-017891,115214.16,0
CUST-017892,124383.14,0
CUST-017893,174538.4,27
CUST-017895,20450.71,23
CUST-017896,1247.41,13
CUST-017897,21195.41,43
CUST-017899,108088.65,31
CUST-017900,113511.99,1
CUST-017903,31285.12,24
CUST-017904,2650.05,19
CUST-017905,6592.7,22
CUST-017906,1354.23,7
CUST-017907,0.0,36
CUST-017908,140576.34,10
CUST-017909,59116.84,46
CUST-017910,203600.52,38
CUST-017911,142503.47,34
CUST-017912,38852.45,16
CUST-017913,7190.37,49
CUST-017914,15548.32,0
CUST-017917,2750.45,34
CUST-017918,1759.59,0
CUST-017919,25649.89,42
CUST-017920,121133.13,25
CUST-017921,50961.74,31
CUST-017922,83559.21,40
CUST-017924,46441.96,81
CUST-017925,14457.52,10
CUST-017926,46926.7,30
CUST-017928,10942.08,0
CUST-017929,51233.97,30
CUST-017930,55674.5,7
CUST-017931,4310.74,29
CUST-017932,54813.27,55
CUST-017933,54879.83,49
CUST-017934,8545.92,49
CUST-017935,7529.29,9
CUST-017936,147403.69,34
CUST-017937,87658.96,21
CUST-017939,24001.6,1
CUST-017940,146608.58,1
CUST-017941,138527.47,10
CUST-017942,17959.79,33
CUST-017943,32123.95,12
CUST-017944,168523.02,51
CUST-017945,42304.92,36
CUST-017946,15153.4,25
CUST-017947,11215.9,37
CUST-017948,89941.45,46
CUST-017949,78270.84,5
CUST-017950,14309.79,34
CUST-017951,82361.84,37
CUST-017952,199258.38,48
CUST-017953,67724.14,21
CUST-017954,55991.54,0
CUST-017956,75842.01,6
CUST-017957,23062.78,58
CUST-017958,113901.96,0
CUST-017959,98950.1,45
CUST-017960,87065.79,44
CUST-017961,93584.25,53
CUST-017964,21898.21,33
CUST-017965,85156.91,18
CUST-017966,2017.78,68
CUST-017967,57723.98,6
CUST-017968,34652.99,0
CUST-017969,977.59,7
CUST-017971,198012.37,38
CUST-017974,42323.94,13
CUST-017975,5736.38,31
CUST-017976,147006.0,15
CUST-017977,221714.76,12
CUST-017978,1267.39,31
CUST-017979,10803.81,42
CUST-017980,13874.86,21
CUST-017981,49074.14,0
CUST-017982,13663.92,33
CUST-017983,81778.58,43
CUST-017985,63383.38,20
CUST-017986,33819.93,49
CUST-017987,11748.58,13
CUST-017988,32105.56,36
CUST-017989,106557.41,36
CUST-017990,123883.91,30
CUST-017992,23500.57,55
CUST-017993,109621.8,0
CUST-017994,68967.57,60
CUST-017995,46409.56,0
CUST-017997,70105.05,15
CUST-017998,112274.15,0
CUST-017999,34933.58,27
CUST-018000,66402.15,23
CUST-018001,124239.52,35
CUST-018002,20892.51,14
CUST-018004,73535.35,18
CUST-018005,6343.55,17
CUST-018006,165527.55,4
CUST-018007,108104.86,26
CUST-018008,22183.78,15
CUST-018009,30022.91,14
CUST-018010,40966.75,44
CUST-018011,9293.1,22
CUST-018012,23428.76,25
CUST-018013,23561.45,19
CUST-018014,15761.55,29
CUST-018016,113153.65,21
CUST-018017,42587.23,28
CUST-018018,13209.27,48
CUST-018019,161746.4,62
CUST-018020,4552.16,19
CUST-018021,122719.67,0
CUST-018022,71214.93,47
CUST-018023,1556.87,64
CUST-018024,1762.97,19
CUST-018025,47851.55,51
CUST-018026,109361.69,13
CUST-018027,101182.35,49
CUST-018029,87860.15,19
CUST-018030,36683.11,17
CUST-018031,167968.92,37
CUST-018032,13432.6,6
CUST-018033,75797.05,56
CUST-018034,26708.06,10
CUST-018035,58711.82,65
CUST-018037,71057.5,18
CUST-018038,4719.6,49
CUST-018039,22150.79,44
CUST-018040,8361.16,40
CUST-018041,14484.43,7
CUST-018042,11961.14,30
CUST-018043,6779.31,6
CUST-018044,48790.37,25
CUST-018045,38748.99,26
CUST-018046,16285.21,13
CUST-018048,55962.91,31
CUST-018051,0.0,62
CUST-018052,68637.34,9
CUST-018053,28702.97,0
CUST-018054,19996.03,35
CUST-018056,166169.0,21
CUST-018057,23153.64,0
CUST-018059,43734.71,55
CUST-018060,54441.28,32
CUST-018061,97625.52,39
CUST-018062,182749.65,7
CUST-018063,11751.56,14
CUST-018064,62220.3,41
CUST-018065,11089.87,31
CUST-018066,7587.91,44
CUST-018067,22161.17,5
CUST-018069,61079.24,46
CUST-018070,161667.32,26
CUST-018071,85336.66,18
CUST-018072,53462.72,22
CUST-018073,182198.63,44
CUST-018074,0.0,30
CUST-018075,41016.96,18
CUST-018076,40633.53,43
CUST-018077,63720.1,6
CUST-018078,66112.99,21
CUST-018079,0.0,60
CUST-018080,21961.28,66
CUST-018081,91443.36,68
CUST-018082,66659.48,53
CUST-018084,23905.47,9
CUST-018085,71652.33,38
CUST-018086,100321.4,0
CUST-018087,61062.66,28
CUST-018089,40091.81,40
CUST-018090,46163.29,35
CUST-018091,8064.76,41
CUST-018094,723.04,78
CUST-018095,8257.86,72
CUST-018096,95164.15,38
CUST-018097,98106.22,45
CUST-018099,85819.49,12
CUST-018100,4951.3,75
CUST-018101,40886.08,51
CUST-018102,14046.21,32
CUST-018104,33600.61,5
CUST-018106,38133.16,21
CUST-018109,53084.76,26
CUST-018114,6307.28,11
CUST-018115,80458.35,22
CUST-018116,9012.61,50
CUST-018117,25617.4,75
CUST-018119,116084.02,81
CUST-018121,41683.82,19
CUST-018122,28708.8,0
CUST-018123,192703.25,56
CUST-018124,3743.91,35
CUST-018126,100940.57,71
CUST-018128,22689.55,25
CUST-018129,17650.66,0
CUST-018131,17649.96,47
CUST-018132,149855.48,8
CUST-018133,10156.16,12
CUST-018134,3668.72,0
CUST-018135,735.3,34
CUST-018136,100171.69,49
CUST-018137,213286.31,29
CUST-018139,24949.08,35
CUST-018140,106408.03,16
CUST-018141,4960.32,58
CUST-018142,53182.22,7
CUST-018143,65446.35,51
CUST-018147,14600.25,0
CUST-018148,59353.51,14
CUST-018150,215982.56,40
CUST-018153,12198.54,0
CUST-018154,43773.79,7
CUST-018156,165810.04,28
CUST-018157,30398.14,0
CUST-018158,97925.58,9
CUST-018159,39531.01,51
CUST-018161,6321.72,66
CUST-018162,25023.17,37
CUST-018163,52953.4,38
CUST-018164,29995.99,6
CUST-018165,71382.51,15
CUST-018166,162740.52,25
CUST-018168,53504.52,6
CUST-018169,50889.95,20
CUST-018171,44632.91,8
CUST-018172,80852.82,65
CUST-018175,161462.62,7
CUST-018177,21603.14,70
CUST-018178,21342.06,33
CUST-018180,15736.4,0
CUST-018181,14220.01,33
CUST-018182,31383.78,37
CUST-018186,171713.51,15
CUST-018187,4870.55,23
CUST-018188,42126.13,0
CUST-018190,3042.81,0
CUST-018191,113534.55,35
CUST-018192,50011.5,18
CUST-018194,51914.1,33
CUST-018196,75588.25,49
CUST-018197,13825.28,10
CUST-018198,8250.0,10
CUST-018200,14117.13,0
CUST-018201,25943.04,20
CUST-018202,37321.42,39
CUST-018203,2751.45,54
CUST-018205,31232.95,27
CUST-018206,4148.63,74
CUST-018207,37263.69,36
CUST-018208,36679.35,55
CUST-018209,178081.47,34
CUST-018211,17850.7,50
CUST-018212,27758.71,17
CUST-018213,152372.57,56
CUST-018214,37560.92,8
CUST-018215,44880.64,22
CUST-018218,89852.74,63
CUST-018221,138226.71,0
CUST-018224,97479.56,2
CUST-018225,23273.31,33
CUST-018226,25790.86,33
CUST-018227,2441.42,46
CUST-018228,83764.44,23
CUST-018229,40801.6,19
CUST-018230,53909.73,18
CUST-018231,19167.6,13
CUST-018232,6757.18,15
CUST-018233,124325.43,50
CUST-018235,73382.06,27
CUST-018236,41570.66,19
CUST-018241,25448.8,42
CUST-018242,1164.91,22
CUST-018243,66816.9,0
CUST-018244,32526.32,45
CUST-018245,133916.8,62
CUST-018246,43554.19,28
CUST-018248,6039.68,38
CUST-018249,3569.57,9
CUST-018250,68701.0,17
CUST-018251,91347.59,0
CUST-018252,143029.71,11
CUST-018253,231464.96,0
CUST-018255,485.31,27
CUST-018256,17736.66,44
CUST-018257,59107.07,20
CUST-018258,75526.21,70
CUST-018259,8067.58,0
CUST-018260,14641.43,35
CUST-018261,96950.3,17
CUST-018262,93189.68,15
CUST-018263,26137.73,37
CUST-018264,58004.21,28
CUST-018266,62232.04,55
CUST-018267,107276.37,4
CUST-018268,15267.0,42
CUST-018269,30212.81,29
CUST-018270,33892.43,13
CUST-018271,119482.48,0
CUST-018272,13878.3,1
CUST-018274,122676.37,9
CUST-018275,7784.63,54
CUST-018278,88960.4,9
CUST-018280,128946.05,49
CUST-018281,203941.96,28
CUST-018282,256261.46,9
CUST-018283,25495.38,18
CUST-018284,54533.94,9
CUST-018285,6724.33,72
CUST-018287,17148.91,39
CUST-018288,47999.3,39
CUST-018289,31765.32,50
CUST-018291,0.0,42
CUST-018292,41088.0,16
CUST-018293,129087.81,0
CUST-018294,34902.5,13
CUST-018295,44573.31,40
CUST-018297,151286.56,30
CUST-018298,18424.7,47
CUST-018299,22700.41,28
CUST-018301,64868.97,49
CUST-018302,54721.02,46
CUST-018303,61581.23,36
CUST-018304,202736.05,24
CUST-018306,33551.25,58
CUST-018307,38331.07,53
CUST-018309,237427.07,44
CUST-018310,6126.97,16
CUST-018312,6823.78,0
CUST-018313,2905.79,14
CUST-018314,27274.56,46
CUST-018317,190990.2,37
CUST-018318,130775.76,0
CUST-018319,37515.32,0
CUST-018320,115781.49,46
CUST-018321,17985.16,45
CUST-018322,28606.75,22
CUST-018323,43738.91,20
CUST-018324,77166.79,31
CUST-018325,12436.96,10
CUST-018326,2109.51,0
CUST-018327,152043.07,39
CUST-018328,30729.24,3
CUST-018329,3069.38,61
CUST-018331,31939.18,37
CUST-018333,75783.25,18
CUST-018334,166622.98,16
CUST-018335,55291.21,17
CUST-018336,6202.56,40
CUST-018337,3221.65,45
CUST-018339,15954.27,25
CUST-018340,19323.25,9
CUST-018341,90163.06,4
CUST-018343,10536.62,15
CUST-018344,21877.69,39
CUST-018345,116108.64,20
CUST-018346,136266.39,21
CUST-018348,10172.65,6
CUST-018349,18214.59,38
CUST-018350,62353.41,51
CUST-018351,1922.78,9
CUST-018352,147997.48,24
CUST-018353,32723.29,16
CUST-018355,99495.28,23
CUST-018356,125945.97,5
CUST-018357,33920.77,46
CUST-018358,159980.36,6
CUST-018359,107241.19,5
CUST-018360,46005.54,4
CUST-018361,69582.81,25
CUST-018362,20409.86,47
CUST-018363,10150.76,19
CUST-018364,47334.46,10
CUST-018365,54747.48,34
CUST-018367,48398.44,49
CUST-018368,72750.38,19
CUST-018369,18633.62,90
CUST-018370,31143.48,11
CUST-018372,88492.75,37
CUST-018373,209799.14,79
CUST-018374,18643.94,31
CUST-018375,8655.21,20
CUST-018376,25329.58,62
CUST-018377,60458.18,0
CUST-018382,11021.1,24
CUST-018383,136580.63,31
CUST-018384,14474.24,0
CUST-018385,21384.63,24
CUST-018386,35909.93,25
CUST-018388,32274.77,38
CUST-018389,84587.18,46
CUST-018391,35157.04,0
CUST-018392,73982.52,8
CUST-018393,107943.38,10
CUST-018395,1265.32,68
CUST-018396,798.11,17
CUST-018397,103093.52,49
CUST-018398,19083.06,61
CUST-018399,15849.29,19
CUST-018402,65167.68,0
CUST-018403,259284.31,0
CUST-018404,12038.21,49
CUST-018405,258.24,19
CUST-018406,8063.15,35
CUST-018407,8582.58,0
CUST-018408,59799.58,51
CUST-018409,54944.92,35
CUST-018410,25990.91,26
CUST-018412,206124.13,18
CUST-018413,5005.81,4
CUST-018414,3725.31,30
CUST-018415,100209.3,19
CUST-018417,67793.46,30
CUST-018418,61028.15,21
CUST-018419,3467.22,69
CUST-018420,60026.92,13
CUST-018421,72016.43,67
CUST-018422,21538.85,0
CUST-018423,42014.66,28
CUST-018424,14815.68,41
CUST-018426,40930.36,38
CUST-018427,33568.63,19
CUST-018428,34603.37,0
CUST-018429,228928.41,33
CUST-018430,7834.33,33
CUST-018432,120704.79,33
CUST-018434,2603.06,19
CUST-018435,7237.23,34
CUST-018437,14228.29,0
CUST-018438,23533.26,40
CUST-018439,39716.86,40
CUST-018440,124612.22,73
CUST-018441,3741.42,28
CUST-018442,64854.59,23
CUST-018444,8090.34,25
CUST-018445,122554.08,43
CUST-018446,14840.19,20
CUST-018448,124016.71,34
CUST-018449,5972.89,11
CUST-018450,128562.91,49
CUST-018451,97866.82,35
CUST-018452,48768.69,38
CUST-018453,25806.98,0
CUST-018455,99822.95,48
CUST-018457,101086.09,24
CUST-018459,41334.94,7
CUST-018460,34848.08,10
CUST-018461,93806.61,17
CUST-018463,76143.81,35
CUST-018464,13711.42,16
CUST-018465,155337.6,5
CUST-018466,10719.58,63
CUST-018467,19528.76,23
CUST-018468,61040.93,20
CUST-018469,24208.44,28
CUST-018471,37106.68,10
CUST-018473,49572.57,31
CUST-018475,80345.22,42
CUST-018478,4332.27,9
CUST-018480,3442.5,30
CUST-018482,148617.04,12
CUST-018483,159272.84,24
CUST-018484,42871.47,51
CUST-018485,17438.97,20
CUST-018486,13360.6,0
CUST-018487,11074.33,29
CUST-018489,116093.38,22
CUST-018490,50470.35,41
CUST-018493,52012.36,6
CUST-018494,109730.77,12
CUST-018496,147849.55,57
CUST-018498,20640.97,24
CUST-018500,3790.38,16
CUST-018501,5100.33,42
CUST-018504,133574.06,63
CUST-018505,13909.74,15
CUST-018506,44620.92,46
CUST-018507,73352.29,15
CUST-018508,96151.99,75
CUST-018510,134950.41,42
CUST-018511,92163.74,59
CUST-018512,42904.09,59
CUST-018513,92228.58,73
CUST-018514,16545.99,34
CUST-018515,91328.51,7
CUST-018516,50518.41,4
CUST-018517,1253.51,0
CUST-018519,17224.5,34
CUST-018521,140537.98,37
CUST-018523,91916.19,14
CUST-018524,127298.75,10
CUST-018525,104031.3,34
CUST-018526,9653.62,62
CUST-018527,86793.47,3
CUST-018528,105380.25,0
CUST-018529,187492.33,26
CUST-018530,47028.98,67
CUST-018531,44638.98,0
CUST-018532,108215.39,42
CUST-018533,16296.7,15
CUST-018534,94865.1,26
CUST-018535,30729.8,54
CUST-018536,117028.63,15
CUST-018537,55248.82,62
CUST-018539,224483.83,43
CUST-018540,125307.03,30
CUST-018541,46708.01,21
CUST-018542,39545.39,18
CUST-018543,5201.08,28
CUST-018544,126161.53,27
CUST-018545,42924.64,31
CUST-018546,12071.99,33
CUST-018547,27394.99,59
CUST-018548,12847.69,25
CUST-018549,26903.44,0
CUST-018550,35892.15,25
CUST-018551,26363.54,0
CUST-018552,77656.78,17
CUST-018557,175169.03,44
CUST-018558,15902.11,10
CUST-018560,16041.13,13
CUST-018561,13065.36,36
CUST-018562,6420.06,73
CUST-018563,39148.3,23
CUST-018564,98011.85,46
CUST-018565,186816.0,9
CUST-018566,12116.33,49
CUST-018567,28968.78,59
CUST-018568,143743.96,47
CUST-018569,98369.18,22
CUST-018570,15655.66,20
CUST-018571,85790.9,8
CUST-018572,58106.06,26
CUST-018574,67222.7,0
CUST-018575,12582.75,34
CUST-018576,45811.64,44
CUST-018579,75865.31,42
CUST-018580,36600.33,28
CUST-018581,207166.88,46
CUST-018582,26474.34,17
CUST-018583,9280.32,45
CUST-018585,8560.53,35
CUST-018586,11337.65,31
CUST-018587,24650.61,20
CUST-018589,1015.31,57
CUST-018590,20081.57,63
CUST-018592,17087.09,7
CUST-018595,162067.43,21
CUST-018596,48134.64,20
CUST-018597,45246.24,21
CUST-018600,5875.09,1
CUST-018602,19979.15,18
CUST-018603,84090.41,6
CUST-018605,136528.82,33
CUST-018606,156396.46,33
CUST-018607,30127.88,10
CUST-018608,11056.04,14
CUST-018609,11397.88,40
CUST-018610,19134.76,23
CUST-018611,245440.01,50
CUST-018612,22739.76,35
CUST-018614,156190.61,0
CUST-018616,133203.92,17
CUST-018617,52440.09,4
CUST-018618,23551.94,16
CUST-018621,77389.81,41
CUST-018622,34106.0,21
CUST-018624,11496.22,50
CUST-018625,121791.61,6
CUST-018626,98871.79,27
CUST-018627,12664.74,10
CUST-018629,13547.98,64
CUST-018630,228585.41,0
CUST-018631,37537.14,17
CUST-018632,48317.45,46
CUST-018633,42338.5,22
CUST-018635,15007.34,23
CUST-018636,44631.97,24
CUST-018637,2316.83,3
CUST-018638,77436.74,45
CUST-018639,149325.55,0
CUST-018640,57193.13,44
CUST-018641,150603.9,23
CUST-018643,84927.42,12
CUST-018644,28179.94,0
CUST-018645,5562.11,9
CUST-018646,27167.42,28
CUST-018647,43685.91,34
CUST-018648,52875.59,10
CUST-018649,50010.83,26
CUST-018650,35462.6,46
CUST-018651,96712.7,0
CUST-018652,25317.26,65
CUST-018653,9411.71,40
CUST-018654,43577.11,18
CUST-018655,44790.81,42
CUST-018657,6279.27,31
CUST-018658,34848.03,0
CUST-018659,70879.85,5
CUST-018660,0.0,45
CUST-018661,21082.01,6
CUST-018664,42138.59,0
CUST-018665,75475.78,20
CUST-018666,82005.09,23
CUST-018667,91851.99,46
CUST-018668,46012.19,1
CUST-018670,16474.32,3
CUST-018671,209147.0,21
CUST-018672,257778.54,49
CUST-018673,69817.83,6
CUST-018676,9636.37,21
CUST-018677,12122.33,36
CUST-018678,7953.22,34
CUST-018679,20338.71,7
CUST-018681,23925.91,0
CUST-018682,23801.18,75
CUST-018683,31122.89,10
CUST-018688,44427.99,73
CUST-018689,12967.24,22
CUST-018690,1056.94,16
CUST-018691,5198.85,50
CUST-018692,63871.88,32
CUST-018694,14281.51,0
CUST-018696,9307.44,9
CUST-018697,10452.72,39
CUST-018698,68802.43,20
CUST-018700,88173.19,9
CUST-018701,55861.1,21
CUST-018703,61216.12,5
CUST-018704,224867.99,0
CUST-018705,73471.36,24
CUST-018706,57651.42,33
CUST-018707,74401.11,25
CUST-018709,1600.52,0
CUST-018710,58201.31,27
CUST-018711,1666.55,0
CUST-018712,9743.37,39
CUST-018713,167258.71,16
CUST-018714,32286.87,65
CUST-018715,23945.91,0
CUST-018716,94033.04,40
CUST-018718,96682.44,48
CUST-018719,42099.16,51
CUST-018721,212300.95,0
CUST-018722,72141.28,14
CUST-018723,60619.51,46
CUST-018724,39214.41,9
CUST-018725,69335.63,19
CUST-018726,52329.64,19
CUST-018728,170778.78,24
CUST-018729,116646.72,48
CUST-018730,37003.39,26
CUST-018731,190166.03,73
CUST-018732,53201.22,45
CUST-018733,4826.53,6
CUST-018734,120166.27,3
CUST-018735,15449.53,0
CUST-018736,27682.74,11
CUST-018738,9384.62,62
CUST-018739,96767.61,49
CUST-018741,37459.85,29
CUST-018742,97928.95,36
CUST-018743,37947.05,45
CUST-018744,86557.03,0
CUST-018745,55625.03,21
CUST-018746,4574.88,33
CUST-018747,41066.69,12
CUST-018748,13643.64,42
CUST-018749,70066.75,35
CUST-018750,40304.42,9
CUST-018752,135611.29,33
CUST-018753,34215.77,0
CUST-018754,236268.75,48
CUST-018756,47643.34,20
CUST-018757,111898.44,5
CUST-018758,74394.37,34
CUST-018759,113722.91,35
CUST-018760,6257.46,0
CUST-018761,39138.41,8
CUST-018762,17372.01,24
CUST-018764,11650.66,1
CUST-018765,91841.88,52
CUST-018766,47809.49,39
CUST-018767,121319.38,70
CUST-018768,1142.2,25
CUST-018769,9761.72,2
CUST-018771,3877.18,46
CUST-018772,56054.46,9
CUST-018773,68357.07,22
CUST-018774,75716.49,1
CUST-018775,78337.89,0
CUST-018777,149782.36,0
CUST-018778,109221.97,0
CUST-018779,13928.04,3
CUST-018780,63208.14,10
CUST-018781,40224.61,6
CUST-018782,85445.13,29
CUST-018783,156305.84,23
CUST-018784,239784.12,39
CUST-018785,8552.9,39
CUST-018787,59760.65,0
CUST-018788,29809.02,45
CUST-018789,48381.68,0
CUST-018790,115679.11,17
CUST-018791,97734.19,41
CUST-018792,34801.76,59
CUST-018793,91692.82,29
CUST-018794,39111.25,40
CUST-018796,71620.38,0
CUST-018797,6965.03,7
CUST-018798,124831.17,44
CUST-018799,23549.79,33
CUST-018800,204477.51,32
CUST-018801,4276.94,46
CUST-018802,95171.93,23
CUST-018803,6570.05,28
CUST-018804,16409.27,0
CUST-018805,4203.32,56
CUST-018806,33359.33,0
CUST-018808,33121.04,57
CUST-018809,34377.53,45
CUST-018812,40009.23,43
CUST-018813,83444.2,23
CUST-018814,65295.28,0
CUST-018815,148217.44,28
CUST-018816,21971.64,32
CUST-018817,28155.18,0
CUST-018818,169543.12,25
CUST-018819,29110.92,34
CUST-018820,40571.84,9
CUST-018821,120769.53,33
CUST-018822,185721.59,16
CUST-018823,13281.18,25
CUST-018824,17966.58,60
CUST-018825,27256.2,38
CUST-018826,46374.38,4
CUST-018828,11707.04,48
CUST-018829,41461.3,6
CUST-018831,10246.48,34
CUST-018832,127835.32,58
CUST-018833,88035.39,49
CUST-018834,72429.83,19
CUST-018835,63897.25,74
CUST-018836,19718.24,17
CUST-018837,4611.9,10
CUST-018838,20380.54,16
CUST-018839,4822.14,18
CUST-018840,20264.44,6
CUST-018841,92886.61,24
CUST-018844,83101.5,13
CUST-018845,6453.88,42
CUST-018846,51542.33,0
CUST-018847,81757.54,0
CUST-018848,162435.34,36
CUST-018851,8352.81,49
CUST-018852,7339.35,31
CUST-018853,3766.13,22
CUST-018855,59025.41,8
CUST-018856,82102.58,0
CUST-018858,5226.82,31
CUST-018859,30920.52,49
CUST-018860,57319.73,32
CUST-018861,2908.33,48
CUST-018865,18074.24,31
CUST-018866,46376.32,8
CUST-018867,54740.98,35
CUST-018868,96247.07,11
CUST-018869,8081.37,50
CUST-018871,242394.47,0
CUST-018874,52636.67,25
CUST-018877,79344.96,33
CUST-018878,49213.07,19
CUST-018879,78670.5,8
CUST-018880,40081.75,46
CUST-018881,189293.56,17
CUST-018883,12194.3,49
CUST-018884,12653.73,47
CUST-018885,78520.27,46
CUST-018886,8745.97,21
CUST-018887,1969.79,46
CUST-018888,31202.25,30
CUST-018889,32738.71,41
CUST-018890,65761.66,46
CUST-018891,445.89,62
CUST-018892,37636.82,61
CUST-018894,86780.29,0
CUST-018895,4235.42,0
CUST-018896,69943.86,50
CUST-018897,1545.55,24
CUST-018898,128469.88,19
CUST-018899,62430.73,9
CUST-018900,70067.95,0
CUST-018901,14338.05,33
CUST-018902,64379.45,29
CUST-018904,13311.61,48
CUST-018905,4694.79,2
CUST-018907,48579.93,3
CUST-018908,91033.27,19
CUST-018909,134355.43,10
CUST-018910,7644.18,22
CUST-018911,100605.68,34
CUST-018912,126409.26,47
CUST-018913,65114.61,9
CUST-018914,7995.57,41
CUST-018915,31663.72,25
CUST-018916,112101.28,35
CUST-018919,44759.63,56
CUST-018920,114542.39,34
CUST-018921,11751.94,39
CUST-018922,51710.1,55
CUST-018923,58220.46,42
CUST-018924,37301.47,25
CUST-018926,15673.31,45
CUST-018927,18784.98,7
CUST-018928,15314.67,71
CUST-018929,68670.36,0
CUST-018930,13032.36,0
CUST-018931,65482.64,13
CUST-018932,368.44,18
CUST-018933,110720.9,0
CUST-018934,22958.99,33
CUST-018935,77922.11,7
CUST-018936,110416.7,10
CUST-018937,12213.57,33
CUST-018939,58459.38,7
CUST-018940,17989.82,20
CUST-018941,83498.81,74
CUST-018942,134720.84,0
CUST-018943,82730.49,7
CUST-018944,36396.57,13
CUST-018945,14718.27,26
CUST-018946,13849.19,0
CUST-018947,13139.2,4
CUST-018948,8328.83,31
CUST-018949,154275.99,0
CUST-018950,43796.37,1
CUST-018951,67410.43,31
CUST-018952,11664.67,8
CUST-018953,52254.83,45
CUST-018954,112837.54,7
CUST-018958,13469.83,0
CUST-018959,54901.91,0
CUST-018960,142224.17,30
CUST-018962,28802.38,5
CUST-018963,1792.62,16
CUST-018964,1642.09,20
CUST-018965,53359.9,0
CUST-018967,102511.53,15
CUST-018969,5984.46,48
CUST-018971,130977.5,24
CUST-018972,28427.44,72
CUST-018974,3862.68,6
CUST-018975,34311.28,25
CUST-018976,7858.13,19
CUST-018977,66032.97,0
CUST-018979,8902.84,15
CUST-018980,23948.42,31
CUST-018982,733.62,8
CUST-018983,746.66,37
CUST-018985,994.28,74
CUST-018986,15238.64,10
CUST-018988,12087.25,58
CUST-018989,25237.04,0
CUST-018990,184884.33,61
CUST-018991,13898.82,39
CUST-018992,126047.38,28
CUST-018993,100981.73,30
CUST-018994,147016.24,39
CUST-018995,2487.42,57
CUST-018996,84551.85,60
CUST-018997,61577.07,44
CUST-018998,132138.5,28
CUST-018999,57308.42,33
CUST-019001,87978.46,19
CUST-019002,59174.27,56
CUST-019004,4445.11,35
CUST-019005,3782.14,43
CUST-019006,20533.42,27
CUST-019008,80901.98,85
CUST-019009,53174.7,13
CUST-019010,106707.77,38
CUST-019011,25131.75,17
CUST-019014,20908.39,9
CUST-019015,64409.12,38
CUST-019017,122880.79,31
CUST-019018,10725.35,49
CUST-019020,3117.14,36
CUST-019022,58421.63,55
CUST-019023,6085.64,33
CUST-019024,40975.24,0
CUST-019025,39981.01,0
CUST-019026,10703.17,31
CUST-019027,42927.01,34
CUST-019029,89009.89,61
CUST-019030,25537.84,25
CUST-019031,8148.78,15
CUST-019032,77141.2,21
CUST-019034,10332.83,19
CUST-019035,16714.23,29
CUST-019036,226.02,11
CUST-019038,65519.55,18
CUST-019039,51760.18,47
CUST-019040,12356.0,0
CUST-019041,40386.77,26
CUST-019042,74930.81,32
CUST-019043,4698.17,60
CUST-019044,62387.38,66
CUST-019046,67868.72,48
CUST-019047,75242.96,44
CUST-019048,83426.5,32
CUST-019049,10357.43,14
CUST-019050,128850.89,0
CUST-019051,24313.19,25
CUST-019054,106786.67,24
CUST-019055,28733.14,27
CUST-019057,63332.38,28
CUST-019058,75109.14,47
CUST-019059,178024.3,36
CUST-019060,18364.74,6
CUST-019062,19491.09,28
CUST-019064,105424.53,10
CUST-019065,70124.69,0
CUST-019066,28579.99,32
CUST-019068,55102.17,54
CUST-019069,148979.84,19
CUST-019070,3379.36,0
CUST-019071,12548.94,0
CUST-019072,27791.94,19
CUST-019073,137935.42,0
CUST-019074,14366.63,55
CUST-019075,54104.47,0
CUST-019077,54660.27,1
CUST-019078,89222.09,24
CUST-019079,39887.76,24
CUST-019080,49852.5,63
CUST-019082,42953.17,24
CUST-019083,19178.31,0
CUST-019084,15646.69,64
CUST-019085,88918.6,44
CUST-019086,1767.1,64
CUST-019087,2525.69,73
CUST-019088,46051.03,40
CUST-019089,133760.53,57
CUST-019090,20329.02,3
CUST-019092,49417.39,45
CUST-019094,20715.67,14
CUST-019095,90854.74,34
CUST-019096,85403.76,54
CUST-019097,191734.83,32
CUST-019098,51176.38,33
CUST-019099,38707.38,22
CUST-019100,36164.66,34
CUST-019101,38814.09,29
CUST-019103,28245.77,51
CUST-019106,26644.05,50
CUST-019107,9251.16,62
CUST-019108,183709.25,23
CUST-019109,39858.81,35
CUST-019110,45400.36,21
CUST-019111,11215.97,7
CUST-019112,9826.62,33
CUST-019113,134196.47,33
CUST-019115,1046.49,16
CUST-019116,32606.91,40
CUST-019117,30077.89,3
CUST-019118,143555.57,49
CUST-019119,39060.56,26
CUST-019120,111900.56,45
CUST-019121,6612.82,25
CUST-019122,120016.57,39
CUST-019123,11722.75,0
CUST-019124,4015.82,39
CUST-019125,20877.51,48
CUST-019126,15232.6,60
CUST-019127,34185.95,22
CUST-019129,230518.5,64
CUST-019130,4968.79,6
CUST-019132,163112.57,33
CUST-019133,13306.29,43
CUST-019134,10086.6,33
CUST-019135,62039.89,50
CUST-019136,9207.01,0
CUST-019138,72856.83,50
CUST-019140,17205.65,40
CUST-019142,93598.53,11
CUST-019143,108182.91,0
CUST-019144,70590.4,31
CUST-019145,201252.03,0
CUST-019147,45490.88,20
CUST-019148,17669.78,36
CUST-019150,194745.38,7
CUST-019153,128176.51,55
CUST-019154,144282.22,52
CUST-019155,40388.94,28
CUST-019156,118401.51,0
CUST-019157,7790.16,13
CUST-019158,114334.42,16
CUST-019159,11097.65,6
CUST-019160,100526.14,28
CUST-019161,1794.06,47
CUST-019162,26582.74,6
CUST-019163,6224.54,48
CUST-019164,20843.33,53
CUST-019165,1013.23,51
CUST-019166,79967.8,0
CUST-019167,49137.13,48
CUST-019168,78539.27,10
CUST-019170,69938.89,0
CUST-019171,14603.22,15
CUST-019172,10559.38,49
CUST-019173,73939.38,44
CUST-019174,8794.31,0
CUST-019176,44649.67,49
CUST-019177,46580.91,36
CUST-019178,22436.97,32
CUST-019179,12093.31,14
CUST-019180,50333.27,0
CUST-019181,59307.98,28
CUST-019182,9629.0,34
CUST-019183,147078.96,50
CUST-019184,25415.36,18
CUST-019185,24285.13,11
CUST-019187,148006.95,22
CUST-019188,7205.09,18
CUST-019189,87969.78,16
CUST-019190,6806.83,0
CUST-019191,4634.91,54
CUST-019192,13004.02,90
CUST-019193,111208.64,0
CUST-019195,73714.46,15
CUST-019196,30813.58,51
CUST-019197,98801.41,20
CUST-019198,152021.46,46
CUST-019199,60993.96,27
CUST-019200,127916.96,9
CUST-019202,69267.63,0
CUST-019203,14424.44,25
CUST-019204,0.0,42
CUST-019206,37537.45,7
CUST-019207,5241.06,23
CUST-019208,2563.19,30
CUST-019209,23313.08,8
CUST-019210,63952.44,7
CUST-019211,11895.86,31
CUST-019212,187734.93,36
CUST-019213,49323.26,62
CUST-019214,28965.56,20
CUST-019216,43800.43,0
CUST-019217,74150.49,8
CUST-019218,30714.8,17
CUST-019219,83167.44,71
CUST-019222,22170.95,6
CUST-019223,29460.19,50
CUST-019226,2585.5,25
CUST-019227,76312.49,48
CUST-019229,5541.98,11
CUST-019230,72408.66,28
CUST-019231,109910.29,48
CUST-019234,70209.07,19
CUST-019235,3309.79,48
CUST-019237,32025.01,25
CUST-019238,36716.3,35
CUST-019239,37244.18,34
CUST-019240,44951.25,16
CUST-019242,83670.13,20
CUST-019243,107762.57,0
CUST-019245,129151.66,0
CUST-019247,17688.44,20
CUST-019248,92011.88,55
CUST-019249,7426.82,42
CUST-019250,31404.4,48
CUST-019251,1232.33,41
CUST-019252,3296.04,0
CUST-019253,1385.05,0
CUST-019255,103982.25,15
CUST-019256,4662.17,34
CUST-019257,7233.81,9
CUST-019258,51818.99,3
CUST-019259,129032.68,47
CUST-019260,24397.78,23
CUST-019261,2060.78,5
CUST-019263,22813.38,12
CUST-019265,8962.43,49
CUST-019266,115656.37,15
CUST-019267,239692.18,0
CUST-019268,104864.47,43
CUST-019269,20354.03,5
CUST-019271,18667.65,16
CUST-019274,149594.04,30
CUST-019275,10647.45,63
CUST-019276,105241.55,0
CUST-019277,21493.98,46
CUST-019278,110259.32,61
CUST-019279,57133.3,60
CUST-019280,131982.73,1
CUST-019281,47903.51,39
CUST-019282,143244.09,0
CUST-019283,2995.08,49
CUST-019284,122281.07,0
CUST-019286,47463.37,44
CUST-019287,65159.79,16
CUST-019289,227113.49,1
CUST-019290,9967.29,38
CUST-019291,14175.19,0
CUST-019293,4563.66,42
CUST-019294,5261.83,28
CUST-019295,36579.25,5
CUST-019296,28909.56,35
CUST-019297,1564.14,8
CUST-019298,159131.93,49
CUST-019299,134292.83,11
CUST-019300,32730.02,40
CUST-019301,24570.39,31
CUST-019302,53252.51,64
CUST-019306,34902.21,20
CUST-019308,36197.88,35
CUST-019310,8171.66,19
CUST-019311,46937.37,23
CUST-019312,8389.56,73
CUST-019315,31721.71,73
CUST-019317,31059.05,54
CUST-019318,117262.68,49
CUST-019319,1353.07,24
CUST-019320,192634.38,28
CUST-019321,19829.74,20
CUST-019323,162152.27,1
CUST-019324,32402.97,6
CUST-019325,64232.74,3
CUST-019326,18030.42,0
CUST-019328,9951.62,15
CUST-019329,68700.16,9
CUST-019330,39198.62,31
CUST-019331,10450.11,7
CUST-019332,115670.45,16
CUST-019333,205958.52,48
CUST-019334,32548.91,41
CUST-019335,60438.99,17
CUST-019336,632.03,16
CUST-019337,35847.32,59
CUST-019338,29915.65,12
CUST-019339,182477.51,10
CUST-019341,24737.77,60
CUST-019342,57488.48,0
CUST-019343,15578.46,43
CUST-019344,15968.8,17
CUST-019345,25376.95,19
CUST-019347,67218.76,38
CUST-019349,11988.54,16
CUST-019351,41601.96,22
CUST-019352,20518.59,36
CUST-019353,11169.03,18
CUST-019356,156534.37,33
CUST-019357,1338.47,50
CUST-019359,147829.1,17
CUST-019360,160321.55,51
CUST-019361,94207.21,0
CUST-019363,8485.51,34
CUST-019364,78402.82,21
CUST-019366,11717.74,80
CUST-019368,31448.55,35
CUST-019369,152833.53,32
CUST-019370,8489.21,54
CUST-019373,34450.59,43
CUST-019375,11947.24,49
CUST-019376,99464.07,45
CUST-019377,152176.11,2
CUST-019378,18291.57,44
CUST-019379,32811.71,8
CUST-019380,50646.9,49
CUST-019381,934.57,32
CUST-019382,29875.5,7
CUST-019384,51178.23,35
CUST-019386,24568.65,16
CUST-019389,44652.64,40
CUST-019390,36359.56,7
CUST-019391,83440.49,5
CUST-019395,29180.09,34
CUST-019397,50021.41,38
CUST-019398,28138.22,16
CUST-019399,52872.91,54
CUST-019400,58613.3,0
CUST-019401,33063.74,32
CUST-019402,80684.63,1
CUST-019403,8473.29,26
CUST-019404,126173.95,33
CUST-019405,68471.95,15
CUST-019406,10687.86,7
CUST-019407,68235.76,23
CUST-019408,20242.91,1
CUST-019409,20313.51,70
CUST-019410,43109.15,15
CUST-019411,68659.23,74
CUST-019412,19623.97,23
CUST-019413,31411.1,59
CUST-019416,13939.23,0
CUST-019417,143778.67,39
CUST-019418,100431.51,17
CUST-019419,186742.1,17
CUST-019420,2436.46,32
CUST-019421,4154.03,9
CUST-019423,42007.0,0
CUST-019424,38184.05,20
CUST-019425,9532.9,8
CUST-019426,129161.01,22
CUST-019427,74528.16,15
CUST-019428,100220.85,35
CUST-019429,11617.52,49
CUST-019430,34044.2,33
CUST-019431,42261.04,0
CUST-019432,65873.94,44
CUST-019436,18539.4,47
CUST-019437,23200.79,40
CUST-019440,2825.16,86
CUST-019441,230570.02,37
CUST-019442,174893.05,14
CUST-019443,53550.95,40
CUST-019445,98107.63,27
CUST-019446,79946.27,15
CUST-019447,584.15,56
CUST-019448,11989.27,22
CUST-019449,141736.34,10
CUST-019450,34018.47,27
CUST-019451,2986.75,62
CUST-019453,27080.56,10
CUST-019454,53871.88,22
CUST-019455,194355.54,77
CUST-019456,103309.5,45
CUST-019457,114114.94,34
CUST-019458,85375.04,0
CUST-019459,84099.85,32
CUST-019460,66114.22,45
CUST-019461,103412.43,7
CUST-019462,69244.23,34
CUST-019463,168359.82,65
CUST-019464,43823.67,6
CUST-019465,25481.21,45
CUST-019466,9110.91,40
CUST-019468,117057.12,17
CUST-019469,83550.05,44
CUST-019470,45486.74,17
CUST-019471,199174.72,21
CUST-019472,46270.7,0
CUST-019473,45090.58,25
CUST-019477,44538.86,5
CUST-019478,131831.82,31
CUST-019479,73781.05,21
CUST-019480,81765.96,7
CUST-019481,7309.17,16
CUST-019482,27196.17,49
CUST-019484,1903.47,12
CUST-019485,71673.38,8
CUST-019486,21960.69,16
CUST-019489,124299.15,39
CUST-019491,15344.14,25
CUST-019492,16837.18,20
CUST-019494,381.15,23
CUST-019495,87883.24,29
CUST-019498,60699.91,35
CUST-019499,11295.16,0
CUST-019501,2480.44,6
CUST-019502,2274.24,19
CUST-019503,67535.87,57
CUST-019504,21373.79,0
CUST-019505,18228.22,33
CUST-019506,53042.52,37
CUST-019507,28916.35,18
CUST-019508,708.54,26
CUST-019509,89947.38,32
CUST-019510,124727.67,17
CUST-019511,22024.1,43
CUST-019512,108185.79,0
CUST-019514,56737.51,15
CUST-019515,17181.72,55
CUST-019516,23508.7,40
CUST-019518,41279.22,50
CUST-019519,67693.55,11
CUST-019520,520.32,18
CUST-019521,31104.53,31
CUST-019522,194865.34,17
CUST-019523,14298.61,45
CUST-019524,47246.71,20
CUST-019525,181805.76,25
CUST-019526,21776.38,9
CUST-019527,32304.64,33
CUST-019528,59036.84,30
CUST-019529,35147.34,10
CUST-019531,83746.84,0
CUST-019532,19077.78,35
CUST-019533,11452.34,41
CUST-019535,28739.76,16
CUST-019537,27628.98,0
CUST-019538,34916.77,9
CUST-019540,3276.44,0
CUST-019541,48226.37,45
CUST-019542,83689.68,18
CUST-019543,66832.5,0
CUST-019544,4769.22,0
CUST-019545,1710.18,89
CUST-019546,100128.3,0
CUST-019547,83521.62,16
CUST-019548,150254.52,25
CUST-019549,102575.88,24
CUST-019550,37256.14,25
CUST-019551,12006.85,50
CUST-019552,3622.28,15
CUST-019553,45983.64,49
CUST-019554,33104.54,35
CUST-019555,113952.3,32
CUST-019556,41778.46,9
CUST-019557,28272.97,33
CUST-019559,2768.49,25
CUST-019560,49887.45,18
CUST-019561,50569.46,37
CUST-019562,1314.9,9
CUST-019563,67381.43,28
CUST-019564,116433.17,65
CUST-019565,40218.7,20
CUST-019566,11299.48,19
CUST-019567,24580.82,31
CUST-019568,3414.92,58
CUST-019569,78655.9,48
CUST-019570,16229.07,71
CUST-019571,34249.34,9
CUST-019572,80711.22,21
CUST-019573,99443.13,16
CUST-019574,3292.44,49
CUST-019575,112701.43,0
CUST-019576,129098.49,37
CUST-019577,3159.85,35
CUST-019579,15271.03,0
CUST-019580,75815.17,33
CUST-019582,84698.2,16
CUST-019583,42573.39,22
CUST-019584,22343.55,42
CUST-019585,144442.13,0
CUST-019586,21498.02,65
CUST-019587,47340.38,19
CUST-019588,15069.71,17
CUST-019590,146253.89,7
CUST-019591,28071.71,38
CUST-019593,11604.58,42
CUST-019595,208736.76,38
CUST-019596,53623.87,42
CUST-019597,76520.69,39
CUST-019598,118829.43,21
CUST-019599,31351.93,31
CUST-019600,149274.51,50
CUST-019601,11842.4,7
CUST-019602,172677.57,0
CUST-019604,10393.74,4
CUST-019605,170706.9,15
CUST-019606,95434.63,19
CUST-019607,14796.75,5
CUST-019608,6271.67,13
CUST-019609,18812.92,18
CUST-019610,209667.65,9
CUST-019611,1477.05,15
CUST-019612,41595.33,51
CUST-019613,35555.2,69
CUST-019614,26325.96,33
CUST-019615,141729.59,30
CUST-019616,580.12,50
CUST-019617,42364.87,41
CUST-019618,1355.63,59
CUST-019620,21683.23,21
CUST-019621,2917.37,49
CUST-019622,45738.28,43
CUST-019623,195349.25,25
CUST-019624,5931.25,72
CUST-019625,49212.7,28
CUST-019626,43994.41,25
CUST-019628,140221.86,0
CUST-019629,100758.54,10
CUST-019630,56543.48,42
CUST-019631,1532.39,3
CUST-019632,95821.24,8
CUST-019633,18641.17,3
CUST-019634,2887.62,48
CUST-019635,102496.89,24
CUST-019637,68338.31,40
CUST-019638,186251.03,32
CUST-019639,79828.9,50
CUST-019640,120865.4,0
CUST-019641,95911.71,63
CUST-019642,21226.71,22
CUST-019643,43326.21,9
CUST-019644,7172.71,23
CUST-019645,22629.07,22
CUST-019649,9013.3,44
CUST-019650,32494.6,34
CUST-019651,33145.45,32
CUST-019652,156991.55,0
CUST-019654,39572.88,47
CUST-019655,37110.18,71
CUST-019656,46607.32,21
CUST-019657,58411.23,33
CUST-019658,30558.96,10
CUST-019660,78419.24,22
CUST-019661,17575.47,36
CUST-019662,22272.53,0
CUST-019665,37652.37,28
CUST-019666,91555.56,2
CUST-019668,6745.97,8
CUST-019669,40951.13,33
CUST-019670,163659.17,30
CUST-019671,68120.08,42
CUST-019673,11931.0,47
CUST-019674,22868.36,15
CUST-019675,69370.69,24
CUST-019676,67848.69,54
CUST-019678,80971.79,0
CUST-019679,65147.98,7
CUST-019681,27357.8,4
CUST-019684,128380.42,8
CUST-019685,120914.04,16
CUST-019687,192693.9,19
CUST-019688,63569.09,35
CUST-019689,91143.79,63
CUST-019690,99573.59,17
CUST-019691,100347.64,0
CUST-019692,18211.8,57
CUST-019693,12265.45,20
CUST-019694,59783.72,7
CUST-019695,69306.35,37
CUST-019696,9469.18,36
CUST-019698,16915.46,14
CUST-019702,6854.6,21
CUST-019703,53979.87,24
CUST-019704,52860.99,49
CUST-019706,28090.02,42
CUST-019709,23144.79,20
CUST-019711,110005.15,25
CUST-019712,2435.53,22
CUST-019713,4499.86,48
CUST-019716,157038.72,15
CUST-019717,145604.46,39
CUST-019718,43129.42,40
CUST-019721,74948.81,61
CUST-019723,32732.11,64
CUST-019725,153766.55,45
CUST-019726,15719.36,0
CUST-019727,54555.55,29
CUST-019728,6362.09,37
CUST-019729,76196.22,25
CUST-019730,33211.8,25
CUST-019731,1194.53,0
CUST-019732,19455.73,45
CUST-019734,5782.45,46
CUST-019735,61322.4,52
CUST-019738,21505.28,49
CUST-019739,2397.3,37
CUST-019740,63214.19,33
CUST-019743,46585.95,30
CUST-019744,8379.82,6
CUST-019745,170183.98,33
CUST-019746,147120.72,0
CUST-019748,19733.72,43
CUST-019749,67616.57,28
CUST-019750,405.67,18
CUST-019751,124451.15,0
CUST-019752,18518.56,0
CUST-019753,14479.89,7
CUST-019754,3659.39,16
CUST-019755,8468.57,25
CUST-019756,126559.27,6
CUST-019757,182007.91,1
CUST-019758,53464.24,10
CUST-019759,66944.53,39
CUST-019760,9003.67,7
CUST-019761,24307.96,4
CUST-019762,153708.58,28
CUST-019763,21310.8,0
CUST-019764,3809.8,26
CUST-019765,54453.52,25
CUST-019766,37309.38,0
CUST-019768,152437.44,24
CUST-019769,28416.06,5
CUST-019770,34655.24,18
CUST-019771,53894.53,5
CUST-019773,17888.02,48
CUST-019774,94401.47,47
CUST-019775,19364.21,18
CUST-019776,185172.66,39
CUST-019777,102875.6,46
CUST-019778,119076.66,9
CUST-019779,58698.63,0
CUST-019780,51416.01,0
CUST-019781,40105.94,0
CUST-019782,6780.84,41
CUST-019783,35240.69,35
CUST-019784,67026.74,32
CUST-019785,20900.72,19
CUST-019787,26346.38,10
CUST-019788,8669.56,19
CUST-019789,19070.46,26
CUST-019790,135838.7,0
CUST-019791,67275.96,15
CUST-019792,14753.2,8
CUST-019794,24835.94,40
CUST-019795,34753.63,34
CUST-019796,9370.55,10
CUST-019797,200940.54,23
CUST-019798,49835.28,23
CUST-019799,127647.38,21
CUST-019800,67818.45,60
CUST-019801,49606.49,10
CUST-019802,112896.17,17
CUST-019804,65041.67,22
CUST-019805,228070.33,25
CUST-019807,86102.24,58
CUST-019808,63133.81,47
CUST-019810,23025.71,40
CUST-019811,214279.98,24
CUST-019813,73283.2,29
CUST-019814,21064.78,48
CUST-019815,11936.44,31
CUST-019816,1253.32,22
CUST-019817,37891.76,65
CUST-019818,19728.02,32
CUST-019819,3333.01,7
CUST-019822,37796.33,0
CUST-019824,123949.22,37
CUST-019827,222490.48,42
CUST-019828,66291.55,9
CUST-019829,7805.08,55
CUST-019830,2093.38,22
CUST-019831,76998.03,29
CUST-019832,34556.84,28
CUST-019833,31265.79,56
CUST-019836,82541.0,46
CUST-019837,161170.94,0
CUST-019838,12878.47,23
CUST-019839,86664.46,44
CUST-019841,11227.67,31
CUST-019842,89742.64,0
CUST-019843,43928.49,21
CUST-019844,11118.45,15
CUST-019845,135165.85,19
CUST-019846,107110.54,0
CUST-019847,93105.28,23
CUST-019848,134988.53,4
CUST-019849,11980.89,0
CUST-019852,7947.04,8
CUST-019853,148338.88,11
CUST-019854,7826.17,44
CUST-019855,3135.98,65
CUST-019856,93821.6,20
CUST-019857,3717.83,16
CUST-019858,4095.95,35
CUST-019859,12946.66,0
CUST-019860,30771.31,27
CUST-019861,740.66,18
CUST-019862,18729.23,38
CUST-019863,2089.71,3
CUST-019864,18022.27,22
CUST-019865,105201.51,0
CUST-019866,14673.21,31
CUST-019867,14594.33,28
CUST-019868,9995.21,48
CUST-019869,26998.83,6
CUST-019871,28774.88,17
CUST-019872,6149.72,3
CUST-019873,5660.84,0
CUST-019874,13937.52,36
CUST-019875,66893.55,49
CUST-019876,96920.4,21
CUST-019877,92538.55,32
CUST-019878,25949.71,21
CUST-019879,91308.01,24
CUST-019880,61807.86,40
CUST-019881,36274.95,4
CUST-019882,32882.67,17
CUST-019883,29311.19,34
CUST-019884,36732.63,25
CUST-019886,37678.41,4
CUST-019887,1421.6,59
CUST-019888,28615.31,11
CUST-019890,49762.25,22
CUST-019891,7636.45,20
CUST-019894,9073.6,10
CUST-019895,55486.28,5
CUST-019896,38245.05,22
CUST-019897,12196.29,0
CUST-019898,12857.35,47
CUST-019900,136200.1,50
CUST-019901,100284.75,41
CUST-019903,13500.74,6
CUST-019904,43692.52,37
CUST-019905,76053.6,42
CUST-019906,107846.13,12
CUST-019907,23296.99,33
CUST-019908,66661.99,62
CUST-019909,100240.47,25
CUST-019910,35877.84,21
CUST-019911,5892.7,32
CUST-019912,203666.65,50
CUST-019913,27554.55,23
CUST-019914,1111.66,28
CUST-019915,109051.72,74
CUST-019916,111159.75,0
CUST-019918,49198.63,57
CUST-019919,10906.46,12
CUST-019920,144073.84,34
CUST-019921,30036.25,27
CUST-019922,23808.94,23
CUST-019924,38893.12,70
CUST-019925,57924.66,1
CUST-019926,84952.05,41
CUST-019927,105562.29,7
CUST-019928,49923.73,46
CUST-019929,6689.01,64
CUST-019930,60124.58,36
CUST-019931,3403.19,21
CUST-019932,87669.49,60
CUST-019933,40253.53,24
CUST-019934,19844.32,25
CUST-019935,38464.79,3
CUST-019936,38210.64,5
CUST-019938,34109.96,7
CUST-019939,53833.75,5
CUST-019941,94260.98,6
CUST-019942,57276.21,6
CUST-019943,32541.96,21
CUST-019944,111072.96,25
CUST-019945,100666.27,86
CUST-019946,27618.3,28
CUST-019947,55961.17,37
CUST-019948,7137.09,9
CUST-019949,36509.83,11
CUST-019951,141098.83,18
CUST-019952,2727.34,22
CUST-019953,9322.43,23
CUST-019954,52150.4,42
CUST-019955,42646.83,15
CUST-019956,791.9,58
CUST-019957,103109.08,1
CUST-019958,31579.36,4
CUST-019959,484.29,33
CUST-019960,38766.28,0
CUST-019961,93459.32,8
CUST-019964,40824.18,28
CUST-019966,1107.77,52
CUST-019967,22439.92,19
CUST-019969,11291.53,16
CUST-019972,140715.08,22
CUST-019973,3587.95,0
CUST-019974,82243.59,41
CUST-019975,72478.75,14
CUST-019976,30613.68,0
CUST-019978,16760.21,4
CUST-019979,119634.16,0
CUST-019980,148416.99,47
CUST-019981,111661.16,48
CUST-019982,66118.75,21
CUST-019983,128725.59,20
CUST-019985,23623.9,45
CUST-019986,9351.86,28
CUST-019987,6445.55,0
CUST-019988,26695.16,22
CUST-019989,100661.1,32
CUST-019990,855.19,55
CUST-019992,10327.17,8
CUST-019993,4326.31,46
CUST-019994,114052.81,5
CUST-019995,111560.5,31
CUST-019996,8039.88,16
CUST-019997,87754.64,0
CUST-019998,16885.91,53
CUST-020000,147897.44,64
CUST-020002,2574.41,29
CUST-020003,4148.17,4
CUST-020004,53345.41,76
CUST-020005,77959.84,45
CUST-020006,53289.47,16
CUST-020007,85341.54,45
CUST-020008,38109.76,15
CUST-020009,167357.52,49
CUST-020010,7475.44,49
CUST-020011,21456.56,36
CUST-020012,19352.49,0
CUST-020013,2953.23,12
CUST-020014,29888.19,1
CUST-020015,224746.22,9
CUST-020017,43732.67,48
CUST-020018,81380.51,49
CUST-020020,138279.97,41
CUST-020021,45797.38,48
CUST-020022,47832.1,28
CUST-020023,26929.26,49
CUST-020024,121097.36,16
CUST-020025,71544.61,21
CUST-020026,62939.63,0
CUST-020027,57573.67,43
CUST-020029,26342.75,89
CUST-020030,29890.75,37
CUST-020031,207525.95,9
CUST-020032,844.78,15
CUST-020033,9717.11,55
CUST-020036,57641.84,19
CUST-020037,131142.28,0
CUST-020038,2113.17,0
CUST-020039,3298.52,16
CUST-020040,16020.52,41
CUST-020041,91176.9,22
CUST-020042,54879.64,8
CUST-020043,34541.61,11
CUST-020044,70165.63,25
CUST-020045,12038.9,32
CUST-020046,48319.27,28
CUST-020048,73960.66,32
CUST-020050,3319.28,20
CUST-020052,4108.35,33
CUST-020053,9645.62,15
CUST-020054,225166.51,6
CUST-020055,4814.01,22
CUST-020056,61072.95,17
CUST-020057,20860.45,2
CUST-020059,94272.18,7
CUST-020060,71237.48,2
CUST-020062,4112.29,41
CUST-020065,11639.94,55
CUST-020067,30932.65,10
CUST-020068,130327.05,34
CUST-020069,13912.24,47
CUST-020070,44589.78,57
CUST-020071,53361.29,36
CUST-020072,41391.64,58
CUST-020073,110533.13,63
CUST-020075,157988.01,21
CUST-020076,29848.75,47
CUST-020078,65287.0,38
CUST-020080,11759.07,36
CUST-020081,41940.5,42
CUST-020082,46704.95,39
CUST-020085,184525.93,32
CUST-020086,112479.84,40
CUST-020087,240127.42,24
CUST-020088,48500.45,9
CUST-020093,17141.82,8
CUST-020094,17592.3,13
CUST-020095,22256.83,25
CUST-020096,104881.82,49
CUST-020097,72135.22,55
CUST-020098,1422.29,66
CUST-020099,78742.0,17
CUST-020100,188797.57,18
CUST-020101,29503.54,15
CUST-020102,1226.38,25
CUST-020103,174795.16,0
CUST-020104,35598.4,50
CUST-020105,97464.17,6
CUST-020106,6871.72,57
CUST-020107,7488.96,8
CUST-020108,89533.57,78
CUST-020109,145380.52,35
CUST-020111,14557.57,0
CUST-020112,9206.8,11
CUST-020113,123677.3,0
CUST-020114,4506.54,27
CUST-020115,3689.0,0
CUST-020116,67262.25,60
CUST-020117,325.33,39
CUST-020118,32554.22,15
CUST-020119,74672.42,0
CUST-020120,3554.15,35
CUST-020121,53125.98,11
CUST-020122,219943.98,0
CUST-020123,111839.55,15
CUST-020124,7432.6,0
CUST-020126,104504.58,51
CUST-020127,56992.28,74
CUST-020128,146293.93,56
CUST-020129,214641.47,1
CUST-020130,13239.82,48
CUST-020131,3343.22,50
CUST-020132,10638.53,24
CUST-020133,8868.17,0
CUST-020134,39691.36,7
CUST-020137,40103.06,24
CUST-020139,67357.66,45
CUST-020140,131231.21,21
CUST-020141,68594.55,27
CUST-020142,138101.27,1
CUST-020143,70056.9,30
CUST-020144,70180.91,23
CUST-020145,86406.71,57
CUST-020148,850.47,41
CUST-020149,56789.9,34
CUST-020150,45218.18,38
CUST-020151,155321.14,10
CUST-020152,42981.48,4
CUST-020153,51125.0,22
CUST-020154,10334.77,27
CUST-020155,4058.34,20
CUST-020157,696.69,41
CUST-020158,47150.34,49
CUST-020159,32620.32,6
CUST-020160,10680.65,73
CUST-020161,27750.57,30
CUST-020162,12016.88,0
CUST-020163,55460.34,15
CUST-020164,146558.73,0
CUST-020166,8662.04,57
CUST-020167,22896.01,47
CUST-020168,176574.21,8
CUST-020169,5455.98,45
CUST-020170,1866.93,4
CUST-020171,3471.81,38
CUST-020172,16183.72,22
CUST-020173,52779.56,0
CUST-020174,86264.0,31
CUST-020175,7303.81,32
CUST-020176,39706.16,36
CUST-020177,77495.87,13
CUST-020178,6189.94,19
CUST-020179,102637.12,70
CUST-020180,10348.54,10
CUST-020181,30235.19,42
CUST-020182,25352.4,40
CUST-020184,254272.9,34
CUST-020188,60269.56,32
CUST-020189,47057.78,54
CUST-020192,96644.16,16
CUST-020194,144379.23,21
CUST-020195,22694.91,0
CUST-020196,13200.83,39
CUST-020197,58995.41,23
CUST-020198,148852.99,44
CUST-020199,41030.38,39
CUST-020200,6303.67,32
CUST-020201,28346.92,4
CUST-020203,98398.53,32
CUST-020204,4096.78,35
CUST-020206,21437.8,31
CUST-020209,53305.86,23
CUST-020210,47674.5,2
CUST-020213,144610.02,45
CUST-020214,155031.62,9
CUST-020216,104694.33,4
CUST-020219,128294.16,23
CUST-020220,4701.89,5
CUST-020221,54176.39,21
CUST-020222,449.13,61
CUST-020224,16803.92,25
CUST-020225,46861.24,5
CUST-020226,18033.43,0
CUST-020227,88035.0,0
CUST-020229,27145.72,20
CUST-020230,434.66,15
CUST-020231,30965.87,15
CUST-020233,118338.64,19
CUST-020234,6258.36,31
CUST-020235,13334.86,15
CUST-020236,30415.19,1
CUST-020237,7343.2,39
CUST-020238,12539.91,69
CUST-020239,182059.61,6
CUST-020240,98120.47,31
CUST-020241,41398.62,0
CUST-020243,60908.38,11
CUST-020244,1004.25,9
CUST-020245,68636.26,36
CUST-020246,76031.12,32
CUST-020247,12018.38,37
CUST-020248,6832.22,19
CUST-020249,123561.99,35
CUST-020250,53194.03,0
CUST-020251,41998.91,20
CUST-020254,8629.38,40
CUST-020255,71146.12,59
CUST-020257,161349.06,16
CUST-020258,470.23,24
CUST-020259,29946.57,0
CUST-020260,45697.84,48
CUST-020261,19774.21,30
CUST-020262,16848.32,46
CUST-020264,210915.12,31
CUST-020265,144242.06,47
CUST-020267,39922.48,17
CUST-020268,99119.15,0
CUST-020270,109416.63,50
CUST-020271,91584.44,74
CUST-020272,102204.28,8
CUST-020274,46144.07,16
CUST-020275,12723.98,0
CUST-020276,133667.23,23
CUST-020277,67514.15,30
CUST-020279,47128.3,12
CUST-020281,72968.8,2
CUST-020282,130132.04,32
CUST-020283,62573.69,2
CUST-020284,10321.35,9
CUST-020285,61953.09,0
CUST-020287,32410.88,34
CUST-020288,199487.89,63
CUST-020289,19248.27,5
CUST-020290,17746.34,32
CUST-020292,1433.77,36
CUST-020294,13343.49,79
CUST-020296,68182.17,1
CUST-020298,212608.63,0
CUST-020299,31395.65,0
CUST-020300,38352.52,6
CUST-020301,164776.05,3
CUST-020302,171751.42,30
CUST-020303,23860.24,15
CUST-020304,114034.4,62
CUST-020307,89734.67,33
CUST-020308,8962.41,37
CUST-020309,1717.01,46
CUST-020310,230.57,78
CUST-020312,1918.84,31
CUST-020313,38339.81,0
CUST-020314,51853.82,49
CUST-020315,23885.95,5
CUST-020316,24475.33,9
CUST-020317,82703.02,35
CUST-020318,78703.71,3
CUST-020319,32225.95,25
CUST-020320,264770.69,30
CUST-020321,10513.25,36
CUST-020324,77698.8,5
CUST-020325,95834.8,40
CUST-020326,34483.69,3
CUST-020328,154587.01,11
CUST-020329,11682.51,57
CUST-020330,174459.66,56
CUST-020332,133685.88,40
CUST-020333,10810.49,35
CUST-020334,125256.05,50
CUST-020335,139518.39,23
CUST-020336,107215.27,2
CUST-020337,111374.58,7
CUST-020338,22786.51,11
CUST-020339,35487.63,32
CUST-020342,56994.97,12
CUST-020344,43538.09,12
CUST-020345,6324.29,62
CUST-020348,59768.9,74
CUST-020351,96299.05,48
CUST-020352,80918.35,0
CUST-020354,44928.94,64
CUST-020355,6848.78,0
CUST-020356,26991.54,40
CUST-020357,225009.29,8
CUST-020358,1067.34,41
CUST-020359,37714.1,34
CUST-020360,70271.18,49
CUST-020361,28252.14,24
CUST-020363,727.19,25
CUST-020364,8374.94,39
CUST-020365,16971.37,4
CUST-020366,41717.18,20
CUST-020369,199733.88,13
CUST-020370,30621.14,53
CUST-020372,105287.19,9
CUST-020373,35501.19,36
CUST-020374,108780.55,47
CUST-020378,65339.79,0
CUST-020379,28071.2,10
CUST-020380,1534.16,25
CUST-020381,12239.51,34
CUST-020382,2775.49,20
CUST-020384,28442.11,1
CUST-020385,95105.66,4
CUST-020387,149938.49,30
CUST-020388,73275.0,37
CUST-020389,118162.5,23
CUST-020390,20274.9,56
CUST-020391,21112.58,18
CUST-020392,117412.93,20
CUST-020394,39264.94,18
CUST-020395,3554.75,57
CUST-020397,34460.91,9
CUST-020398,102841.68,7
CUST-020399,59258.16,12
CUST-020401,2405.57,16
CUST-020403,76159.09,17
CUST-020406,8415.91,25
CUST-020407,41875.13,19
CUST-020408,36960.53,15
CUST-020409,3867.21,36
CUST-020410,160769.14,24
CUST-020412,53579.92,36
CUST-020415,77721.97,4
CUST-020416,49871.43,22
CUST-020418,134826.21,22
CUST-020419,25872.07,8
CUST-020421,66452.08,0
CUST-020422,3646.51,59
CUST-020423,3745.36,43
CUST-020424,12514.52,8
CUST-020426,19109.21,14
CUST-020427,2784.51,19
CUST-020428,15250.42,47
CUST-020429,681.73,8
CUST-020430,9718.49,33
CUST-020431,27624.76,43
CUST-020432,83695.99,33
CUST-020433,5714.73,35
CUST-020434,19131.06,50
CUST-020435,131694.51,24
CUST-020436,73479.21,28
CUST-020438,82978.31,0
CUST-020439,42375.67,29
CUST-020440,11567.46,0
CUST-020441,44131.33,31
CUST-020442,28697.16,42
CUST-020443,35073.41,78
CUST-020445,48531.08,1
CUST-020446,100102.85,33
CUST-020447,80302.48,49
CUST-020448,97786.25,73
CUST-020449,57877.6,20
CUST-020450,60006.39,0
CUST-020452,30793.81,24
CUST-020453,40040.52,10
CUST-020455,30055.22,24
CUST-020456,40661.27,5
CUST-020457,10496.41,60
CUST-020459,107204.02,42
CUST-020460,56958.42,36
CUST-020461,48282.89,39
CUST-020462,91548.16,32
CUST-020463,9377.9,0
CUST-020464,113346.26,0
CUST-020465,4201.97,57
CUST-020467,19544.06,14
CUST-020468,22249.68,6
CUST-020470,45277.87,30
CUST-020471,61422.33,45
CUST-020472,30585.6,11
CUST-020473,6878.73,24
CUST-020474,100003.19,0
CUST-020475,110637.0,47
CUST-020477,68761.97,64
CUST-020478,110201.97,43
CUST-020479,20408.91,18
CUST-020480,119447.69,25
CUST-020481,78446.85,40
CUST-020482,3308.79,29
CUST-020483,5190.93,0
CUST-020485,25587.28,22
CUST-020486,7239.39,31
CUST-020488,113853.26,37
CUST-020489,9294.61,24
CUST-020491,54780.88,67
CUST-020492,107139.13,30
CUST-020493,23798.88,33
CUST-020494,53226.07,25
CUST-020495,1389.15,48
CUST-020498,30988.16,30
CUST-020499,9651.11,69
CUST-020502,68742.04,31
CUST-020503,10447.74,51
CUST-020504,132014.68,49
CUST-020505,158305.56,46
CUST-020506,98673.38,73
CUST-020509,12206.75,9
CUST-020510,3180.61,9
CUST-020512,12563.53,44
CUST-020514,36054.89,26
CUST-020515,13151.95,34
CUST-020516,1369.84,24
CUST-020517,2964.28,37
CUST-020518,62242.25,54
CUST-020520,57545.45,46
CUST-020521,101350.55,22
CUST-020522,38519.75,10
CUST-020523,183821.22,31
CUST-020524,104282.65,40
CUST-020525,32422.7,32
CUST-020527,2386.09,38
CUST-020528,29701.21,17
CUST-020529,125372.45,34
CUST-020530,60317.86,54
CUST-020531,138532.78,22
CUST-020532,14243.33,22
CUST-020534,108746.48,9
CUST-020535,70925.66,73
CUST-020536,9720.49,21
CUST-020537,6165.05,3
CUST-020539,244053.63,25
CUST-020540,214232.53,74
CUST-020541,59228.02,27
CUST-020542,121946.77,3
CUST-020543,149410.04,35
CUST-020544,44555.06,37
CUST-020546,58664.53,22
CUST-020548,80886.55,3
CUST-020549,10074.09,11
CUST-020551,103203.34,57
CUST-020552,188207.88,4
CUST-020553,163356.35,16
CUST-020554,67008.84,23
CUST-020555,57803.55,15
CUST-020556,43246.74,9
CUST-020557,7932.51,14
CUST-020558,17233.47,52
CUST-020560,11516.11,0
CUST-020562,23680.29,54
CUST-020564,156213.83,47
CUST-020567,4106.31,60
CUST-020568,19728.63,15
CUST-020570,708.19,46
CUST-020572,16764.74,35
CUST-020573,44348.05,25
CUST-020574,108316.87,5
CUST-020576,25227.83,41
CUST-020577,11862.33,33
CUST-020578,3351.2,34
CUST-020579,108421.59,9
CUST-020580,5646.41,19
CUST-020581,68329.01,48
CUST-020582,4476.96,5
CUST-020584,118388.33,17
CUST-020585,91672.16,35
CUST-020588,48671.72,34
CUST-020589,49870.04,69
CUST-020590,125054.89,21
CUST-020591,400.74,1
CUST-020592,200547.65,24
CUST-020593,183406.8,22
CUST-020594,47187.24,9
CUST-020595,24772.12,0
CUST-020596,12090.8,22
CUST-020597,150489.77,53
CUST-020598,2487.03,21
CUST-020599,76016.62,22
CUST-020600,68163.85,63
CUST-020601,56594.89,66
CUST-020602,95453.61,0
CUST-020603,108633.84,8
CUST-020604,8047.97,38
CUST-020605,146930.89,58
CUST-020606,27791.88,28
CUST-020607,182750.74,9
CUST-020608,7527.02,9
CUST-020609,68709.52,34
CUST-020610,8316.15,5
CUST-020611,26512.13,75
CUST-020612,12214.04,44
CUST-020613,5281.63,24
CUST-020615,150063.21,0
CUST-020616,36477.36,5
CUST-020618,13780.07,23
CUST-020619,7683.46,50
CUST-020620,151743.17,35
CUST-020621,21188.86,20
CUST-020622,14254.38,31
CUST-020623,10921.82,7
CUST-020624,37445.48,35
CUST-020625,121553.61,47
CUST-020626,105635.87,23
CUST-020628,23628.46,0
CUST-020630,94704.72,3
CUST-020632,4467.04,58
CUST-020633,1025.62,82
CUST-020636,46793.13,37
CUST-020637,6401.13,23
CUST-020638,8423.52,31
CUST-020640,67302.58,50
CUST-020641,17793.42,39
CUST-020642,15432.03,30
CUST-020643,23624.8,0
CUST-020644,11233.97,0
CUST-020645,24087.49,65
CUST-020646,21079.15,37
CUST-020647,36286.2,19
CUST-020648,162820.26,27
CUST-020649,100268.8,18
CUST-020650,76454.07,10
CUST-020652,4169.52,33
CUST-020653,87957.17,74
CUST-020654,53574.78,30
CUST-020655,27022.09,24
CUST-020656,44646.39,30
CUST-020657,3174.53,30
CUST-020659,2553.64,29
CUST-020660,28359.73,34
CUST-020661,25160.91,31
CUST-020662,1212.01,8
CUST-020663,82665.63,16
CUST-020665,50080.34,31
CUST-020667,15463.1,37
CUST-020668,84777.12,15
CUST-020669,982.01,18
CUST-020670,76547.06,0
CUST-020671,4405.54,13
CUST-020672,56987.96,21
CUST-020673,66998.17,21
CUST-020674,1088.52,20
CUST-020675,64350.08,0
CUST-020676,82538.99,27
CUST-020677,69487.28,30
CUST-020678,50639.74,10
CUST-020679,130590.17,8
CUST-020680,46840.76,37
CUST-020681,158038.23,34
CUST-020682,28975.28,37
CUST-020683,33002.19,47
CUST-020684,90285.72,7
CUST-020685,167416.39,0
CUST-020688,132206.44,40
CUST-020690,3331.62,18
CUST-020691,116510.43,24
CUST-020693,134827.46,47
CUST-020695,103985.9,10
CUST-020696,7037.18,7
CUST-020698,24672.62,10
CUST-020699,209544.89,56
CUST-020700,15882.42,22
CUST-020701,76481.28,55
CUST-020703,26209.13,15
CUST-020704,121318.23,0
CUST-020705,1796.68,15
CUST-020707,21038.44,42
CUST-020708,460.01,66
CUST-020709,75917.18,0
CUST-020710,8863.33,31
CUST-020711,35185.5,24
CUST-020712,22736.91,32
CUST-020715,12211.48,34
CUST-020717,147087.45,35
CUST-020720,23348.15,32
CUST-020721,1589.94,0
CUST-020722,23596.55,5
CUST-020723,118870.52,8
CUST-020724,8797.77,35
CUST-020725,69018.56,23
CUST-020726,104851.0,32
CUST-020727,53200.97,8
CUST-020730,1632.63,29
CUST-020731,76679.63,17
CUST-020732,97469.62,24
CUST-020733,103126.49,9
CUST-020734,68185.29,15
CUST-020735,7564.92,20
CUST-020736,106811.77,33
CUST-020739,36073.33,47
CUST-020740,89011.82,10
CUST-020741,104760.2,42
CUST-020742,132089.04,27
CUST-020743,14246.27,22
CUST-020744,47732.01,41
CUST-020745,109993.36,27
CUST-020746,98204.43,17
CUST-020747,47972.12,42
CUST-020748,19324.13,15
CUST-020749,35826.8,0
CUST-020750,75830.78,0
CUST-020751,14979.19,25
CUST-020752,106698.98,49
CUST-020753,7815.87,63
CUST-020754,8254.17,0
CUST-020755,34029.63,35
CUST-020757,16500.05,40
CUST-020759,39111.0,12
CUST-020760,17536.39,0
CUST-020761,6302.74,31
CUST-020762,73552.18,5
CUST-020763,14886.7,34
CUST-020764,41376.23,0
CUST-020765,152939.35,25
CUST-020766,43424.89,6
CUST-020767,28600.49,9
CUST-020768,28743.51,33
CUST-020770,28136.7,15
CUST-020771,71052.18,0
CUST-020773,8002.41,30
CUST-020774,64106.36,34
CUST-020775,76330.52,0
CUST-020777,77843.02,46
CUST-020778,12843.13,39
CUST-020779,91116.85,21
CUST-020780,30163.77,5
CUST-020781,5364.32,8
CUST-020782,3267.34,4
CUST-020783,2958.13,21
CUST-020784,10398.22,20
CUST-020785,42977.41,21
CUST-020786,988.05,22
CUST-020787,17399.61,7
CUST-020788,97282.62,44
CUST-020790,17904.97,49
CUST-020792,71794.15,2
CUST-020793,86689.9,8
CUST-020794,69061.98,73
CUST-020796,5068.75,56
CUST-020797,6784.2,0
CUST-020798,1400.45,67
CUST-020799,6395.64,23
CUST-020800,95565.29,34
CUST-020801,47635.64,9
CUST-020802,24818.95,39
CUST-020803,4420.3,0
CUST-020804,8119.65,4
CUST-020805,86678.26,36
CUST-020806,63971.19,8
CUST-020807,117682.71,27
CUST-020808,18073.38,9
CUST-020809,11068.27,0
CUST-020810,87083.97,13
CUST-020811,678.86,45
CUST-020812,4920.98,4
CUST-020813,67737.29,0
CUST-020815,261691.79,73
CUST-020817,16852.23,23
CUST-020818,1633.46,39
CUST-020820,16535.85,33
CUST-020821,10389.84,25
CUST-020822,130996.73,15
CUST-020824,150274.35,42
CUST-020827,33668.01,41
CUST-020828,43333.43,0
CUST-020829,2087.68,33
CUST-020830,233645.43,17
CUST-020831,46447.16,33
CUST-020836,23870.58,36
CUST-020837,4817.84,48
CUST-020838,14539.1,37
CUST-020839,98092.33,10
CUST-020840,88665.48,28
CUST-020842,56560.34,23
CUST-020843,5560.75,21
CUST-020844,50424.75,21
CUST-020845,45104.55,25
CUST-020846,40113.41,28
CUST-020847,67962.21,12
CUST-020849,864.33,35
CUST-020851,65901.54,53
CUST-020852,47385.62,69
CUST-020853,76927.54,47
CUST-020855,38734.02,85
CUST-020856,10726.7,21
CUST-020857,17298.56,38
CUST-020858,103310.33,19
CUST-020859,118403.52,45
CUST-020860,10403.68,73
CUST-020861,172035.96,0
CUST-020863,7296.66,39
CUST-020864,148018.01,10
CUST-020867,4423.25,9
CUST-020868,97448.49,30
CUST-020870,29130.31,62
CUST-020871,194773.72,57
CUST-020872,7364.99,19
CUST-020873,61352.9,4
CUST-020875,39003.2,0
CUST-020876,10028.42,10
CUST-020877,69492.11,0
CUST-020878,44834.25,51
CUST-020879,30665.78,31
CUST-020880,78961.29,15
CUST-020881,96725.48,5
CUST-020882,258003.92,20
CUST-020883,12860.76,10
CUST-020884,43703.89,44
CUST-020885,13994.36,28
CUST-020887,10057.27,31
CUST-020888,89028.07,10
CUST-020889,2751.16,0
CUST-020890,110124.06,24
CUST-020891,35664.09,76
CUST-020892,126471.06,16
CUST-020894,11496.54,0
CUST-020895,1476.65,29
CUST-020896,16203.84,34
CUST-020897,5377.07,40
CUST-020898,13461.1,62
CUST-020899,22514.77,26
CUST-020900,94267.12,18
CUST-020901,32151.19,63
CUST-020902,10815.58,2
CUST-020903,36685.21,17
CUST-020904,25185.6,5
CUST-020906,23549.14,34
CUST-020907,36149.49,10
CUST-020908,137997.28,71
CUST-020909,30261.47,23
CUST-020910,37053.06,18
CUST-020911,91712.61,15
CUST-020912,27318.45,35
CUST-020915,4634.16,25
CUST-020916,1974.52,16
CUST-020918,9660.4,34
CUST-020919,66196.62,18
CUST-020920,98096.39,23
CUST-020921,40961.57,35
CUST-020922,6604.32,0
CUST-020923,185844.92,30
CUST-020924,13578.24,52
CUST-020925,129057.69,66
CUST-020926,170939.95,26
CUST-020927,121327.22,5
CUST-020928,159484.39,0
CUST-020929,1969.81,24
CUST-020930,128784.72,26
CUST-020933,5194.93,5
CUST-020935,155128.97,31
CUST-020936,34874.38,52
CUST-020937,705.07,46
CUST-020939,30065.01,13
CUST-020940,6275.53,10
CUST-020941,71768.25,14
CUST-020942,5304.52,31
CUST-020943,20562.21,47
CUST-020944,38902.96,24
CUST-020947,123069.07,47
CUST-020948,10204.49,27
CUST-020949,74192.06,59
CUST-020951,29043.11,11
CUST-020952,65784.05,15
CUST-020953,35469.97,45
CUST-020954,169795.48,2
CUST-020955,14064.52,6
CUST-020956,57492.16,0
CUST-020958,110124.54,31
CUST-020960,1502.59,62
CUST-020961,73801.14,45
CUST-020962,66933.14,20
CUST-020963,5267.38,29
CUST-020964,151526.89,0
CUST-020967,7107.46,22
CUST-020968,64343.53,67
CUST-020969,44088.44,7
CUST-020971,18349.15,35
CUST-020973,0.0,48
CUST-020975,54425.05,26
CUST-020976,34142.46,13
CUST-020977,110501.61,13
CUST-020978,14170.32,0
CUST-020979,3664.62,14
CUST-020980,117528.45,0
CUST-020981,11647.9,7
CUST-020982,65015.69,31
CUST-020983,109663.31,19
CUST-020984,13420.73,24
CUST-020985,124501.04,41
CUST-020986,9305.38,63
CUST-020988,49060.45,35
CUST-020989,72948.15,35
CUST-020990,20252.12,22
CUST-020991,107325.63,25
CUST-020992,56601.83,88
CUST-020994,115635.44,17
CUST-020995,2634.24,15
CUST-020996,36537.49,17
CUST-020998,77918.21,50
CUST-020999,70009.65,49
CUST-021001,787.26,0
CUST-021002,98445.88,31
CUST-021003,11337.23,40
CUST-021004,73839.84,47
CUST-021005,79339.37,40
CUST-021006,106158.22,28
CUST-021008,74906.33,20
CUST-021009,78147.78,68
CUST-021010,3717.16,44
CUST-021011,180574.01,8
CUST-021012,195522.45,29
CUST-021013,55059.08,8
CUST-021014,8790.64,0
CUST-021015,23463.61,36
CUST-021016,149500.89,17
CUST-021017,0.0,27
CUST-021018,196737.72,18
CUST-021019,14321.8,64
CUST-021020,29758.84,0
CUST-021021,24890.7,6
CUST-021022,13780.61,5
CUST-021023,42482.55,31
CUST-021026,11841.88,4
CUST-021027,119242.98,22
CUST-021028,153355.21,21
CUST-021030,228744.5,0
CUST-021031,15990.1,29
CUST-021032,71051.04,65
CUST-021033,36478.49,27
CUST-021034,28915.89,19
CUST-021035,118693.33,20
CUST-021036,328.82,32
CUST-021037,30341.75,42
CUST-021038,65724.09,15
CUST-021039,15057.49,19
CUST-021041,94554.82,29
CUST-021043,97650.38,44
CUST-021045,134339.75,62
CUST-021046,27610.88,18
CUST-021048,70561.27,10
CUST-021051,84223.67,48
CUST-021053,14392.3,33
CUST-021054,15489.83,39
CUST-021055,25097.28,41
CUST-021056,1066.45,0
CUST-021058,100705.97,55
CUST-021059,6270.63,10
CUST-021060,34719.12,26
CUST-021061,137826.59,36
CUST-021062,23279.69,29
CUST-021063,21440.5,60
CUST-021064,122496.98,0
CUST-021065,35476.22,1
CUST-021066,41317.0,0
CUST-021067,164087.94,42
CUST-021068,14865.46,5
CUST-021069,315.18,0
CUST-021072,2709.39,32
CUST-021075,137829.63,22
CUST-021076,4975.76,22
CUST-021077,12748.41,28
CUST-021078,54331.72,13
CUST-021079,59541.05,31
CUST-021080,84733.1,38
CUST-021081,52529.62,50
CUST-021084,10465.52,8
CUST-021085,64520.85,25
CUST-021086,10853.73,7
CUST-021087,12974.51,21
CUST-021088,233593.12,19
CUST-021089,124834.46,19
CUST-021090,104858.71,35
CUST-021091,5420.29,31
CUST-021092,46888.52,31
CUST-021094,33226.61,0
CUST-021095,950.7,5
CUST-021097,117554.15,21
CUST-021098,6635.2,16
CUST-021099,150660.97,57
CUST-021100,16700.76,10
CUST-021101,97043.75,8
CUST-021102,31614.06,22
CUST-021104,188423.72,47
CUST-021105,35490.32,16
CUST-021106,74503.11,0
CUST-021107,11275.46,83
CUST-021108,133611.76,0
CUST-021109,2904.81,5
CUST-021114,940.5,34
CUST-021116,52304.21,38
CUST-021117,141867.15,37
CUST-021118,25216.59,12
CUST-021119,13975.86,28
CUST-021120,19272.47,0
CUST-021121,37038.55,5
CUST-021122,74857.37,34
CUST-021126,76485.36,34
CUST-021129,2652.0,23
CUST-021130,4996.08,16
CUST-021133,48778.51,9
CUST-021134,23021.49,54
CUST-021135,3772.48,19
CUST-021136,37986.57,18
CUST-021137,6766.39,0
CUST-021138,8607.92,20
CUST-021139,66225.2,31
CUST-021140,40013.64,15
CUST-021141,0.0,52
CUST-021142,38902.27,11
CUST-021143,75686.22,35
CUST-021144,146040.88,46
CUST-021145,129954.65,0
CUST-021147,13477.38,39
CUST-021148,13794.89,4
CUST-021149,25346.28,0
CUST-021150,97265.5,0
CUST-021151,63362.18,30
CUST-021152,198.15,30
CUST-021153,128513.43,0
CUST-021154,22575.41,0
CUST-021157,164979.26,30
CUST-021158,12364.5,27
CUST-021159,11021.96,41
CUST-021160,115258.47,1
CUST-021162,13002.35,7
CUST-021163,63676.41,31
CUST-021165,55674.83,10
CUST-021166,10531.77,61
CUST-021167,209786.52,5
CUST-021169,50815.9,10
CUST-021170,43190.0,47
CUST-021171,31034.36,0
CUST-021172,105324.61,39
CUST-021173,56032.94,47
CUST-021174,15679.5,15
CUST-021175,47903.75,32
CUST-021176,180132.85,14
CUST-021178,35244.12,26
CUST-021179,2584.98,64
CUST-021180,51369.21,24
CUST-021181,10557.37,44
CUST-021182,45632.24,36
CUST-021183,97147.05,18
CUST-021184,9044.47,28
CUST-021185,29088.49,6
CUST-021186,7795.86,9
CUST-021187,28376.08,30
CUST-021189,80078.45,1
CUST-021190,19155.32,3
CUST-021192,3318.65,55
CUST-021193,77277.61,46
CUST-021196,76272.73,36
CUST-021197,55742.43,23
CUST-021198,7798.63,34
CUST-021199,46279.92,8
CUST-021200,14441.77,40
CUST-021201,79468.11,15
CUST-021202,56317.34,31
CUST-021203,32806.85,26
CUST-021204,38830.01,0
CUST-021205,97786.12,6
CUST-021206,34829.46,70
CUST-021207,42885.55,0
CUST-021208,74314.86,13
CUST-021209,51107.36,6
CUST-021210,53215.8,32
CUST-021214,119204.52,46
CUST-021215,19278.99,12
CUST-021216,24011.63,0
CUST-021217,7225.98,16
CUST-021218,3133.01,25
CUST-021219,211793.55,32
CUST-021220,123603.85,45
CUST-021221,81588.36,49
CUST-021223,13697.29,3
CUST-021224,17274.23,19
CUST-021225,116726.43,2
CUST-021226,22655.44,30
CUST-021227,35187.22,18
CUST-021231,124854.71,13
CUST-021232,128082.29,18
CUST-021234,95918.99,5
CUST-021235,85709.04,50
CUST-021237,19221.93,6
CUST-021238,19015.4,48
CUST-021241,37012.91,13
CUST-021243,76325.74,59
CUST-021244,95414.03,29
CUST-021246,10159.18,18
CUST-021247,37048.29,49
CUST-021249,3960.12,64
CUST-021250,43892.84,41
CUST-021251,70968.99,21
CUST-021252,39951.16,20
CUST-021253,3294.57,87
CUST-021254,3471.69,26
CUST-021255,14390.77,59
CUST-021257,196304.74,23
CUST-021259,17931.86,5
CUST-021260,98528.96,22
CUST-021261,1385.4,40
CUST-021262,32337.99,32
CUST-021263,81449.05,0
CUST-021264,92468.19,30
CUST-021265,8629.99,20
CUST-021266,2894.02,15
CUST-021267,40625.89,37
CUST-021268,27328.11,4
CUST-021269,75560.66,23
CUST-021270,57361.34,2
CUST-021271,225167.03,20
CUST-021272,10715.92,14
CUST-021273,47593.06,15
CUST-021274,41163.64,13
CUST-021275,79661.31,31
CUST-021277,15168.32,49
CUST-021278,20865.35,32
CUST-021279,85289.23,20
CUST-021281,84460.8,22
CUST-021282,68037.38,4
CUST-021283,68925.06,35
CUST-021284,170714.14,28
CUST-021286,95094.41,29
CUST-021288,17059.57,0
CUST-021289,36653.82,44
CUST-021290,46214.49,16
CUST-021291,59704.2,12
CUST-021292,123028.17,31
CUST-021293,72247.6,27
CUST-021294,81157.06,21
CUST-021295,73509.49,0
CUST-021296,13495.87,15
CUST-021298,79940.99,45
CUST-021299,9536.0,23
CUST-021301,34572.96,19
CUST-021302,55335.53,19
CUST-021303,4017.7,0
CUST-021304,46249.51,23
CUST-021305,1941.4,20
CUST-021306,97654.46,49
CUST-021307,13767.23,0
CUST-021308,148220.76,31
CUST-021310,58045.29,26
CUST-021311,190755.17,19
CUST-021312,27216.89,29
CUST-021313,91367.91,21
CUST-021314,108186.49,0
CUST-021315,78468.16,23
CUST-021317,1815.28,23
CUST-021319,14021.38,41
CUST-021320,37792.16,15
CUST-021321,33038.58,30
CUST-021322,108730.63,32
CUST-021323,266254.35,14
CUST-021324,50848.18,0
CUST-021325,72892.52,2
CUST-021326,34518.28,63
CUST-021327,0.0,20
CUST-021328,298.75,22
CUST-021330,75064.78,48
CUST-021331,96645.17,64
CUST-021332,19043.15,3
CUST-021336,89921.69,50
CUST-021337,29509.94,50
CUST-021338,64257.41,0
CUST-021339,82771.81,49
CUST-021341,108371.96,16
CUST-021342,13411.88,11
CUST-021343,139159.07,34
CUST-021344,155930.87,30
CUST-021345,20550.02,11
CUST-021347,3406.34,74
CUST-021348,16949.1,48
CUST-021349,152434.1,54
CUST-021352,56252.91,0
CUST-021353,120680.11,34
CUST-021354,30290.98,9
CUST-021355,1790.85,53
CUST-021356,85104.35,9
CUST-021358,3551.72,8
CUST-021360,2647.87,8
CUST-021361,84720.11,0
CUST-021362,114980.22,27
CUST-021364,161662.73,40
CUST-021365,8319.27,46
CUST-021367,13349.95,25
CUST-021368,107693.72,37
CUST-021369,13446.43,14
CUST-021371,27944.02,19
CUST-021372,205225.06,0
CUST-021373,4750.88,8
CUST-021374,32048.05,44
CUST-021376,16534.1,62
CUST-021377,11458.23,34
CUST-021379,118635.87,17
CUST-021380,129078.85,8
CUST-021381,98885.35,24
CUST-021382,1141.93,25
CUST-021383,11481.54,24
CUST-021384,78189.81,0
CUST-021385,42779.09,15
CUST-021386,28502.72,7
CUST-021387,41699.96,5
CUST-021388,99889.38,18
CUST-021389,73455.26,0
CUST-021390,1037.12,10
CUST-021391,57144.52,0
CUST-021393,103392.51,63
CUST-021395,56898.03,46
CUST-021396,29985.85,7
CUST-021397,79030.33,40
CUST-021399,85157.5,0
CUST-021401,40101.6,40
CUST-021405,49833.26,34
CUST-021406,10654.57,40
CUST-021407,171945.62,2
CUST-021408,34345.96,33
CUST-021409,6690.84,23
CUST-021410,44376.77,15
CUST-021411,6593.51,20
CUST-021412,0.0,51
CUST-021414,5474.45,22
CUST-021415,60117.3,22
CUST-021416,67310.0,47
CUST-021417,28740.94,69
CUST-021418,12360.07,19
CUST-021419,27502.11,30
CUST-021423,6289.65,8
CUST-021424,28059.67,8
CUST-021425,175089.51,13
CUST-021426,794.73,56
CUST-021427,59246.25,12
CUST-021428,15769.63,0
CUST-021429,95572.51,35
CUST-021430,212841.38,7
CUST-021433,52088.52,27
CUST-021434,127646.19,6
CUST-021435,12838.11,30
CUST-021436,117360.02,34
CUST-021438,162.99,63
CUST-021439,5938.94,31
CUST-021441,48453.1,41
CUST-021442,8686.32,18
CUST-021443,121687.49,0
CUST-021444,8782.08,33
CUST-021447,40732.59,8
CUST-021448,158809.65,25
CUST-021449,75636.86,7
CUST-021451,78817.71,0
CUST-021452,98317.52,48
CUST-021453,102126.01,35
CUST-021454,26984.01,31
CUST-021455,3346.02,8
CUST-021456,158092.62,23
CUST-021459,29002.27,63
CUST-021460,71352.83,57
CUST-021461,38774.65,30
CUST-021463,127450.36,20
CUST-021464,15602.91,33
CUST-021465,16780.41,11
CUST-021466,51854.77,60
CUST-021467,14558.1,32
CUST-021468,478.95,65
CUST-021469,43516.53,9
CUST-021470,5464.09,47
CUST-021471,11138.62,54
CUST-021472,36709.18,3
CUST-021473,164624.44,20
CUST-021474,20725.19,0
CUST-021475,107702.8,0
CUST-021476,31080.32,46
CUST-021477,10357.19,0
CUST-021478,11919.29,10
CUST-021480,69206.9,47
CUST-021481,24011.36,34
CUST-021482,53036.38,10
CUST-021483,65490.88,44
CUST-021484,44806.64,45
CUST-021485,77046.86,34
CUST-021486,2093.32,48
CUST-021487,33851.75,24
CUST-021488,37529.86,0
CUST-021491,155394.71,5
CUST-021492,113549.34,15
CUST-021494,108580.72,13
CUST-021495,60038.1,21
CUST-021498,64049.96,48
CUST-021499,91979.19,48
CUST-021500,62284.05,8
CUST-021501,14255.83,33
CUST-021502,70266.23,63
CUST-021503,47265.93,51
CUST-021505,12253.88,41
CUST-021506,77747.63,0
CUST-021507,118669.23,26
CUST-021508,212884.19,6
CUST-021509,40894.91,38
CUST-021510,90595.65,35
CUST-021511,6067.29,38
CUST-021512,70261.59,39
CUST-021514,202504.32,48
CUST-021515,12663.86,7
CUST-021516,131245.66,23
CUST-021517,29413.53,23
CUST-021518,73759.74,50
CUST-021519,179164.34,23
CUST-021520,148298.9,21
CUST-021521,27926.42,0
CUST-021522,145620.73,32
CUST-021524,7407.77,22
CUST-021525,8103.0,44
CUST-021526,27308.08,31
CUST-021527,138569.5,5
CUST-021528,98914.23,43
CUST-021529,26920.08,9
CUST-021530,54274.82,0
CUST-021531,56061.73,8
CUST-021533,4863.1,32
CUST-021534,57759.79,54
CUST-021535,49158.31,32
CUST-021537,52333.31,3
CUST-021538,52605.23,24
CUST-021540,47768.43,46
CUST-021541,128183.2,48
CUST-021542,34460.3,0
CUST-021543,12252.8,13
CUST-021544,15601.82,43
CUST-021546,14268.87,47
CUST-021549,149037.54,45
CUST-021551,124349.05,15
CUST-021552,28121.74,5
CUST-021553,43327.21,67
CUST-021554,18475.3,21
CUST-021555,30247.69,24
CUST-021556,141291.09,7
CUST-021557,29531.89,23
CUST-021558,45095.45,13
CUST-021560,16643.55,42
CUST-021561,53773.3,40
CUST-021562,24296.24,30
CUST-021564,62313.15,0
CUST-021566,27009.74,7
CUST-021567,52497.96,22
CUST-021568,13910.29,63
CUST-021569,7499.74,55
CUST-021570,18157.84,54
CUST-021571,106964.33,48
CUST-021572,115403.48,24
CUST-021573,20310.51,61
CUST-021574,119893.72,26
CUST-021575,9056.09,62
CUST-021576,6518.88,49
CUST-021577,7709.56,4
CUST-021578,35678.83,45
CUST-021579,12418.01,30
CUST-021580,4123.83,41
CUST-021581,143464.44,0
CUST-021582,25330.44,42
CUST-021583,233189.65,16
CUST-021585,40808.94,13
CUST-021586,1112.22,68
CUST-021587,29597.13,15
CUST-021588,19141.21,0
CUST-021590,38002.6,17
CUST-021592,45076.29,25
CUST-021593,3181.21,44
CUST-021594,58768.75,18
CUST-021595,14479.35,0
CUST-021596,42951.27,27
CUST-021597,22563.18,18
CUST-021598,7114.32,14
CUST-021599,14264.33,27
CUST-021600,14289.39,9
CUST-021602,71430.06,10
CUST-021603,8204.56,25
CUST-021604,32686.88,17
CUST-021605,1670.33,31
CUST-021606,14396.52,10
CUST-021607,18777.99,21
CUST-021608,99458.93,0
CUST-021609,24647.07,35
CUST-021611,30525.61,17
CUST-021613,27574.38,36
CUST-021615,65190.64,0
CUST-021616,39981.48,27
CUST-021618,109189.6,2
CUST-021619,0.0,55
CUST-021620,93865.27,43
CUST-021621,124270.15,9
CUST-021622,26392.39,25
CUST-021624,92888.62,0
CUST-021625,32609.29,30
CUST-021626,8749.44,15
CUST-021627,3037.95,16
CUST-021628,23260.48,1
CUST-021630,57254.69,6
CUST-021631,19080.36,60
CUST-021632,13071.46,8
CUST-021633,49127.29,0
CUST-021634,22900.84,21
CUST-021636,16787.4,38
CUST-021637,0.0,32
CUST-021638,58985.67,27
CUST-021639,7410.85,30
CUST-021640,26750.92,41
CUST-021642,96996.06,38
CUST-021643,21892.44,12
CUST-021644,74556.2,23
CUST-021645,28051.9,30
CUST-021646,45923.97,43
CUST-021647,58278.72,38
CUST-021648,86270.22,40
CUST-021649,4591.89,27
CUST-021650,79466.97,30
CUST-021651,1563.82,43
CUST-021652,63790.85,16
CUST-021653,88435.54,41
CUST-021654,10735.54,35
CUST-021655,102358.64,6
CUST-021656,47952.89,23
CUST-021658,48579.02,35
CUST-021659,65721.76,61
CUST-021660,34876.56,54
CUST-021661,122431.59,17
CUST-021662,26361.06,55
CUST-021663,14761.24,20
CUST-021664,14678.67,17
CUST-021665,42044.04,0
CUST-021666,6568.42,28
CUST-021668,10483.42,19
CUST-021669,20025.09,0
CUST-021671,10484.4,32
CUST-021673,106321.56,34
CUST-021674,94621.37,40
CUST-021676,61267.74,46
CUST-021677,608.71,29
CUST-021678,88196.85,20
CUST-021679,78635.42,7
CUST-021683,18622.57,23
CUST-021684,70077.04,0
CUST-021685,143546.19,0
CUST-021686,6158.97,49
CUST-021687,12441.26,0
CUST-021688,99251.94,17
CUST-021690,92467.72,8
CUST-021692,122522.07,56
CUST-021693,114704.45,0
CUST-021694,24950.12,26
CUST-021695,47565.84,40
CUST-021696,52092.84,19
CUST-021697,47422.33,22
CUST-021698,3617.78,43
CUST-021699,252751.51,5
CUST-021700,91252.92,33
CUST-021701,50573.25,46
CUST-021702,8866.77,32
CUST-021703,91766.62,10
CUST-021704,5672.58,62
CUST-021705,10823.5,36
CUST-021706,23414.19,47
CUST-021707,1049.48,28
CUST-021708,37330.42,1
CUST-021709,55181.15,3
CUST-021710,22770.08,16
CUST-021711,124105.25,5
CUST-021712,20929.45,34
CUST-021714,173696.66,1
CUST-021716,48238.18,28
CUST-021717,9269.88,17
CUST-021718,64171.38,50
CUST-021719,16142.73,30
CUST-021720,148322.0,24
CUST-021722,178963.14,16
CUST-021723,24972.43,33
CUST-021726,24288.13,51
CUST-021727,63371.8,36
CUST-021728,131276.89,40
CUST-021730,34203.72,8
CUST-021731,181459.1,24
CUST-021732,164351.06,25
CUST-021733,4182.41,23
CUST-021734,21224.25,13
CUST-021735,152603.62,43
CUST-021737,102369.01,19
CUST-021738,66084.33,21
CUST-021739,0.0,44
CUST-021741,47164.98,40
CUST-021742,72381.74,18
CUST-021743,27030.44,0
CUST-021744,13668.38,28
CUST-021745,159745.15,3
CUST-021748,12096.89,40
CUST-021750,20138.7,30
CUST-021752,194683.59,34
CUST-021754,17816.43,64
CUST-021755,102008.43,3
CUST-021756,151409.31,45
CUST-021757,472.11,48
CUST-021758,47718.35,40
CUST-021760,73845.91,41
CUST-021761,12287.97,87
CUST-021763,54399.22,11
CUST-021764,100235.31,0
CUST-021765,1004.29,43
CUST-021766,56156.53,14
CUST-021768,27356.34,43
CUST-021769,99407.86,29
CUST-021770,9877.2,0
CUST-021771,54483.54,58
CUST-021772,33869.63,49
CUST-021774,3480.47,49
CUST-021775,11001.69,2
CUST-021777,40906.76,20
CUST-021778,230052.71,27
CUST-021779,56180.44,31
CUST-021781,35468.88,8
CUST-021782,56537.63,6
CUST-021783,109344.87,14
CUST-021784,93195.89,37
CUST-021785,77780.18,22
CUST-021786,16370.56,7
CUST-021787,43395.24,6
CUST-021788,24822.33,15
CUST-021789,13017.27,10
CUST-021790,3141.71,54
CUST-021791,41878.0,59
CUST-021792,38702.05,18
CUST-021793,16703.01,2
CUST-021794,88966.42,14
CUST-021795,30215.55,50
CUST-021796,14234.11,9
CUST-021797,15366.71,26
CUST-021798,13993.73,5
CUST-021799,120939.42,7
CUST-021801,44380.77,6
CUST-021802,13350.3,20
CUST-021804,122513.53,17
CUST-021805,11673.72,55
CUST-021806,47469.72,47
CUST-021807,17751.94,40
CUST-021808,30517.91,42
CUST-021809,52884.81,11
CUST-021810,59722.61,40
CUST-021811,0.0,36
CUST-021812,5871.29,14
CUST-021813,79433.87,15
CUST-021814,32012.5,50
CUST-021815,52362.5,63
CUST-021816,47444.12,40
CUST-021817,205807.47,33
CUST-021818,16539.06,6
CUST-021819,21812.48,22
CUST-021820,21551.6,43
CUST-021821,6385.65,0
CUST-021822,5055.28,24
CUST-021823,19528.56,0
CUST-021824,62141.96,30
CUST-021826,14143.35,24
CUST-021827,0.0,23
CUST-021828,22106.2,46
CUST-021829,10643.16,23
CUST-021830,98883.98,28
CUST-021831,26955.16,52
CUST-021832,179719.9,15
CUST-021833,47217.78,63
CUST-021834,70519.35,15
CUST-021835,45326.49,62
CUST-021837,0.0,44
CUST-021839,42095.02,42
CUST-021840,39861.84,0
CUST-021841,15094.48,41
CUST-021842,2879.84,19
CUST-021844,50778.72,32
CUST-021845,4688.1,2
CUST-021846,31997.43,16
CUST-021847,206885.02,9
CUST-021849,18686.23,23
CUST-021850,90577.98,41
CUST-021852,10215.34,38
CUST-021853,24311.68,35
CUST-021854,57698.03,18
CUST-021856,53705.21,34
CUST-021858,131036.62,0
CUST-021859,225097.81,23
CUST-021860,150094.48,30
CUST-021861,70693.09,8
CUST-021863,11877.07,11
CUST-021864,305.07,35
CUST-021865,64575.51,7
CUST-021866,3343.7,49
CUST-021867,127368.06,0
CUST-021868,118907.58,47
CUST-021869,59815.43,31
CUST-021870,33694.43,17
CUST-021871,32225.29,32
CUST-021873,47923.67,33
CUST-021874,70950.62,39
CUST-021875,15476.0,64
CUST-021876,38097.92,65
CUST-021877,33847.63,10
CUST-021878,83517.72,2
CUST-021879,35087.49,28
CUST-021881,1421.02,11
CUST-021882,40966.2,25
CUST-021883,55121.14,54
CUST-021884,103173.41,19
CUST-021885,78238.54,1
CUST-021886,14639.36,0
CUST-021887,19975.28,19
CUST-021888,261.21,8
CUST-021890,41973.14,18
CUST-021891,49398.09,45
CUST-021892,179794.17,48
CUST-021893,40881.88,10
CUST-021894,15517.28,17
CUST-021895,136780.56,35
CUST-021896,6800.81,32
CUST-021897,10161.11,22
CUST-021898,43318.17,45
CUST-021900,120966.88,71
CUST-021901,82477.53,22
CUST-021902,67132.28,33
CUST-021903,53058.59,45
CUST-021904,77086.65,17
CUST-021905,82585.56,22
CUST-021907,1826.39,6
CUST-021909,144855.88,29
CUST-021910,13562.36,33
CUST-021911,138170.99,0
CUST-021913,35837.23,4
CUST-021914,6474.75,0
CUST-021915,1163.38,54
CUST-021916,179741.63,50
CUST-021917,22980.67,21
CUST-021918,72779.95,10
CUST-021919,45513.6,6
CUST-021920,1831.46,22
CUST-021922,58961.14,31
CUST-021923,12443.83,15
CUST-021924,852.07,38
CUST-021925,7289.24,11
CUST-021926,153450.51,50
CUST-021927,129705.74,9
CUST-021928,738.24,37
CUST-021929,94256.2,31
CUST-021930,55038.49,0
CUST-021931,60379.66,27
CUST-021932,135330.59,0
CUST-021933,25565.21,16
CUST-021934,123251.56,0
CUST-021937,16014.53,16
CUST-021938,153459.85,23
CUST-021939,39310.8,25
CUST-021940,49732.58,0
CUST-021941,149550.44,52
CUST-021942,3859.42,20
CUST-021943,41822.32,18
CUST-021944,171192.71,29
CUST-021945,23910.59,30
CUST-021946,23458.76,20
CUST-021947,35099.77,0
CUST-021948,2645.72,45
CUST-021949,5173.64,3
CUST-021950,43155.62,48
CUST-021951,25815.16,21
CUST-021952,187101.52,15
CUST-021953,54800.09,45
CUST-021954,82930.8,23
CUST-021955,61378.96,46
CUST-021958,135938.15,0
CUST-021959,119878.97,65
CUST-021960,109144.71,23
CUST-021961,64245.72,45
CUST-021962,35601.77,8
CUST-021963,114188.97,42
CUST-021964,159283.08,15
CUST-021965,68187.1,42
CUST-021966,97295.47,34
CUST-021967,5584.05,54
CUST-021968,238457.37,64
CUST-021969,10997.47,27
CUST-021970,116068.46,22
CUST-021971,135303.88,22
CUST-021972,97110.52,8
CUST-021973,3062.93,66
CUST-021975,11388.55,35
CUST-021976,71105.25,31
CUST-021977,82191.27,20
CUST-021978,124169.26,20
CUST-021979,49856.67,11
CUST-021980,7354.1,20
CUST-021981,14124.39,26
CUST-021983,41930.53,26
CUST-021984,21233.6,45
CUST-021985,3519.67,48
CUST-021986,13066.22,8
CUST-021987,94463.4,36
CUST-021989,11115.32,49
CUST-021990,229299.1,0
CUST-021991,105309.17,16
CUST-021992,59888.25,24
CUST-021993,153743.3,16
CUST-021996,155990.8,33
CUST-021997,58074.26,9
CUST-021998,98451.27,12
CUST-021999,20684.74,11
CUST-022000,4701.53,40
CUST-022001,127761.71,30
CUST-022003,49157.34,0
CUST-022004,1229.59,29
CUST-022005,68265.1,0
CUST-022006,43200.84,22
CUST-022007,168719.19,0
CUST-022008,112432.3,26
CUST-022009,55454.49,55
CUST-022010,84168.22,0
CUST-022011,94911.39,8
CUST-022014,33146.43,3
CUST-022015,112263.78,63
CUST-022016,15187.28,13
CUST-022018,144779.03,37
CUST-022020,45859.6,12
CUST-022021,47656.87,33
CUST-022024,51077.2,22
CUST-022025,690.95,28
CUST-022026,41843.43,32
CUST-022027,91331.38,2
CUST-022028,10281.63,0
CUST-022029,133819.45,20
CUST-022031,16811.31,25
CUST-022032,22074.07,31
CUST-022033,31124.68,0
CUST-022036,220582.83,28
CUST-022037,11200.76,24
CUST-022038,22290.42,24
CUST-022041,15833.13,32
CUST-022042,200532.65,30
CUST-022043,100147.85,30
CUST-022044,68677.43,24
CUST-022045,7775.75,41
CUST-022046,14971.21,37
CUST-022047,43322.93,34
CUST-022051,7037.42,50
CUST-022053,188735.85,40
CUST-022054,157881.83,49
CUST-022055,114189.5,50
CUST-022056,8718.68,35
CUST-022057,53975.37,23
CUST-022058,82858.65,38
CUST-022059,87717.73,36
CUST-022060,47879.43,43
CUST-022061,75905.99,43
CUST-022062,35765.24,0
CUST-022064,90631.78,30
CUST-022065,14121.39,2
CUST-022066,2566.26,47
CUST-022067,4609.41,0
CUST-022068,26798.35,49
CUST-022069,47641.68,5
CUST-022070,33018.34,20
CUST-022071,63274.07,35
CUST-022073,198984.47,16
CUST-022074,152337.7,60
CUST-022075,221772.71,23
CUST-022076,66847.04,31
CUST-022077,46717.82,0
CUST-022081,2828.09,17
CUST-022082,79257.97,9
CUST-022083,66468.26,58
CUST-022084,192435.57,9
CUST-022085,198436.87,9
CUST-022087,2576.86,35
CUST-022088,41001.77,20
CUST-022089,29152.13,50
CUST-022090,7768.77,40
CUST-022092,52264.72,0
CUST-022093,45668.89,7
CUST-022094,46261.89,47
CUST-022095,27094.74,35
CUST-022096,50480.09,9
CUST-022097,29205.23,17
CUST-022098,14028.17,41
CUST-022099,5675.8,49
CUST-022100,888.15,100
CUST-022101,0.0,54
CUST-022102,223876.36,5
CUST-022103,55549.29,32
CUST-022104,71735.98,24
CUST-022105,12007.13,5
CUST-022107,10537.24,12
CUST-022108,14154.89,21
CUST-022109,27053.06,9
CUST-022111,19472.69,5
CUST-022113,92070.23,33
CUST-022114,28348.38,37
CUST-022116,9971.23,20
CUST-022117,124583.49,57
CUST-022118,3615.52,20
CUST-022119,108770.92,0
CUST-022120,58335.64,7
CUST-022121,51331.78,22
CUST-022122,41339.3,25
CUST-022123,118908.3,20
CUST-022124,13346.58,44
CUST-022125,136565.69,0
CUST-022127,72641.56,8
CUST-022128,10857.68,22
CUST-022129,19265.89,24
CUST-022130,55935.68,33
CUST-022131,14925.87,48
CUST-022132,109961.48,0
CUST-022134,502.89,45
CUST-022136,23941.5,39
CUST-022137,131254.6,48
CUST-022138,52330.86,25
CUST-022139,15856.03,33
CUST-022140,249830.51,30
CUST-022142,25891.38,15
CUST-022144,2827.99,42
CUST-022145,31312.35,8
CUST-022146,108443.51,31
CUST-022147,42772.6,7
CUST-022148,15863.08,20
CUST-022149,114225.35,20
CUST-022150,53165.89,9
CUST-022151,102655.42,12
CUST-022152,3777.65,7
CUST-022153,54089.52,39
CUST-022154,10827.43,6
CUST-022155,8225.49,0
CUST-022156,21358.32,19
CUST-022158,55574.69,27
CUST-022159,97256.38,35
CUST-022160,23578.19,13
CUST-022161,188135.01,30
CUST-022162,18015.97,0
CUST-022163,6493.15,35
CUST-022164,65858.61,45
CUST-022165,152867.66,55
CUST-022166,70234.11,0
CUST-022167,18603.83,31
CUST-022169,129701.77,0
CUST-022170,33449.76,10
CUST-022171,33088.99,16
CUST-022172,8015.15,3
CUST-022174,1767.44,17
CUST-022175,82828.79,54
CUST-022176,53187.09,34
CUST-022177,19928.62,0
CUST-022179,48184.44,6
CUST-022180,38964.96,57
CUST-022181,101341.16,44
CUST-022184,85499.19,0
CUST-022185,937.88,57
CUST-022186,44719.89,32
CUST-022187,9897.92,24
CUST-022188,116683.27,40
CUST-022190,66736.44,70
CUST-022191,56359.99,27
CUST-022192,41183.28,29
CUST-022193,82546.55,19
CUST-022194,3791.39,22
CUST-022195,4827.42,63
CUST-022196,11438.56,1
CUST-022197,20798.15,16
CUST-022198,10299.91,57
CUST-022200,80486.35,35
CUST-022201,167862.87,34
CUST-022203,4340.08,46
CUST-022204,117988.7,19
CUST-022205,19364.94,40
CUST-022206,113972.45,31
CUST-022207,13391.1,15
CUST-022208,12405.03,0
CUST-022209,41004.08,28
CUST-022210,71030.76,36
CUST-022211,38507.67,53
CUST-022212,85148.9,21
CUST-022213,85403.66,48
CUST-022215,14672.47,0
CUST-022217,19725.9,24
CUST-022218,15065.77,41
CUST-022219,30428.98,0
CUST-022220,41054.87,49
CUST-022221,25587.59,51
CUST-022222,52706.04,7
CUST-022223,45256.24,12
CUST-022224,8358.49,5
CUST-022227,102982.01,36
CUST-022229,90299.31,14
CUST-022231,119116.69,9
CUST-022232,127842.24,44
CUST-022233,158818.95,34
CUST-022234,41464.59,53
CUST-022235,68895.23,16
CUST-022236,34767.27,58
CUST-022237,178761.19,13
CUST-022240,28878.12,16
CUST-022241,71112.08,26
CUST-022242,6902.03,50
CUST-022243,104286.84,50
CUST-022245,35421.15,0
CUST-022246,53152.1,34
CUST-022247,100076.12,49
CUST-022248,31901.62,34
CUST-022249,121469.7,24
CUST-022251,170926.56,31
CUST-022252,97838.61,50
CUST-022253,5270.32,37
CUST-022254,85107.14,34
CUST-022255,74360.24,28
CUST-022256,126794.3,54
CUST-022258,21939.27,18
CUST-022259,74361.89,2
CUST-022260,78563.7,19
CUST-022261,52315.58,35
CUST-022262,4785.14,9
CUST-022263,88941.64,0
CUST-022264,54558.63,57
CUST-022267,164315.72,44
CUST-022268,1615.1,56
CUST-022269,13452.02,24
CUST-022271,28539.42,47
CUST-022272,74174.33,32
CUST-022273,74454.4,35
CUST-022274,27568.68,34
CUST-022275,2504.69,16
CUST-022276,51724.36,1
CUST-022277,20648.51,32
CUST-022278,126858.47,8
CUST-022279,2936.88,0
CUST-022281,145066.29,16
CUST-022283,44565.27,29
CUST-022285,93332.54,16
CUST-022286,24647.13,77
CUST-022287,837.31,17
CUST-022289,25469.15,11
CUST-022290,91443.11,0
CUST-022291,34780.77,25
CUST-022292,20563.68,7
CUST-022294,81310.96,13
CUST-022297,99443.39,22
CUST-022298,36940.71,32
CUST-022299,99588.07,36
CUST-022300,16071.77,37
CUST-022301,115997.65,43
CUST-022302,36226.47,37
CUST-022303,35074.11,61
CUST-022304,50673.29,39
CUST-022305,139469.27,30
CUST-022306,50919.86,11
CUST-022307,47626.57,0
CUST-022308,73522.69,44
CUST-022309,39534.46,11
CUST-022311,4782.71,25
CUST-022314,17436.25,15
CUST-022315,800.83,15
CUST-022316,75765.06,16
CUST-022317,34070.68,16
CUST-022319,45709.81,2
CUST-022321,76225.89,57
CUST-022323,103414.53,1
CUST-022324,157090.39,0
CUST-022325,124134.62,20
CUST-022326,143386.27,22
CUST-022327,132156.28,54
CUST-022328,2113.59,67
CUST-022332,85896.38,19
CUST-022334,24064.33,23
CUST-022335,86030.45,40
CUST-022336,7232.57,27
CUST-022337,124697.59,7
CUST-022338,62998.91,35
CUST-022340,182247.16,60
CUST-022341,21623.24,17
CUST-022343,84894.66,10
CUST-022344,25717.63,8
CUST-022345,30287.86,21
CUST-022346,8525.01,19
CUST-022348,5498.69,6
CUST-022350,76096.8,22
CUST-022351,19554.05,66
CUST-022352,167042.33,50
CUST-022353,31764.79,33
CUST-022354,34417.98,59
CUST-022355,128774.23,59
CUST-022356,55212.92,24
CUST-022357,72128.94,25
CUST-022358,24401.6,55
CUST-022360,35211.59,47
CUST-022361,109467.22,14
CUST-022362,30518.75,61
CUST-022363,93225.46,14
CUST-022364,52700.95,22
CUST-022365,54463.89,1
CUST-022366,26656.0,44
CUST-022367,142197.54,14
CUST-022369,590.81,59
CUST-022370,62221.72,6
CUST-022371,16484.23,42
CUST-022373,87343.41,31
CUST-022375,25869.26,46
CUST-022376,51478.15,5
CUST-022377,31429.17,38
CUST-022378,33142.26,20
CUST-022379,44859.85,0
CUST-022381,99769.11,43
CUST-022382,92304.91,45
CUST-022383,789.34,3
CUST-022384,10750.4,0
CUST-022385,96875.48,1
CUST-022386,117530.89,25
CUST-022387,31529.4,40
CUST-022388,35630.66,26
CUST-022389,120970.09,7
CUST-022391,70338.55,7
CUST-022392,4405.67,12
CUST-022393,9545.81,63
CUST-022395,124857.48,31
CUST-022398,16707.05,50
CUST-022399,463.5,26
CUST-022400,12448.75,0
CUST-022401,40243.27,30
CUST-022402,19829.38,31
CUST-022403,18818.33,6
CUST-022404,12156.56,27
CUST-022405,10160.4,49
CUST-022406,130061.51,11
CUST-022407,35970.59,7
CUST-022408,37928.84,73
CUST-022410,41832.9,0
CUST-022411,25443.9,64
CUST-022412,36316.23,57
CUST-022413,101420.02,37
CUST-022414,95627.8,2
CUST-022415,20769.15,35
CUST-022416,125978.6,31
CUST-022417,5200.98,15
CUST-022418,68402.92,0
CUST-022419,128467.45,19
CUST-022420,7472.26,33
CUST-022421,19090.51,9
CUST-022422,72767.45,61
CUST-022423,26076.76,7
CUST-022424,7420.41,2
CUST-022425,69612.75,58
CUST-022427,97963.09,30
CUST-022428,1353.55,76
CUST-022429,34293.62,49
CUST-022430,117527.54,6
CUST-022431,16247.22,37
CUST-022432,77797.36,0
CUST-022433,121403.35,15
CUST-022434,190885.92,20
CUST-022435,126869.65,20
CUST-022436,109052.64,32
CUST-022437,130216.48,54
CUST-022438,81359.09,5
CUST-022439,36165.66,0
CUST-022440,34112.95,73
CUST-022441,50056.27,20
CUST-022442,24329.97,20
CUST-022443,6140.42,33
CUST-022444,186429.06,13
CUST-022445,1946.39,22
CUST-022447,3776.72,19
CUST-022448,60696.55,22
CUST-022449,106866.74,82
CUST-022450,69289.8,33
CUST-022451,138536.0,36
CUST-022452,7165.25,48
CUST-022453,67156.47,48
CUST-022454,46570.76,32
CUST-022455,136557.83,56
CUST-022456,176774.81,36
CUST-022457,17708.5,11
CUST-022458,23347.72,50
CUST-022460,18820.27,0
CUST-022462,1533.99,27
CUST-022463,57674.66,7
CUST-022464,1478.24,0
CUST-022465,43898.76,12
CUST-022466,17201.9,32
CUST-022468,38770.5,16
CUST-022470,61627.32,40
CUST-022472,11889.86,41
CUST-022474,130713.74,8
CUST-022475,1218.84,11
CUST-022476,34130.04,38
CUST-022478,3009.51,0
CUST-022480,108737.81,40
CUST-022481,12326.64,44
CUST-022482,119089.57,21
CUST-022483,28861.67,33
CUST-022484,109175.32,15
CUST-022485,91424.06,20
CUST-022486,79992.14,14
CUST-022487,163673.99,40
CUST-022488,13215.15,18
CUST-022489,5977.76,38
CUST-022490,165967.72,20
CUST-022491,115753.83,75
CUST-022492,12129.07,0
CUST-022496,28085.97,34
CUST-022498,39851.81,31
CUST-022499,93613.09,49
CUST-022500,31385.72,21
CUST-022501,73268.05,28
CUST-022502,154899.93,21
CUST-022503,93876.94,23
CUST-022504,28501.94,2
CUST-022505,4662.12,72
CUST-022506,84323.4,24
CUST-022507,17008.67,75
CUST-022508,119219.36,26
CUST-022510,57310.26,25
CUST-022512,88698.25,46
CUST-022514,150505.36,4
CUST-022515,68192.65,34
CUST-022516,18776.98,7
CUST-022517,70751.09,0
CUST-022518,32927.96,15
CUST-022519,206.38,29
CUST-022520,1616.93,49
CUST-022521,3745.33,8
CUST-022522,31016.16,0
CUST-022524,37338.41,31
CUST-022525,97963.5,56
CUST-022526,64009.93,26
CUST-022527,8934.49,27
CUST-022528,102243.65,38
CUST-022529,74246.2,20
CUST-022532,163728.51,18
CUST-022535,13242.3,31
CUST-022536,65799.2,0
CUST-022537,24647.44,22
CUST-022538,1677.03,38
CUST-022539,11611.26,58
CUST-022540,12578.46,21
CUST-022541,24615.67,53
CUST-022542,10322.28,46
CUST-022543,50780.69,18
CUST-022544,45725.95,21
CUST-022545,68652.9,43
CUST-022546,60632.53,0
CUST-022547,102771.76,18
CUST-022548,19581.7,22
CUST-022549,188525.71,30
CUST-022550,53353.72,18
CUST-022552,148353.76,49
CUST-022553,128942.13,28
CUST-022554,29036.47,9
CUST-022555,11625.41,17
CUST-022556,7146.84,32
CUST-022557,27655.72,23
CUST-022559,109628.69,68
CUST-022560,22305.76,46
CUST-022561,14343.23,32
CUST-022562,80630.91,22
CUST-022563,23611.0,6
CUST-022564,58956.73,31
CUST-022565,22693.32,42
CUST-022566,41086.51,18
CUST-022567,188954.88,21
CUST-022569,3544.49,6
CUST-022570,38889.62,37
CUST-022571,39112.21,12
CUST-022572,5739.06,57
CUST-022574,6153.98,58
CUST-022575,1001.89,39
CUST-022576,96965.18,0
CUST-022577,34848.31,42
CUST-022578,3057.64,22
CUST-022579,78215.34,84
CUST-022580,70515.58,24
CUST-022581,37833.03,33
CUST-022583,1528.43,12
CUST-022584,35555.78,30
CUST-022585,94397.08,9
CUST-022586,2245.07,30
CUST-022587,11755.03,43
CUST-022588,26524.31,17
CUST-022589,3616.05,45
CUST-022591,8834.36,62
CUST-022592,8314.02,0
CUST-022593,67685.36,28
CUST-022594,19108.87,5
CUST-022595,84081.5,10
CUST-022596,100421.7,8
CUST-022597,31093.16,12
CUST-022598,25787.96,58
CUST-022599,3556.53,22
CUST-022600,14960.88,25
CUST-022601,30067.69,3
CUST-022602,61189.28,36
CUST-022603,721.91,41
CUST-022605,181707.2,57
CUST-022606,7666.65,0
CUST-022607,31688.58,11
CUST-022610,71470.2,20
CUST-022612,7657.0,17
CUST-022613,93276.76,12
CUST-022614,31566.53,59
CUST-022615,93472.16,48
CUST-022616,42938.84,29
CUST-022617,31830.03,37
CUST-022618,78354.02,55
CUST-022619,46610.32,1
CUST-022620,160565.81,64
CUST-022621,187202.61,41
CUST-022622,1254.58,33
CUST-022623,75800.66,24
CUST-022624,37630.72,0
CUST-022626,116786.85,31
CUST-022627,85833.74,31
CUST-022628,2648.62,33
CUST-022629,60728.89,48
CUST-022630,26498.95,8
CUST-022631,57962.09,34
CUST-022632,3844.05,26
CUST-022633,0.0,67
CUST-022635,41452.3,33
CUST-022636,10673.95,13
CUST-022638,13144.21,58
CUST-022639,34394.94,2
CUST-022641,35127.7,0
CUST-022642,77119.04,18
CUST-022645,61110.72,21
CUST-022647,33520.87,17
CUST-022649,16132.18,12
CUST-022650,1356.42,29
CUST-022651,50500.08,5
CUST-022653,80934.25,31
CUST-022654,12217.77,22
CUST-022657,10075.88,24
CUST-022658,17685.24,24
CUST-022659,199140.43,0
CUST-022660,40486.08,10
CUST-022661,113802.02,8
CUST-022662,27026.39,22
CUST-022663,10233.45,25
CUST-022664,21951.77,11
CUST-022665,21214.28,0
CUST-022667,14596.14,30
CUST-022668,32274.45,41
CUST-022669,52213.11,28
CUST-022670,83685.34,8
CUST-022671,4701.11,69
CUST-022672,183949.76,39
CUST-022673,127206.99,45
CUST-022674,29921.57,16
CUST-022675,64759.32,0
CUST-022677,54986.52,40
CUST-022678,62424.4,3
CUST-022680,58707.98,31
CUST-022681,170513.89,11
CUST-022683,11461.5,0
CUST-022685,31904.27,28
CUST-022687,140816.35,30
CUST-022688,59940.66,43
CUST-022689,11692.25,22
CUST-022690,152927.77,9
CUST-022691,177792.98,0
CUST-022693,40376.34,6
CUST-022694,133740.91,2
CUST-022695,81642.42,7
CUST-022696,179521.4,4
CUST-022697,6031.44,15
CUST-022698,23161.23,29
CUST-022699,122422.07,44
CUST-022700,92546.63,40
CUST-022701,245.16,1
CUST-022702,253263.91,42
CUST-022704,55104.98,10
CUST-022705,145599.36,24
CUST-022706,26969.29,34
CUST-022707,77910.35,6
CUST-022708,4192.59,8
CUST-022709,5830.51,21
CUST-022710,136056.33,18
CUST-022711,13241.96,32
CUST-022712,37637.17,8
CUST-022713,20224.73,63
CUST-022714,115913.05,20
CUST-022715,5987.65,22
CUST-022716,82371.8,43
CUST-022718,133178.38,2
CUST-022719,30343.02,25
CUST-022720,37543.04,10
CUST-022721,20318.1,15
CUST-022722,180862.81,29
CUST-022725,1807.82,63
CUST-022726,12332.68,38
CUST-022728,33901.53,54
CUST-022729,46528.12,10
CUST-022730,214730.72,45
CUST-022732,25029.32,64
CUST-022733,52065.91,31
CUST-022734,73474.19,0
CUST-022735,71370.8,0
CUST-022736,67736.86,28
CUST-022737,18354.12,9
CUST-022738,63710.53,56
CUST-022739,34189.18,18
CUST-022741,31006.35,34
CUST-022742,7259.32,26
CUST-022743,141885.84,24
CUST-022744,23401.52,3
CUST-022745,87653.77,23
CUST-022746,30299.78,0
CUST-022747,114635.37,72
CUST-022749,73307.7,0
CUST-022750,2658.79,28
CUST-022752,116562.91,40
CUST-022753,31562.34,0
CUST-022755,104192.34,21
CUST-022756,15697.62,4
CUST-022758,18478.43,0
CUST-022759,2157.71,6
CUST-022760,178642.94,18
CUST-022761,34462.44,0
CUST-022763,91364.23,22
CUST-022764,83531.11,44
CUST-022766,123593.05,5
CUST-022767,30244.11,16
CUST-022768,2900.11,18
CUST-022769,49051.31,19
CUST-022770,29329.85,47
CUST-022771,25376.03,45
CUST-022773,11239.19,25
CUST-022774,12109.6,5
CUST-022779,16895.19,0
CUST-022781,126978.59,15
CUST-022782,23195.16,65
CUST-022783,11407.83,25
CUST-022785,10036.85,0
CUST-022786,24682.34,9
CUST-022787,82035.19,19
CUST-022788,51476.52,61
CUST-022789,21882.63,2
CUST-022790,9634.88,0
CUST-022791,23748.24,38
CUST-022792,58641.65,18
CUST-022793,572.11,42
CUST-022794,8133.32,34
CUST-022795,70066.0,29
CUST-022797,98267.4,12
CUST-022798,1418.59,37
CUST-022799,102626.91,38
CUST-022800,152393.67,27
CUST-022801,25225.13,3
CUST-022802,45526.86,1
CUST-022803,315.92,17
CUST-022804,111848.17,18
CUST-022805,71765.04,21
CUST-022806,499.07,33
CUST-022807,89496.03,6
CUST-022813,18350.72,29
CUST-022814,9778.6,34
CUST-022815,102853.25,20
CUST-022817,22355.99,18
CUST-022818,181097.24,41
CUST-022819,188919.63,46
CUST-022820,59018.86,37
CUST-022821,128370.68,39
CUST-022822,20179.66,0
CUST-022823,45895.27,31
CUST-022826,181194.86,23
CUST-022827,72958.28,39
CUST-022828,28955.07,16
CUST-022829,125020.96,26
CUST-022830,5384.02,29
CUST-022831,117174.13,49
CUST-022832,137833.82,55
CUST-022834,50385.46,7
CUST-022835,41538.81,6
CUST-022837,64300.25,0
CUST-022838,188870.81,26
CUST-022839,25982.69,13
CUST-022840,52779.79,6
CUST-022841,40.51,43
CUST-022842,37847.89,5
CUST-022843,14279.34,24
CUST-022844,39557.76,21
CUST-022845,196529.36,15
CUST-022846,179094.71,58
CUST-022847,8415.1,24
CUST-022849,23375.9,52
CUST-022850,37092.73,49
CUST-022851,56845.91,20
CUST-022852,0.0,13
CUST-022853,132006.67,31
CUST-022855,115646.15,25
CUST-022856,121799.47,0
CUST-022858,2572.6,6
CUST-022859,42888.28,19
CUST-022862,28866.86,54
CUST-022863,101252.75,6
CUST-022864,66867.23,5
CUST-022865,36239.28,24
CUST-022866,110447.49,17
CUST-022867,16512.58,34
CUST-022868,25509.91,15
CUST-022870,59268.2,27
CUST-022871,35582.37,50
CUST-022872,58934.23,26
CUST-022873,36038.75,46
CUST-022874,164971.39,7
CUST-022875,62802.51,34
CUST-022876,32529.2,15
CUST-022878,13579.04,38
CUST-022880,6023.09,16
CUST-022881,19939.05,15
CUST-022882,2616.32,67
CUST-022885,329.17,15
CUST-022886,23380.46,16
CUST-022887,36519.21,36
CUST-022888,2159.47,47
CUST-022889,35733.89,9
CUST-022890,33826.6,43
CUST-022891,163947.3,10
CUST-022892,176113.73,0
CUST-022894,12616.67,34
CUST-022895,87842.2,11
CUST-022897,30269.29,23
CUST-022900,27488.98,47
CUST-022901,16905.1,11
CUST-022905,86936.87,36
CUST-022906,84200.39,14
CUST-022907,8539.52,6
CUST-022909,39634.42,24
CUST-022910,37968.57,17
CUST-022911,43932.5,37
CUST-022912,92892.82,49
CUST-022913,51374.54,39
CUST-022914,13950.64,35
CUST-022917,21141.83,0
CUST-022919,70237.57,7
CUST-022920,2503.9,14
CUST-022921,35395.8,24
CUST-022924,69844.53,0
CUST-022925,112607.99,19
CUST-022926,4305.38,0
CUST-022927,43430.03,0
CUST-022928,65187.4,18
CUST-022929,64627.57,0
CUST-022930,12865.74,8
CUST-022932,68937.67,22
CUST-022933,18527.03,0
CUST-022934,34878.02,51
CUST-022935,39200.12,27
CUST-022936,36244.2,26
CUST-022937,9092.91,21
CUST-022939,147188.95,35
CUST-022940,7831.46,21
CUST-022941,177035.26,10
CUST-022942,82682.47,12
CUST-022943,60425.98,58
CUST-022944,19880.32,27
CUST-022945,13564.73,15
CUST-022946,17789.68,35
CUST-022949,64293.11,54
CUST-022951,40563.27,12
CUST-022952,18511.5,57
CUST-022954,16799.66,23
CUST-022959,19418.3,12
CUST-022960,28691.57,0
CUST-022962,61312.77,52
CUST-022964,70084.12,26
CUST-022965,5892.63,6
CUST-022966,901.47,52
CUST-022967,248.04,39
CUST-022968,35833.79,12
CUST-022971,11835.26,20
CUST-022973,40624.8,40
CUST-022974,42579.67,23
CUST-022975,0.0,36
CUST-022976,25386.27,0
CUST-022977,24076.89,35
CUST-022978,81118.48,23
CUST-022980,94702.03,18
CUST-022981,15241.3,38
CUST-022982,7504.69,26
CUST-022984,86015.69,42
CUST-022985,43718.02,0
CUST-022987,27068.67,31
CUST-022988,0.0,64
CUST-022991,14820.14,8
CUST-022992,26327.82,25
CUST-022993,12630.61,29
CUST-022994,66931.07,51
CUST-022995,81296.6,2
CUST-022996,11166.17,52
CUST-022997,148311.51,39
CUST-022998,47717.96,5
CUST-022999,30004.8,21
CUST-023000,134655.25,80
CUST-023004,1951.27,68
CUST-023005,40697.53,24
CUST-023006,138776.3,0
CUST-023008,51777.47,24
CUST-023010,40992.11,17
CUST-023011,208527.77,32
CUST-023012,39697.48,12
CUST-023015,104142.19,1
CUST-023016,224.31,50
CUST-023017,51916.61,22
CUST-023018,132347.46,57
CUST-023019,31244.45,0
CUST-023020,49346.84,12
CUST-023021,64821.56,70
CUST-023022,16114.35,6
CUST-023023,18241.68,63
CUST-023024,14078.67,0
CUST-023025,10902.43,35
CUST-023026,77951.81,19
CUST-023027,141062.08,53
CUST-023028,96191.99,84
CUST-023029,1005.24,26
CUST-023031,42893.8,26
CUST-023032,8787.44,24
CUST-023033,3326.43,39
CUST-023034,15466.21,25
CUST-023036,98537.47,49
CUST-023037,130234.57,30
CUST-023038,2298.82,27
CUST-023039,76628.42,40
CUST-023040,7861.66,41
CUST-023041,42861.02,56
CUST-023043,7446.36,20
CUST-023044,124314.22,57
CUST-023045,171564.12,32
CUST-023046,133215.12,48
CUST-023048,17862.07,46
CUST-023050,43855.77,64
CUST-023051,9003.46,67
CUST-023052,25761.17,1
CUST-023053,79147.14,5
CUST-023054,33182.13,29
CUST-023055,34206.34,20
CUST-023056,17054.09,17
CUST-023057,134792.38,14
CUST-023058,14398.1,17
CUST-023059,4537.5,33
CUST-023060,30879.46,25
CUST-023061,7282.8,17
CUST-023062,20596.33,50
CUST-023063,12219.45,38
CUST-023064,20623.41,0
CUST-023065,52022.45,5
CUST-023066,19858.57,59
CUST-023067,93677.78,18
CUST-023068,22392.99,45
CUST-023069,5750.3,5
CUST-023070,10284.82,49
CUST-023071,12784.65,13
CUST-023072,2380.12,0
CUST-023073,1135.81,15
CUST-023074,6749.79,43
CUST-023076,13394.82,15
CUST-023077,21389.05,35
CUST-023079,113037.13,39
CUST-023080,132399.2,6
CUST-023081,51757.49,19
CUST-023082,71415.12,39
CUST-023083,13072.64,30
CUST-023084,11637.07,16
CUST-023085,12242.55,50
CUST-023086,67884.14,30
CUST-023087,79699.47,0
CUST-023088,13381.57,6
CUST-023089,55850.34,33
CUST-023090,46362.43,39
CUST-023092,23664.6,10
CUST-023093,77278.27,13
CUST-023094,98433.44,30
CUST-023095,42460.97,21
CUST-023096,111188.94,6
CUST-023097,141479.19,38
CUST-023098,4022.29,8
CUST-023099,24711.35,12
CUST-023100,21940.64,50
CUST-023101,5989.15,42
CUST-023102,73611.94,0
CUST-023103,16990.13,32
CUST-023104,50858.26,0
CUST-023105,121370.04,62
CUST-023106,13121.15,4
CUST-023107,40246.67,23
CUST-023108,47593.83,19
CUST-023109,108104.66,47
CUST-023110,126994.68,32
CUST-023111,81315.3,5
CUST-023113,1921.51,35
CUST-023114,4015.36,17
CUST-023115,30483.19,13
CUST-023117,54869.94,10
CUST-023118,0.0,18
CUST-023119,33422.96,40
CUST-023120,13770.57,31
CUST-023121,6818.52,1
CUST-023122,6071.05,0
CUST-023123,60343.95,36
CUST-023124,94944.99,75
CUST-023125,109615.22,49
CUST-023127,87383.41,22
CUST-023128,10390.14,18
CUST-023129,113706.02,0
CUST-023130,78746.61,46
CUST-023131,16972.65,18
CUST-023132,9699.39,0
CUST-023133,23896.81,43
CUST-023134,42876.14,46
CUST-023135,54032.75,12
CUST-023136,71731.93,33
CUST-023137,10120.95,0
CUST-023139,122533.04,34
CUST-023140,458.93,13
CUST-023141,55285.99,8
CUST-023143,155141.84,31
CUST-023144,141208.75,17
CUST-023146,93956.88,41
CUST-023147,44737.87,17
CUST-023148,122451.51,0
CUST-023149,57746.92,42
CUST-023151,9359.12,34
CUST-023152,27427.21,0
CUST-023153,37046.86,30
CUST-023154,30235.96,29
CUST-023155,30489.04,1
CUST-023156,550.59,67
CUST-023158,71940.04,37
CUST-023159,2315.81,8
CUST-023160,19212.11,30
CUST-023161,78106.11,10
CUST-023162,153039.73,48
CUST-023163,43977.22,0
CUST-023164,28384.67,14
CUST-023165,87501.73,15
CUST-023166,232036.25,31
CUST-023168,90805.71,26
CUST-023169,111774.25,23
CUST-023170,30905.23,0
CUST-023171,7010.87,28
CUST-023172,56407.12,65
CUST-023173,50166.14,30
CUST-023174,20718.15,21
CUST-023175,67430.64,48
CUST-023176,50198.76,21
CUST-023177,62032.48,9
CUST-023178,158311.31,49
CUST-023179,15210.85,45
CUST-023180,21766.7,21
CUST-023184,5670.36,10
CUST-023185,3951.28,16
CUST-023186,22255.19,21
CUST-023188,43219.41,29
CUST-023189,106045.1,43
CUST-023190,14802.38,5
CUST-023191,29266.04,0
CUST-023192,13032.17,0
CUST-023193,160937.58,35
CUST-023194,41111.0,28
CUST-023195,112149.79,33
CUST-023196,54222.25,33
CUST-023197,4661.72,47
CUST-023198,62611.41,33
CUST-023199,47108.62,58
CUST-023200,34687.6,6
CUST-023201,4101.88,12
CUST-023202,19962.35,73
CUST-023203,129336.19,26
CUST-023204,96051.73,1
CUST-023206,17489.01,45
CUST-023208,10222.82,44
CUST-023210,117973.81,34
CUST-023211,63269.0,57
CUST-023212,46111.26,0
CUST-023213,13850.75,45
CUST-023215,10262.29,0
CUST-023216,4180.0,9
CUST-023217,18779.21,40
CUST-023218,29218.98,61
CUST-023219,34600.14,50
CUST-023221,13765.35,0
CUST-023222,30559.88,16
CUST-023223,10179.69,7
CUST-023224,11700.14,18
CUST-023225,170177.75,0
CUST-023226,30259.18,37
CUST-023227,134753.69,14
CUST-023228,22294.56,23
CUST-023229,121419.93,15
CUST-023230,13938.72,8
CUST-023231,52332.35,17
CUST-023233,383.19,40
CUST-023234,43647.99,38
CUST-023235,1449.42,20
CUST-023236,103580.19,23
CUST-023237,32658.69,45
CUST-023238,153769.2,0
CUST-023239,62289.24,9
CUST-023240,77045.61,3
CUST-023242,58225.0,21
CUST-023244,14527.46,32
CUST-023245,20525.23,20
CUST-023246,24971.31,5
CUST-023247,58503.82,16
CUST-023248,30949.3,46
CUST-023249,7226.53,48
CUST-023250,144620.76,30
CUST-023253,43507.5,19
CUST-023254,50794.03,39
CUST-023256,87257.22,0
CUST-023257,2337.03,16
CUST-023259,124238.13,16
CUST-023260,25012.31,11
CUST-023261,5469.28,21
CUST-023265,19908.46,25
CUST-023266,15419.22,30
CUST-023267,38800.49,4
CUST-023268,6682.12,5
CUST-023269,163176.03,3
CUST-023270,11222.38,22
CUST-023273,6470.71,43
CUST-023274,122885.15,52
CUST-023275,2662.73,0
CUST-023276,10320.19,50
CUST-023277,189991.66,50
CUST-023278,90582.2,22
CUST-023279,13302.58,20
CUST-023280,22450.29,49
CUST-023281,21267.95,19
CUST-023282,98707.67,21
CUST-023283,97522.69,33
CUST-023284,10702.68,3
CUST-023285,16461.8,41
CUST-023287,85979.63,36
CUST-023288,22229.81,37
CUST-023289,4215.06,17
CUST-023290,73158.78,0
CUST-023291,40456.12,36
CUST-023292,23750.75,10
CUST-023294,11901.58,55
CUST-023295,4074.26,0
CUST-023296,8019.54,33
CUST-023297,53830.72,0
CUST-023298,48848.91,63
CUST-023300,7121.03,58
CUST-023301,56619.61,48
CUST-023302,152602.09,32
CUST-023304,103617.72,0
CUST-023305,74416.79,56
CUST-023306,120389.06,32
CUST-023307,158331.33,25
CUST-023309,68983.79,0
CUST-023310,4663.53,42
CUST-023313,16462.92,23
CUST-023314,2828.18,39
CUST-023316,188368.52,16
CUST-023319,427.94,66
CUST-023320,4699.22,19
CUST-023321,2292.42,39
CUST-023322,214993.06,50
CUST-023323,4711.61,41
CUST-023324,79053.58,49
CUST-023325,61940.91,0
CUST-023326,6882.89,32
CUST-023327,61432.33,46
CUST-023329,22541.16,53
CUST-023330,8166.66,40
CUST-023332,16222.54,0
CUST-023333,9894.38,85
CUST-023334,90279.24,32
CUST-023335,8808.23,17
CUST-023336,19033.5,29
CUST-023337,4539.68,0
CUST-023338,74553.76,44
CUST-023339,16101.94,0
CUST-023340,74342.64,45
CUST-023341,23104.76,0
CUST-023342,40590.83,20
CUST-023343,2974.65,43
CUST-023345,32248.13,39
CUST-023346,17276.16,15
CUST-023349,10971.01,37
CUST-023350,3060.44,9
CUST-023351,24732.55,0
CUST-023352,290.93,51
CUST-023353,37962.84,24
CUST-023355,1770.01,44
CUST-023356,32455.35,30
CUST-023357,111968.18,29
CUST-023359,812.91,51
CUST-023360,53238.87,30
CUST-023361,36884.23,22
CUST-023363,124208.84,17
CUST-023364,96142.37,8
CUST-023366,13647.4,19
CUST-023367,85974.55,61
CUST-023369,10952.83,3
CUST-023370,108486.23,28
CUST-023371,1875.67,22
CUST-023372,15674.01,70
CUST-023374,144914.34,19
CUST-023375,23779.23,0
CUST-023376,63178.57,11
CUST-023377,26917.91,14
CUST-023378,73737.59,29
CUST-023379,167303.31,6
CUST-023381,37506.83,5
CUST-023383,8549.38,42
CUST-023384,74133.73,0
CUST-023385,33015.7,4
CUST-023386,10821.14,8
CUST-023387,6059.27,48
CUST-023388,1263.6,4
CUST-023390,58831.94,6
CUST-023391,152141.75,24
CUST-023392,670.51,19
CUST-023394,57405.17,20
CUST-023396,109520.76,31
CUST-023397,152956.29,40
CUST-023398,119768.21,0
CUST-023399,12235.0,0
CUST-023402,20096.8,50
CUST-023403,76769.85,27
CUST-023405,68587.9,24
CUST-023406,15512.8,48
CUST-023409,74843.13,45
CUST-023411,5126.85,22
CUST-023412,24172.7,0
CUST-023413,145140.45,38
CUST-023415,71870.49,15
CUST-023417,6458.12,0
CUST-023418,39234.05,34
CUST-023419,90233.92,46
CUST-023420,78562.67,39
CUST-023421,4519.51,47
CUST-023422,25112.28,45
CUST-023424,120985.33,18
CUST-023425,23749.37,7
CUST-023426,52267.27,21
CUST-023427,162335.11,33
CUST-023428,101216.31,6
CUST-023430,50905.46,45
CUST-023431,95842.94,17
CUST-023432,72011.38,45
CUST-023433,52401.38,9
CUST-023434,56637.36,5
CUST-023435,102071.85,28
CUST-023436,163640.49,48
CUST-023437,110161.95,15
CUST-023438,4612.73,34
CUST-023439,4546.93,0
CUST-023440,103910.14,1
CUST-023441,36231.35,45
CUST-023447,22932.93,43
CUST-023448,13554.52,22
CUST-023449,18132.63,15
CUST-023451,97159.75,32
CUST-023452,103617.29,7
CUST-023453,36802.91,14
CUST-023454,134302.93,0
CUST-023455,26518.96,29
CUST-023456,4781.21,12
CUST-023457,79823.35,15
CUST-023458,4466.35,16
CUST-023459,3315.08,0
CUST-023460,46905.57,5
CUST-023462,22151.8,13
CUST-023463,9692.1,8
CUST-023465,31610.29,0
CUST-023466,25205.34,33
CUST-023467,49693.2,27
CUST-023471,9305.12,20
CUST-023472,116791.28,19
CUST-023473,74545.67,85
CUST-023474,15508.21,50
CUST-023475,47485.66,46
CUST-023476,93295.97,48
CUST-023477,65714.63,42
CUST-023479,26633.66,5
CUST-023480,20255.56,30
CUST-023482,47652.52,26
CUST-023483,82213.95,22
CUST-023484,41818.25,10
CUST-023486,2952.46,33
CUST-023487,1908.67,35
CUST-023488,9246.74,49
CUST-023489,112784.9,65
CUST-023490,5143.29,60
CUST-023491,79721.35,36
CUST-023493,144647.2,33
CUST-023496,2860.92,45
CUST-023497,36518.87,15
CUST-023498,8459.0,5
CUST-023500,13739.13,58
CUST-023501,190941.03,29
CUST-023502,36771.48,49
CUST-023505,117301.02,36
CUST-023506,82810.46,74
CUST-023507,87774.42,23
CUST-023508,161034.86,39
CUST-023509,3621.76,50
CUST-023510,22013.72,57
CUST-023511,83205.9,0
CUST-023512,80702.04,31
CUST-023513,734.84,55
CUST-023514,0.0,81
CUST-023516,178553.19,48
CUST-023517,30970.69,3
CUST-023518,77546.11,0
CUST-023519,59022.61,59
CUST-023520,11230.47,0
CUST-023521,18460.67,1
CUST-023522,31201.73,52
CUST-023523,21447.55,38
CUST-023524,57177.72,5
CUST-023525,87825.44,25
CUST-023526,70198.42,43
CUST-023527,4569.38,43
CUST-023528,11548.58,25
CUST-023529,1811.41,27
CUST-023530,1661.97,38
CUST-023531,820.74,63
CUST-023532,39907.22,0
CUST-023534,7968.78,6
CUST-023535,116673.7,17
CUST-023536,39332.25,15
CUST-023537,33526.94,26
CUST-023539,179721.93,35
CUST-023540,10289.49,0
CUST-023541,71745.16,0
CUST-023544,158745.55,34
CUST-023545,9864.07,30
CUST-023546,19339.61,33
CUST-023547,60250.68,35
CUST-023548,20547.1,18
CUST-023549,205333.63,11
CUST-023551,42685.51,47
CUST-023552,49042.03,26
CUST-023553,17337.56,34
CUST-023555,3717.64,0
CUST-023556,9812.06,3
CUST-023557,20590.04,41
CUST-023558,92906.35,28
CUST-023560,231006.97,31
CUST-023561,12459.88,38
CUST-023562,31004.41,25
CUST-023564,59126.9,42
CUST-023565,30905.51,10
CUST-023566,29978.88,8
CUST-023567,49699.19,20
CUST-023568,104682.09,23
CUST-023569,131004.34,34
CUST-023570,61059.45,45
CUST-023571,2092.75,34
CUST-023572,59086.25,2
CUST-023573,69709.7,4
CUST-023575,43533.75,56
CUST-023577,6939.57,38
CUST-023578,39055.15,39
CUST-023580,209822.29,20
CUST-023581,8267.86,20
CUST-023582,176773.46,9
CUST-023583,16735.12,9
CUST-023584,66986.85,58
CUST-023586,22684.71,49
CUST-023587,18786.53,25
CUST-023588,19771.31,32
CUST-023590,6519.94,2
CUST-023591,133388.1,63
CUST-023592,19399.99,0
CUST-023593,141832.84,0
CUST-023595,113595.08,47
CUST-023596,100265.27,46
CUST-023597,11954.85,0
CUST-023598,10792.95,49
CUST-023599,93476.2,30
CUST-023600,41047.79,44
CUST-023601,71846.46,5
CUST-023602,18113.17,27
CUST-023603,43898.69,29
CUST-023604,58574.98,31
CUST-023605,208102.99,61
CUST-023606,141547.94,0
CUST-023607,32098.48,16
CUST-023608,3843.64,0
CUST-023609,9325.35,11
CUST-023610,189415.91,10
CUST-023611,121959.61,15
CUST-023612,39883.5,28
CUST-023613,98257.71,43
CUST-023614,32242.88,0
CUST-023616,3378.9,35
CUST-023617,19574.47,8
CUST-023618,166724.87,30
CUST-023619,108567.97,0
CUST-023620,11820.0,22
CUST-023621,10461.69,24
CUST-023622,26058.16,15
CUST-023625,65071.12,50
CUST-023626,82677.18,20
CUST-023627,71327.16,39
CUST-023628,65270.79,16
CUST-023629,1514.59,25
CUST-023630,61283.01,17
CUST-023631,5719.99,49
CUST-023632,0.0,32
CUST-023633,15630.63,22
CUST-023634,3935.49,67
CUST-023635,10312.14,15
CUST-023636,61721.75,34
CUST-023637,3051.76,21
CUST-023638,65385.21,13
CUST-023640,81755.35,46
CUST-023641,103738.61,50
CUST-023642,97752.12,36
CUST-023643,80296.9,42
CUST-023644,6468.98,34
CUST-023645,45449.55,37
CUST-023646,184532.45,45
CUST-023647,36759.11,9
CUST-023649,2132.58,74
CUST-023650,3383.83,35
CUST-023651,205990.02,15
CUST-023653,16094.82,38
CUST-023654,121956.2,19
CUST-023655,24754.5,10
CUST-023656,1231.16,57
CUST-023658,29799.14,53
CUST-023659,16475.51,26
CUST-023660,58634.11,34
CUST-023661,173102.69,22
CUST-023662,11231.96,3
CUST-023663,106913.07,34
CUST-023664,87335.24,5
CUST-023665,44519.78,0
CUST-023666,13944.74,9
CUST-023667,11807.64,2
CUST-023668,26724.3,32
CUST-023669,35136.8,43
CUST-023670,7607.47,0
CUST-023672,0.0,62
CUST-023673,27248.14,21
CUST-023674,121708.95,0
CUST-023675,117167.91,24
CUST-023676,110111.85,23
CUST-023677,0.0,69
CUST-023678,109595.72,10
CUST-023681,22646.53,20
CUST-023682,14901.34,10
CUST-023683,77685.04,48
CUST-023684,848.05,3
CUST-023685,73514.25,60
CUST-023687,120440.94,58
CUST-023688,31539.64,52
CUST-023689,60872.18,18
CUST-023690,8883.06,31
CUST-023694,114172.84,23
CUST-023695,75975.62,20
CUST-023696,50743.15,63
CUST-023697,63730.51,85
CUST-023698,1419.36,20
CUST-023699,127318.86,7
CUST-023700,26706.74,0
CUST-023701,30551.71,37
CUST-023704,215716.43,23
CUST-023705,88119.76,0
CUST-023706,20519.16,17
CUST-023707,24639.95,55
CUST-023708,152751.98,17
CUST-023709,40089.78,73
CUST-023710,8777.41,40
CUST-023711,262445.39,37
CUST-023712,89318.32,35
CUST-023715,62853.32,6
CUST-023716,162364.8,23
CUST-023717,50930.34,34
CUST-023718,248471.63,14
CUST-023719,39772.55,23
CUST-023720,7376.09,33
CUST-023721,94566.5,32
CUST-023722,159104.22,51
CUST-023723,2379.85,8
CUST-023724,36626.47,21
CUST-023725,14864.01,49
CUST-023726,43542.89,0
CUST-023727,39588.03,41
CUST-023728,9558.87,46
CUST-023729,67241.4,42
CUST-023730,27905.18,5
CUST-023732,6893.11,40
CUST-023734,36289.67,68
CUST-023735,38425.01,6
CUST-023736,140476.09,49
CUST-023737,155123.42,38
CUST-023738,8883.27,10
CUST-023739,99521.28,30
CUST-023740,31562.12,30
CUST-023741,11969.68,27
CUST-023742,166117.41,19
CUST-023743,5804.44,21
CUST-023744,84625.79,36
CUST-023747,49208.3,75
CUST-023749,82818.89,24
CUST-023750,52475.71,35
CUST-023751,7918.38,24
CUST-023753,1530.04,16
CUST-023754,66949.74,37
CUST-023755,148307.32,15
CUST-023756,36729.32,1
CUST-023757,5634.16,46
CUST-023758,18395.01,41
CUST-023759,79474.56,8
CUST-023760,42494.41,7
CUST-023761,8522.18,33
CUST-023762,15875.16,72
CUST-023763,69238.09,6
CUST-023764,50253.6,40
CUST-023765,65248.57,0
CUST-023766,172022.09,34
CUST-023768,108143.82,30
CUST-023769,41011.53,0
CUST-023770,54011.75,18
CUST-023772,18844.65,29
CUST-023773,146466.13,0
CUST-023774,19989.54,41
CUST-023775,66512.07,0
CUST-023776,22245.96,60
CUST-023777,30719.74,12
CUST-023778,12619.79,6
CUST-023779,32040.75,19
CUST-023780,10031.86,13
CUST-023781,121219.41,17
CUST-023782,39474.25,23
CUST-023783,214.68,27
CUST-023785,49504.91,45
CUST-023786,12608.43,65
CUST-023787,56908.93,25
CUST-023788,140400.62,19
CUST-023789,135580.86,21
CUST-023790,186820.71,44
CUST-023791,160393.51,8
CUST-023793,78952.52,27
CUST-023794,98783.92,0
CUST-023795,23570.89,30
CUST-023796,79794.5,20
CUST-023798,94580.34,30
CUST-023799,24718.3,9
CUST-023800,40175.83,44
CUST-023801,5614.41,8
CUST-023802,37050.03,14
CUST-023804,76785.4,20
CUST-023805,94022.87,0
CUST-023806,12444.0,53
CUST-023807,20585.32,8
CUST-023808,109062.08,46
CUST-023809,36691.5,21
CUST-023810,20231.04,11
CUST-023811,108006.26,17
CUST-023814,158865.94,34
CUST-023815,7925.45,60
CUST-023816,156852.32,34
CUST-023817,24850.42,21
CUST-023818,2771.38,0
CUST-023819,20405.48,35
CUST-023820,21987.47,0
CUST-023821,23853.87,55
CUST-023822,104837.59,46
CUST-023824,9267.26,10
CUST-023825,8500.58,23
CUST-023827,136342.71,4
CUST-023828,109240.23,40
CUST-023829,33683.14,30
CUST-023830,19616.75,0
CUST-023831,15549.53,33
CUST-023832,8022.14,2
CUST-023833,87911.36,28
CUST-023834,15716.63,0
CUST-023835,92226.08,24
CUST-023836,28027.04,0
CUST-023837,35539.65,15
CUST-023839,30189.35,20
CUST-023840,36939.76,4
CUST-023841,59120.88,43
CUST-023842,85509.43,49
CUST-023843,148413.11,12
CUST-023844,93024.22,19
CUST-023845,72131.08,0
CUST-023846,140560.23,0
CUST-023847,10269.77,25
CUST-023848,232970.31,0
CUST-023850,34447.39,45
CUST-023851,2577.42,29
CUST-023852,16247.63,64
CUST-023853,182478.85,0
CUST-023854,100389.65,5
CUST-023855,4949.73,0
CUST-023856,63306.99,7
CUST-023858,72327.0,27
CUST-023859,108899.77,33
CUST-023861,104018.39,39
CUST-023863,4695.7,31
CUST-023864,11465.2,31
CUST-023865,7982.9,32
CUST-023867,21843.24,34
CUST-023868,180835.8,29
CUST-023869,31263.47,31
CUST-023870,69464.72,14
CUST-023872,969.0,25
CUST-023875,112069.54,18
CUST-023876,43763.32,17
CUST-023877,26381.52,8
CUST-023878,48212.77,22
CUST-023879,136849.11,16
CUST-023881,55956.44,48
CUST-023882,91502.4,42
CUST-023883,207068.29,46
CUST-023884,39503.97,48
CUST-023885,1437.85,1
CUST-023887,4362.71,43
CUST-023888,54067.26,23
CUST-023889,4935.86,40
CUST-023890,114973.89,30
CUST-023891,16939.97,5
CUST-023892,3796.27,35
CUST-023893,37135.77,34
CUST-023896,3725.56,36
CUST-023897,157751.47,22
CUST-023898,24575.72,49
CUST-023899,34222.84,35
CUST-023900,99790.41,60
CUST-023902,43665.36,11
CUST-023903,48367.23,45
CUST-023904,96696.47,51
CUST-023905,163223.46,23
CUST-023907,86630.93,5
CUST-023908,61348.52,16
CUST-023909,26275.36,34
CUST-023910,117664.9,10
CUST-023911,144267.43,17
CUST-023912,5084.41,54
CUST-023914,123199.71,0
CUST-023915,10397.58,50
CUST-023916,15346.18,10
CUST-023917,2497.81,0
CUST-023918,1622.46,32
CUST-023919,27219.13,23
CUST-023923,15810.49,6
CUST-023924,10723.93,0
CUST-023925,1525.03,9
CUST-023926,115427.32,43
CUST-023927,30370.6,10
CUST-023929,68621.67,49
CUST-023930,84649.21,46
CUST-023931,38806.44,40
CUST-023932,54178.68,21
CUST-023933,117417.43,23
CUST-023934,84068.62,4
CUST-023937,0.0,38
CUST-023938,71086.28,36
CUST-023939,42053.05,11
CUST-023940,29488.53,19
CUST-023941,99803.31,24
CUST-023942,97269.67,15
CUST-023943,30149.43,45
CUST-023945,5114.5,0
CUST-023947,22375.49,8
CUST-023948,134836.37,19
CUST-023949,12296.78,49
CUST-023950,58113.52,48
CUST-023951,160061.52,7
CUST-023952,23045.54,43
CUST-023953,95850.95,17
CUST-023954,29312.21,9
CUST-023955,57324.38,0
CUST-023957,35245.28,0
CUST-023958,91873.91,28
CUST-023959,65290.78,7
CUST-023960,90878.6,0
CUST-023961,93833.74,67
CUST-023962,114012.81,19
CUST-023963,55541.96,32
CUST-023964,110130.99,25
CUST-023966,16376.93,19
CUST-023967,19344.25,13
CUST-023968,27094.33,84
CUST-023969,90584.75,34
CUST-023971,6073.74,34
CUST-023972,47943.54,47
CUST-023974,41989.77,28
CUST-023975,10369.63,0
CUST-023976,74675.6,34
CUST-023978,33671.41,20
CUST-023979,80248.92,45
CUST-023980,18950.83,25
CUST-023981,12247.88,37
CUST-023982,12628.22,5
CUST-023983,147003.01,35
CUST-023984,29498.97,6
CUST-023985,26110.13,22
CUST-023986,1657.3,32
CUST-023988,83213.96,22
CUST-023989,43787.28,0
CUST-023990,5190.31,40
CUST-023991,16202.77,34
CUST-023992,10487.36,47
CUST-023993,79779.0,21
CUST-023994,50749.72,47
CUST-023995,3162.46,15
CUST-023996,2891.12,42
CUST-023997,1466.57,6
CUST-023998,45829.65,55
CUST-023999,0.0,70
CUST-024000,5857.58,17
CUST-024001,32768.1,18
CUST-024003,42124.44,20
CUST-024004,29255.61,1
CUST-024005,23814.05,23
CUST-024006,53292.69,28
CUST-024008,65546.65,39
CUST-024009,238345.29,36
CUST-024010,120195.19,30
CUST-024011,121753.73,40
CUST-024012,114606.3,24
CUST-024014,46634.0,34
CUST-024015,155559.69,31
CUST-024017,3405.64,72
CUST-024018,31961.48,20
CUST-024019,103931.46,25
CUST-024020,44049.56,37
CUST-024021,38386.45,33
CUST-024022,4016.34,7
CUST-024023,6693.77,25
CUST-024025,12046.42,49
CUST-024026,124727.32,23
CUST-024028,121.25,47
CUST-024029,2995.6,0
CUST-024031,77488.76,0
CUST-024032,13062.34,12
CUST-024034,1484.16,51
CUST-024035,17126.34,60
CUST-024036,214766.56,43
CUST-024037,22918.75,26
CUST-024038,108929.18,6
CUST-024039,123090.13,33
CUST-024040,32424.03,61
CUST-024041,166656.97,16
CUST-024042,58516.54,41
CUST-024043,33710.72,49
CUST-024044,64933.58,11
CUST-024045,46623.29,42
CUST-024046,74246.97,18
CUST-024047,18417.57,44
CUST-024048,155994.57,12
CUST-024049,35216.57,47
CUST-024051,131722.78,25
CUST-024052,106884.96,23
CUST-024053,26802.55,10
CUST-024054,80767.36,2
CUST-024055,51997.58,1
CUST-024056,107993.68,35
CUST-024057,180268.75,31
CUST-024058,4378.64,13
CUST-024059,33667.45,47
CUST-024060,137811.73,49
CUST-024061,112268.98,33
CUST-024062,20068.61,39
CUST-024063,12566.99,68
CUST-024064,2793.7,35
CUST-024065,90211.11,18
CUST-024068,15989.55,35
CUST-024069,8524.84,20
CUST-024071,239.09,30
CUST-024072,17493.78,60
CUST-024073,255285.52,23
CUST-024074,111009.11,21
CUST-024075,102245.13,0
CUST-024076,39261.1,11
CUST-024077,130377.96,31
CUST-024078,13135.6,59
CUST-024079,63697.17,32
CUST-024080,25454.44,6
CUST-024081,33406.51,28
CUST-024083,9117.15,55
CUST-024084,34991.62,43
CUST-024085,126198.45,0
CUST-024086,43599.77,58
CUST-024087,167199.74,24
CUST-024088,71976.48,30
CUST-024089,67918.71,30
CUST-024090,12322.33,43
CUST-024091,5556.67,18
CUST-024092,132603.71,35
CUST-024093,159940.19,10
CUST-024095,68943.19,40
CUST-024096,24148.86,7
CUST-024098,115338.14,25
CUST-024099,14476.79,62
CUST-024100,17437.38,57
CUST-024102,127218.97,30
CUST-024103,6973.31,50
CUST-024105,16950.82,51
CUST-024107,437.27,47
CUST-024108,33777.82,73
CUST-024111,8189.51,35
CUST-024112,29590.33,29
CUST-024113,1408.1,61
CUST-024116,76648.97,35
CUST-024117,62366.02,19
CUST-024118,90047.14,21
CUST-024119,13092.08,4
CUST-024120,77361.43,0
CUST-024123,26193.37,17
CUST-024124,18696.32,34
CUST-024125,151256.77,55
CUST-024126,109440.85,64
CUST-024127,21974.31,11
CUST-024128,47231.74,3
CUST-024129,29108.05,34
CUST-024131,36951.97,37
CUST-024133,119237.74,9
CUST-024134,43233.36,46
CUST-024135,76848.05,39
CUST-024136,41152.0,45
CUST-024137,20436.21,52
CUST-024138,7860.8,24
CUST-024139,101155.25,18
CUST-024140,117055.78,0
CUST-024141,13005.79,21
CUST-024143,63064.52,45
CUST-024144,86188.58,21
CUST-024145,54714.04,48
CUST-024146,3028.72,53
CUST-024147,9311.97,61
CUST-024148,106511.95,15
CUST-024150,1048.74,70
CUST-024151,100082.66,12
CUST-024152,103746.79,0
CUST-024153,87635.47,4
CUST-024154,48072.54,10
CUST-024155,78824.42,28
CUST-024157,141993.87,18
CUST-024159,47624.14,6
CUST-024160,65200.82,26
CUST-024161,61512.71,46
CUST-024162,14122.47,16
CUST-024163,70415.36,27
CUST-024165,55564.99,13
CUST-024168,165448.83,23
CUST-024169,14696.62,52
CUST-024170,3853.72,23
CUST-024171,132058.61,17
CUST-024172,108825.92,41
CUST-024173,29085.43,20
CUST-024174,39335.75,50
CUST-024175,191243.05,9
CUST-024176,49908.38,34
CUST-024177,145309.73,6
CUST-024178,176043.71,25
CUST-024179,18137.23,14
CUST-024180,39288.13,7
CUST-024181,33883.64,6
CUST-024183,74066.16,21
CUST-024184,123.2,20
CUST-024186,30861.38,18
CUST-024187,121470.42,0
CUST-024188,151260.55,24
CUST-024189,161820.65,0
CUST-024190,95335.13,42
CUST-024191,56866.34,38
CUST-024194,8864.79,40
CUST-024195,51070.64,21
CUST-024196,31814.94,23
CUST-024198,9522.18,13
CUST-024199,74357.04,28
CUST-024200,119820.14,24
CUST-024201,195477.41,20
CUST-024202,79017.35,31
CUST-024203,40849.45,11
CUST-024204,4674.01,4
CUST-024205,38304.47,0
CUST-024206,9041.3,23
CUST-024208,54955.57,6
CUST-024209,687.68,52
CUST-024210,6160.49,17
CUST-024214,31014.45,23
CUST-024215,54734.17,30
CUST-024216,9068.78,11
CUST-024218,47097.61,0
CUST-024219,7751.87,27
CUST-024220,38229.18,10
CUST-024221,31102.79,16
CUST-024223,47789.45,50
CUST-024225,43579.24,32
CUST-024226,25081.42,16
CUST-024227,39264.1,34
CUST-024228,258.36,45
CUST-024229,156098.56,3
CUST-024230,202255.67,31
CUST-024231,24756.16,0
CUST-024232,84503.27,43
CUST-024233,91720.73,6
CUST-024234,36121.07,40
CUST-024236,76276.9,27
CUST-024237,6439.36,23
CUST-024238,40597.54,49
CUST-024239,57717.97,32
CUST-024240,124784.45,8
CUST-024241,129764.99,3
CUST-024242,45300.35,9
CUST-024244,21783.06,0
CUST-024245,199939.76,42
CUST-024246,82574.12,0
CUST-024247,66361.31,0
CUST-024249,91671.22,28
CUST-024252,86929.43,21
CUST-024253,4685.84,10
CUST-024254,4307.97,22
CUST-024255,22271.66,13
CUST-024256,905.76,23
CUST-024257,62432.82,57
CUST-024258,1290.37,33
CUST-024259,17439.23,15
CUST-024260,197039.18,61
CUST-024261,16454.71,23
CUST-024263,37840.14,14
CUST-024264,156147.46,37
CUST-024265,174068.56,49
CUST-024266,630.39,39
CUST-024267,7773.2,22
CUST-024268,16746.22,50
CUST-024270,136420.4,14
CUST-024272,57976.55,43
CUST-024273,14600.96,37
CUST-024275,113809.2,16
CUST-024276,18310.91,47
CUST-024277,110606.83,37
CUST-024278,14062.21,37
CUST-024279,27037.68,10
CUST-024281,82106.8,57
CUST-024282,49363.9,88
CUST-024283,72991.55,19
CUST-024284,114356.35,73
CUST-024285,968.95,33
CUST-024286,230.64,15
CUST-024287,150537.2,32
CUST-024288,39770.71,46
CUST-024289,1246.85,10
CUST-024290,3630.64,24
CUST-024291,40380.34,26
CUST-024292,20864.3,31
CUST-024293,24167.19,21
CUST-024294,27564.9,23
CUST-024296,2638.56,11
CUST-024298,5849.54,20
CUST-024299,30790.82,36
CUST-024300,60281.24,39
CUST-024301,77178.95,41
CUST-024302,43447.18,68
CUST-024303,36545.41,6
CUST-024304,173708.17,2
CUST-024306,99478.06,33
CUST-024307,27211.27,26
CUST-024308,40452.14,6
CUST-024309,41142.41,0
CUST-024310,3413.22,15
CUST-024311,6915.32,13
CUST-024312,7346.97,44
CUST-024313,22032.14,23
CUST-024314,35400.63,17
CUST-024315,131934.37,46
CUST-024316,46394.59,3
CUST-024317,43927.71,43
CUST-024319,95329.17,6
CUST-024321,27021.89,18
CUST-024322,54392.24,0
CUST-024323,0.0,45
CUST-024324,34863.07,0
CUST-024325,9491.85,25
CUST-024326,156799.62,21
CUST-024327,13214.32,31
CUST-024328,37703.94,23
CUST-024329,9435.37,18
CUST-024330,96281.33,66
CUST-024331,188674.18,62
CUST-024332,107438.19,4
CUST-024333,76168.3,25
CUST-024335,773.88,29
CUST-024336,40951.38,33
CUST-024337,91910.26,40
CUST-024338,67197.27,0
CUST-024339,24012.9,25
CUST-024341,198659.55,0
CUST-024342,24623.14,27
CUST-024343,42475.44,46
CUST-024344,28767.63,4
CUST-024345,14113.67,27
CUST-024346,129352.42,2
CUST-024347,118277.59,46
CUST-024349,10624.31,0
CUST-024350,2616.69,0
CUST-024351,51897.04,22
CUST-024352,93392.26,5
CUST-024353,4950.07,46
CUST-024355,96805.72,27
CUST-024356,8561.99,7
CUST-024357,72335.87,17
CUST-024358,4318.47,36
CUST-024359,6560.36,22
CUST-024360,32201.28,19
CUST-024361,127127.68,47
CUST-024362,161901.18,23
CUST-024363,2087.69,17
CUST-024364,11228.68,22
CUST-024365,71200.62,31
CUST-024366,5596.98,19
CUST-024367,180138.56,20
CUST-024368,41715.38,35
CUST-024369,5690.19,41
CUST-024370,23760.36,27
CUST-024371,5026.52,18
CUST-024372,76788.62,79
CUST-024373,691.53,3
CUST-024374,116612.54,0
CUST-024375,67681.88,7
CUST-024376,1018.12,11
CUST-024377,96780.6,0
CUST-024378,6995.93,57
CUST-024379,24393.27,14
CUST-024383,158126.47,23
CUST-024386,9884.14,44
CUST-024387,71816.02,50
CUST-024388,82566.71,6
CUST-024389,37735.56,16
CUST-024390,484.41,38
CUST-024392,38289.35,48
CUST-024393,1625.5,47
CUST-024395,802.26,53
CUST-024396,164763.46,20
CUST-024397,17909.58,40
CUST-024398,175755.47,21
CUST-024399,22822.21,10
CUST-024400,15529.67,23
CUST-024401,199959.06,14
CUST-024402,3586.17,3
CUST-024403,40002.4,28
CUST-024404,16271.67,14
CUST-024405,37351.07,6
CUST-024406,108585.57,45
CUST-024407,18535.2,31
CUST-024409,23556.1,14
CUST-024410,33185.31,26
CUST-024414,5182.2,16
CUST-024417,11774.59,51
CUST-024418,114773.73,24
CUST-024419,84167.07,22
CUST-024420,50217.88,21
CUST-024421,19645.67,26
CUST-024422,136662.2,25
CUST-024424,140365.07,64
CUST-024426,58230.45,54
CUST-024427,16598.31,42
CUST-024428,9658.66,16
CUST-024429,27775.2,16
CUST-024431,12618.65,47
CUST-024432,123447.71,65
CUST-024433,31479.03,49
CUST-024434,9119.99,9
CUST-024435,1283.27,31
CUST-024436,55771.57,24
CUST-024437,55865.74,9
CUST-024438,13415.12,59
CUST-024439,27276.45,0
CUST-024440,179727.71,59
CUST-024441,93929.26,0
CUST-024442,75705.94,14
CUST-024443,105807.33,40
CUST-024444,21181.3,23
CUST-024445,106856.88,55
CUST-024449,82951.13,0
CUST-024451,12630.02,17
CUST-024452,72823.79,0
CUST-024453,16401.6,0
CUST-024454,77079.28,57
CUST-024456,35080.21,32
CUST-024458,38227.05,72
CUST-024459,234725.88,21
CUST-024460,65370.02,0
CUST-024461,11591.56,12
CUST-024463,37252.34,7
CUST-024464,18961.57,39
CUST-024465,5519.52,54
CUST-024467,30785.52,54
CUST-024468,118613.51,0
CUST-024470,6035.39,14
CUST-024472,7538.0,17
CUST-024473,73591.19,42
CUST-024474,42609.7,22
CUST-024475,27868.61,38
CUST-024476,86911.53,17
CUST-024477,21494.69,48
CUST-024478,56461.88,9
CUST-024479,0.0,22
CUST-024480,20959.82,23
CUST-024481,87760.79,5
CUST-024482,191343.43,27
CUST-024483,130711.55,46
CUST-024484,34926.69,47
CUST-024485,27747.37,10
CUST-024486,15285.83,48
CUST-024487,26650.92,17
CUST-024488,82568.09,0
CUST-024489,104914.23,8
CUST-024490,17064.88,42
CUST-024491,121692.1,21
CUST-024492,150423.65,34
CUST-024495,4054.07,42
CUST-024496,11782.39,9
CUST-024497,14628.9,8
CUST-024498,84096.61,67
CUST-024499,58617.54,41
CUST-024500,20452.92,50
CUST-024501,182734.9,17
CUST-024503,45134.14,0
CUST-024504,73262.59,1
CUST-024505,103979.85,41
CUST-024506,6085.23,0
CUST-024507,27389.97,5
CUST-024508,46151.52,0
CUST-024509,81162.91,19
CUST-024510,95120.56,22
CUST-024512,1299.77,44
CUST-024513,70772.17,20
CUST-024515,1068.94,17
CUST-024516,153333.79,67
CUST-024517,15172.31,41
CUST-024519,194343.92,38
CUST-024520,137730.26,31
CUST-024521,12529.57,79
CUST-024523,130973.28,24
CUST-024524,79154.31,23
CUST-024525,66938.1,0
CUST-024528,16861.95,17
CUST-024529,123700.3,0
CUST-024530,17804.52,17
CUST-024531,35840.72,20
CUST-024533,77222.91,1
CUST-024534,15699.44,56
CUST-024535,28600.94,61
CUST-024536,13673.39,11
CUST-024537,25108.22,0
CUST-024538,15569.45,49
CUST-024539,23577.68,9
CUST-024540,25129.37,47
CUST-024541,39588.47,52
CUST-024542,47163.2,19
CUST-024543,31492.08,0
CUST-024545,103659.68,1
CUST-024547,49710.54,34
CUST-024548,59681.16,7
CUST-024549,74094.05,0
CUST-024550,81738.0,6
CUST-024551,118132.24,19
CUST-024553,14742.52,19
CUST-024554,74233.55,45
CUST-024556,40390.49,12
CUST-024558,72158.8,10
CUST-024559,8691.94,0
CUST-024560,152174.33,13
CUST-024562,36371.56,0
CUST-024563,77463.3,48
CUST-024564,11439.7,55
CUST-024566,153424.23,9
CUST-024567,147630.91,12
CUST-024568,22977.22,46
CUST-024569,26518.36,17
CUST-024571,24963.94,68
CUST-024572,101055.62,0
CUST-024573,3289.72,13
CUST-024574,72539.34,0
CUST-024575,147564.47,0
CUST-024576,2471.96,67
CUST-024577,38661.84,46
CUST-024578,30492.8,20
CUST-024579,113577.54,39
CUST-024581,8381.11,22
CUST-024582,22657.74,59
CUST-024583,17711.08,16
CUST-024584,43901.85,23
CUST-024585,181778.72,25
CUST-024586,53877.68,49
CUST-024587,71902.72,0
CUST-024589,65161.27,38
CUST-024590,91765.9,10
CUST-024591,107907.58,23
CUST-024592,40294.57,0
CUST-024594,613.44,21
CUST-024595,81337.49,28
CUST-024596,2290.93,9
CUST-024597,62433.48,15
CUST-024598,148386.87,29
CUST-024599,113246.85,7
CUST-024600,47592.98,7
CUST-024601,1130.19,25
CUST-024602,96109.98,0
CUST-024604,6219.21,55
CUST-024605,4010.63,50
CUST-024606,13732.5,38
CUST-024607,5830.7,10
CUST-024609,125471.79,21
CUST-024611,50819.78,10
CUST-024612,31589.57,62
CUST-024613,74029.75,54
CUST-024614,6911.54,0
CUST-024616,15527.23,34
CUST-024617,26947.72,33
CUST-024618,63425.87,7
CUST-024619,63321.32,46
CUST-024620,33731.75,33
CUST-024621,15704.1,25
CUST-024622,27813.22,61
CUST-024623,20473.4,20
CUST-024624,71819.59,38
CUST-024625,0.0,39
CUST-024626,61905.19,87
CUST-024627,67015.78,39
CUST-024628,5958.82,2
CUST-024629,3628.19,34
CUST-024630,13744.57,28
CUST-024631,68212.6,10
CUST-024632,59540.68,23
CUST-024633,16138.67,21
CUST-024635,146398.56,0
CUST-024636,59318.29,22
CUST-024638,4388.45,49
CUST-024639,15418.36,0
CUST-024640,3513.5,80
CUST-024642,9402.61,34
CUST-024643,204831.09,8
CUST-024644,88752.44,8
CUST-024645,182897.45,0
CUST-024646,49289.05,0
CUST-024647,56743.04,15
CUST-024648,11091.41,26
CUST-024649,109894.39,25
CUST-024650,22914.29,3
CUST-024653,67718.86,7
CUST-024654,8677.96,0
CUST-024655,24320.79,0
CUST-024656,4535.55,37
CUST-024658,11646.8,35
CUST-024659,130925.62,23
CUST-024660,176363.48,43
CUST-024661,4803.92,63
CUST-024662,56096.73,40
CUST-024663,101429.86,10
CUST-024664,13441.53,4
CUST-024665,71386.01,35
CUST-024666,123135.78,50
CUST-024667,43985.51,7
CUST-024668,37049.33,29
CUST-024669,165131.52,33
CUST-024672,31350.49,23
CUST-024674,87744.16,19
CUST-024678,42693.43,16
CUST-024679,44938.53,0
CUST-024680,31707.81,40
CUST-024681,93813.2,57
CUST-024682,2915.35,39
CUST-024683,179551.51,5
CUST-024685,73067.31,26
CUST-024686,11000.86,31
CUST-024687,12635.49,39
CUST-024688,40991.65,12
CUST-024690,18726.57,50
CUST-024691,55089.0,22
CUST-024692,49459.48,52
CUST-024693,51723.1,35
CUST-024694,48655.62,62
CUST-024695,16601.63,20
CUST-024696,5721.48,0
CUST-024697,112784.45,0
CUST-024698,35691.02,21
CUST-024699,200028.33,9
CUST-024700,34986.24,34
CUST-024701,136596.95,19
CUST-024702,19719.33,45
CUST-024703,53435.54,36
CUST-024704,6733.78,64
CUST-024705,29778.87,71
CUST-024706,3246.76,68
CUST-024707,40097.72,19
CUST-024708,67739.96,16
CUST-024710,65207.9,39
CUST-024711,31881.15,37
CUST-024712,124799.74,6
CUST-024714,62683.68,8
CUST-024715,129924.85,27
CUST-024716,78272.45,17
CUST-024717,694.58,44
CUST-024718,2871.22,52
CUST-024719,2069.59,0
CUST-024720,44540.7,22
CUST-024721,158225.59,17
CUST-024722,61249.49,21
CUST-024723,1177.79,11
CUST-024724,81995.86,5
CUST-024725,15075.99,9
CUST-024726,44486.77,17
CUST-024727,9039.02,25
CUST-024728,8329.06,19
CUST-024729,46699.96,35
CUST-024730,99869.03,24
CUST-024731,32088.32,46
CUST-024732,91574.4,37
CUST-024733,74940.21,25
CUST-024734,41596.12,41
CUST-024735,63297.92,33
CUST-024736,22392.04,12
CUST-024737,3702.53,0
CUST-024738,4730.42,16
CUST-024739,79630.1,23
CUST-024740,40553.79,14
CUST-024741,55113.0,0
CUST-024742,21770.3,17
CUST-024744,100055.62,63
CUST-024745,41422.2,26
CUST-024746,172794.87,40
CUST-024747,26366.6,33
CUST-024748,165004.64,63
CUST-024749,34611.88,9
CUST-024750,13440.58,25
CUST-024751,63983.23,7
CUST-024752,27013.3,20
CUST-024753,58452.96,31
CUST-024755,159209.71,22
CUST-024756,65878.67,24
CUST-024757,64473.92,28
CUST-024760,14329.73,23
CUST-024761,18086.42,6
CUST-024763,2908.84,16
CUST-024764,42199.35,39
CUST-024765,2498.49,40
CUST-024766,32919.97,43
CUST-024767,36809.91,49
CUST-024768,27650.24,38
CUST-024769,65442.65,52
CUST-024771,23024.13,16
CUST-024772,865.91,28
CUST-024774,8397.91,8
CUST-024775,16587.72,13
CUST-024777,52158.24,23
CUST-024778,52960.93,15
CUST-024782,64596.76,24
CUST-024784,7145.66,8
CUST-024786,38393.72,0
CUST-024787,35092.83,21
CUST-024789,67017.58,32
CUST-024790,233392.17,34
CUST-024791,99108.35,48
CUST-024792,209816.1,67
CUST-024795,58165.21,19
CUST-024796,57700.91,16
CUST-024797,159798.73,48
CUST-024798,53797.13,29
CUST-024799,67612.63,0
CUST-024801,63303.96,29
CUST-024805,67652.47,45
CUST-024806,43605.81,6
CUST-024807,12095.15,65
CUST-024808,106058.46,0
CUST-024810,6138.59,28
CUST-024812,60020.65,29
CUST-024813,26357.6,53
CUST-024814,46500.21,22
CUST-024815,263234.36,30
CUST-024816,62724.54,5
CUST-024817,22546.51,38
CUST-024818,21241.05,46
CUST-024819,97059.25,17
CUST-024820,1885.92,46
CUST-024821,133260.23,55
CUST-024822,77284.99,7
CUST-024823,5823.65,50
CUST-024824,133001.52,40
CUST-024825,8152.0,20
CUST-024826,3866.35,58
CUST-024827,202644.74,0
CUST-024828,7075.52,20
CUST-024829,1107.64,50
CUST-024830,37045.97,58
CUST-024831,131311.88,30
CUST-024832,36576.72,34
CUST-024833,47130.82,23
CUST-024834,159688.67,34
CUST-024835,131605.11,34
CUST-024837,146467.21,46
CUST-024838,14765.91,19
CUST-024839,84978.49,46
CUST-024840,15102.27,0
CUST-024841,118167.32,9
CUST-024842,72438.91,4
CUST-024843,189697.81,37
CUST-024844,160937.72,13
CUST-024845,3720.65,47
CUST-024846,34850.06,25
CUST-024847,49793.91,38
CUST-024849,77291.51,54
CUST-024850,204272.68,0
CUST-024853,155414.11,47
CUST-024854,112879.82,54
CUST-024856,85841.87,6
CUST-024857,167452.77,44
CUST-024858,72421.46,2
CUST-024859,457.83,16
CUST-024860,104889.66,49
CUST-024861,55008.38,24
CUST-024862,103907.82,29
CUST-024863,87300.38,44
CUST-024864,3753.11,70
CUST-024865,12216.44,4
CUST-024866,10012.56,49
CUST-024867,3456.34,38
CUST-024869,141869.41,24
CUST-024871,32808.84,33
CUST-024872,1720.17,6
CUST-024873,34547.23,10
CUST-024874,139169.11,16
CUST-024875,47975.35,41
CUST-024876,2575.97,45
CUST-024877,126333.81,8
CUST-024878,96413.6,40
CUST-024879,128223.37,19
CUST-024880,1172.24,36
CUST-024882,130970.77,34
CUST-024883,48529.95,33
CUST-024884,8088.74,40
CUST-024885,81640.35,0
CUST-024886,163201.49,43
CUST-024887,12467.2,6
CUST-024888,11916.23,34
CUST-024889,135520.41,35
CUST-024890,1729.87,6
CUST-024891,12406.05,35
CUST-024893,262303.35,34
CUST-024894,2963.65,37
CUST-024895,161228.7,24
CUST-024896,9972.71,15
CUST-024897,54122.23,41
CUST-024898,14238.5,7
CUST-024900,120917.99,7
CUST-024901,85113.23,33
CUST-024903,55040.42,34
CUST-024904,58313.68,31
CUST-024905,80213.29,58
CUST-024908,7079.01,70
CUST-024909,22342.4,36
CUST-024910,23452.75,13
CUST-024911,39599.63,35
CUST-024912,4463.61,17
CUST-024915,171890.17,25
CUST-024917,15583.62,57
CUST-024918,65538.53,8
CUST-024919,34618.17,38
CUST-024920,133793.67,78
CUST-024921,174311.31,48
CUST-024922,118218.12,21
CUST-024923,70682.93,39
CUST-024924,6903.45,20
CUST-024925,13031.83,34
CUST-024926,104741.36,34
CUST-024927,33151.62,9
CUST-024928,126564.82,7
CUST-024929,93173.45,0
CUST-024931,3297.5,1
CUST-024932,46080.67,17
CUST-024934,81892.71,21
CUST-024935,58925.77,23
CUST-024936,127215.54,67
CUST-024938,33808.28,10
CUST-024939,6930.79,44
CUST-024940,63016.8,7
CUST-024941,55685.7,62
CUST-024942,38976.81,42
CUST-024943,3455.63,30
CUST-024944,74898.4,13
CUST-024945,18851.44,5
CUST-024946,10396.24,16
CUST-024947,174257.19,22
CUST-024948,161880.15,37
CUST-024950,128885.27,7
CUST-024951,54574.74,11
CUST-024952,128715.38,17
CUST-024953,49289.4,7
CUST-024954,85041.65,7
CUST-024955,11379.12,58
CUST-024956,67674.27,44
CUST-024957,7950.55,24
CUST-024959,33481.65,13
CUST-024960,6541.32,19
CUST-024961,104130.44,41
CUST-024962,11468.64,0
CUST-024965,134225.95,5
CUST-024967,69329.8,22
CUST-024968,17114.61,35
CUST-024969,236050.96,17
CUST-024970,27585.44,5
CUST-024971,6440.83,11
CUST-024972,5763.54,0
CUST-024973,149889.72,45
CUST-024974,19917.93,10
CUST-024975,101898.05,70
CUST-024977,24827.68,28
CUST-024978,83555.11,21
CUST-024979,123473.97,12
CUST-024980,34385.12,0
CUST-024981,53928.97,44
CUST-024982,31531.62,0
CUST-024983,18319.7,40
CUST-024984,86505.37,26
CUST-024985,3824.9,1
CUST-024988,36011.53,13
CUST-024990,1544.69,43
CUST-024991,108227.18,21
CUST-024992,51494.63,49
CUST-024993,2863.2,62
CUST-024996,35497.53,27
CUST-024997,146325.94,70
CUST-024998,13834.72,29
CUST-024999,33485.6,1
CUST-025001,60608.64,21
CUST-025002,96540.19,8
CUST-025003,4529.66,41
CUST-025004,45030.37,23
CUST-025005,113488.53,0
CUST-025006,23046.27,25
CUST-025007,36113.86,50
CUST-025008,4720.27,36
CUST-025009,53636.02,9
CUST-025010,136032.53,30
CUST-025011,251590.22,45
CUST-025012,146121.19,15
CUST-025014,53096.34,33
CUST-025015,146360.99,0
CUST-025016,9726.55,14
CUST-025017,13385.58,75
CUST-025018,25622.73,43
CUST-025020,156298.82,35
CUST-025021,7778.26,17
CUST-025022,26527.23,0
CUST-025023,2907.31,56
CUST-025026,24390.11,42
CUST-025027,164684.6,8
CUST-025028,134256.86,21
CUST-025029,16895.14,17
CUST-025030,49513.66,39
CUST-025032,158666.3,50
CUST-025033,35286.43,36
CUST-025034,116929.16,0
CUST-025035,64444.47,75
CUST-025036,114586.39,33
CUST-025038,49447.09,20
CUST-025039,86967.03,34
CUST-025040,59564.66,11
CUST-025041,68280.96,34
CUST-025042,2663.02,21
CUST-025044,97699.5,6
CUST-025045,120994.29,34
CUST-025047,11505.13,32
CUST-025048,47306.44,50
CUST-025049,478.75,53
CUST-025050,28431.52,21
CUST-025052,7557.69,20
CUST-025053,29846.12,23
CUST-025054,40551.98,59
CUST-025055,2458.38,21
CUST-025059,13780.04,34
CUST-025060,65552.7,41
CUST-025061,178030.94,0
CUST-025062,61676.22,39
CUST-025063,70920.6,20
CUST-025064,29131.27,34
CUST-025065,48591.01,19
CUST-025066,45799.31,0
CUST-025067,18004.14,49
CUST-025068,35374.31,26
CUST-025069,191864.27,27
CUST-025070,95175.28,0
CUST-025071,126306.17,36
CUST-025072,2349.5,23
CUST-025073,8503.46,22
CUST-025074,9931.01,25
CUST-025075,6349.8,16
CUST-025076,14500.9,21
CUST-025077,13867.25,0
CUST-025078,75329.17,59
CUST-025079,68830.42,20
CUST-025082,2770.09,24
CUST-025085,48673.43,25
CUST-025087,69743.05,31
CUST-025088,152158.07,18
CUST-025090,52597.24,24
CUST-025091,143456.1,47
CUST-025092,18334.38,46
CUST-025093,44252.0,0
CUST-025094,7396.74,38
CUST-025095,123672.32,12
CUST-025096,6105.54,62
CUST-025097,45037.93,31
CUST-025098,80559.38,47
CUST-025099,113561.26,21
CUST-025100,13545.53,15
CUST-025101,14774.62,47
CUST-025102,105560.54,17
CUST-025103,29354.31,27
CUST-025104,70156.6,3
CUST-025105,6708.38,15
CUST-025106,138962.42,6
CUST-025107,98567.7,9
CUST-025108,48857.43,7
CUST-025109,4997.24,0
CUST-025111,85089.81,9
CUST-025112,90266.61,20
CUST-025113,29292.48,41
CUST-025114,5966.03,8
CUST-025118,120576.3,38
CUST-025119,128523.16,19
CUST-025120,56125.09,49
CUST-025121,129736.2,10
CUST-025122,51972.19,32
CUST-025123,63657.41,35
CUST-025124,33976.11,7
CUST-025125,47750.82,20
CUST-025126,153953.05,16
CUST-025127,67755.01,34
CUST-025128,43716.83,16
CUST-025129,14455.45,58
CUST-025130,10739.41,31
CUST-025131,88089.21,24
CUST-025132,122259.33,17
CUST-025133,7126.16,0
CUST-025136,101642.5,0
CUST-025137,97368.22,31
CUST-025138,96019.44,49
CUST-025139,6275.67,21
CUST-025140,15441.94,47
CUST-025141,160508.99,34
CUST-025142,109217.2,46
CUST-025143,61009.61,0
CUST-025144,12166.4,14
CUST-025145,35102.31,33
CUST-025146,2214.58,52
CUST-025147,54874.39,20
CUST-025148,76407.07,37
CUST-025149,75125.28,23
CUST-025151,179560.53,32
CUST-025153,51507.39,17
CUST-025154,44019.32,10
CUST-025157,117087.41,35
CUST-025158,66506.5,23
CUST-025159,182169.08,0
CUST-025160,73460.29,28
CUST-025162,31821.57,19
CUST-025164,44719.0,11
CUST-025166,25220.98,8
CUST-025167,7543.28,34
CUST-025168,20305.95,8
CUST-025169,44932.85,15
CUST-025170,66017.37,9
CUST-025171,17865.84,35
CUST-025172,20822.88,31
CUST-025173,86068.62,30
CUST-025174,23846.19,11
CUST-025175,16590.31,23
CUST-025176,6658.23,0
CUST-025177,51415.8,35
CUST-025178,37596.48,15
CUST-025179,22055.68,38
CUST-025180,98415.65,48
CUST-025181,84637.57,36
CUST-025182,62489.16,15
CUST-025183,44397.96,8
CUST-025184,103734.57,18
CUST-025185,20436.86,0
CUST-025186,9390.51,0
CUST-025187,21176.76,2
CUST-025188,102486.42,58
CUST-025189,69462.79,7
CUST-025190,28860.69,12
CUST-025191,44471.28,45
CUST-025192,2215.98,59
CUST-025193,39866.07,24
CUST-025195,64751.52,46
CUST-025196,101697.12,20
CUST-025197,171273.33,27
CUST-025198,852.51,25
CUST-025199,4717.09,45
CUST-025200,126221.08,20
CUST-025203,12222.17,30
CUST-025204,22581.92,19
CUST-025205,51430.53,0
CUST-025207,67970.37,10
CUST-025208,56115.23,67
CUST-025209,6729.71,34
CUST-025211,801.35,71
CUST-025212,31328.87,21
CUST-025213,55496.85,48
CUST-025214,80450.48,9
CUST-025215,19029.38,6
CUST-025216,101264.17,45
CUST-025217,30870.07,34
CUST-025218,24166.62,0
CUST-025219,143924.71,44
CUST-025220,116024.29,65
CUST-025221,8353.04,23
CUST-025222,1374.39,51
CUST-025224,112854.52,10
CUST-025226,136976.82,49
CUST-025227,82372.77,0
CUST-025228,3125.26,29
CUST-025229,30060.44,57
CUST-025231,23474.73,13
CUST-025232,25319.01,59
CUST-025233,133382.13,35
CUST-025234,32712.71,90
CUST-025235,99570.66,24
CUST-025236,5639.38,45
CUST-025237,15176.65,6
CUST-025238,112008.52,31
CUST-025240,39689.87,44
CUST-025241,23117.68,0
CUST-025242,6401.92,31
CUST-025243,1493.51,1
CUST-025244,9719.06,36
CUST-025246,30273.1,68
CUST-025247,3151.34,10
CUST-025248,3601.12,14
CUST-025249,538.72,26
CUST-025250,118034.03,0
CUST-025252,42645.97,16
CUST-025255,39539.81,17
CUST-025256,2644.66,25
CUST-025257,63429.51,57
CUST-025258,126263.99,0
CUST-025259,51077.33,36
CUST-025262,98615.93,34
CUST-025263,850.48,47
CUST-025264,36907.77,38
CUST-025266,16806.27,58
CUST-025268,29595.71,36
CUST-025269,35401.3,33
CUST-025270,83850.54,44
CUST-025272,128003.45,1
CUST-025273,169202.99,0
CUST-025274,9423.74,21
CUST-025275,81799.69,28
CUST-025276,118860.6,21
CUST-025277,61533.37,43
CUST-025278,38250.34,9
CUST-025280,105048.82,46
CUST-025281,124953.69,45
CUST-025283,54728.83,41
CUST-025286,20192.62,31
CUST-025288,143839.27,9
CUST-025289,217578.88,20
CUST-025290,73033.58,42
CUST-025292,6821.01,10
CUST-025293,23413.13,30
CUST-025294,116640.26,5
CUST-025295,35638.5,5
CUST-025296,41052.22,36
CUST-025297,129644.26,34
CUST-025298,91153.04,38
CUST-025299,173138.8,10
CUST-025300,12507.29,56
CUST-025302,280459.2,22
CUST-025303,123515.04,8
CUST-025304,118293.33,45
CUST-025306,28639.16,22
CUST-025307,23662.6,42
CUST-025308,21878.27,44
CUST-025309,24761.57,33
CUST-025311,154028.23,7
CUST-025313,3288.13,12
CUST-025315,69347.98,31
CUST-025317,145099.71,5
CUST-025318,20805.54,0
CUST-025319,11856.52,65
CUST-025320,186482.45,5
CUST-025321,14502.9,28
CUST-025322,153747.46,69
CUST-025323,113842.75,62
CUST-025324,7903.47,23
CUST-025325,36935.19,31
CUST-025328,75842.2,3
CUST-025329,12602.45,32
CUST-025331,84833.27,50
CUST-025333,210978.99,31
CUST-025334,148865.52,4
CUST-025336,4729.56,22
CUST-025338,111536.95,13
CUST-025339,57502.14,4
CUST-025340,85766.51,2
CUST-025342,23851.17,12
CUST-025343,189587.65,0
CUST-025344,16556.88,42
CUST-025345,119366.68,21
CUST-025346,4301.14,11
CUST-025347,13572.25,45
CUST-025348,10590.39,29
CUST-025349,4295.37,35
CUST-025351,11352.01,55
CUST-025352,38261.58,32
CUST-025353,72086.53,42
CUST-025354,6948.7,24
CUST-025356,6796.32,46
CUST-025357,130711.25,2
CUST-025358,82493.16,0
CUST-025359,117208.03,34
CUST-025360,83792.74,72
CUST-025361,28900.18,16
CUST-025362,19204.09,32
CUST-025363,73124.85,35
CUST-025364,103921.76,64
CUST-025365,6811.14,39
CUST-025366,56045.06,17
CUST-025367,142963.76,36
CUST-025368,66047.22,3
CUST-025369,13127.97,30
CUST-025370,16806.62,58
CUST-025371,13992.38,42
CUST-025372,37596.66,52
CUST-025373,29597.93,26
CUST-025374,54875.38,0
CUST-025376,1728.48,29
CUST-025378,8256.5,39
CUST-025379,6767.39,64
CUST-025380,18106.41,11
CUST-025381,65042.24,21
CUST-025382,18085.35,26
CUST-025383,5520.69,27
CUST-025384,95931.62,20
CUST-025385,40610.09,32
CUST-025386,107011.01,32
CUST-025390,137202.06,34
CUST-025391,70668.06,72
CUST-025392,147604.25,5
CUST-025393,106233.65,10
CUST-025394,126695.08,0
CUST-025395,22199.15,13
CUST-025396,4764.57,39
CUST-025397,190711.41,14
CUST-025398,91363.33,39
CUST-025399,48057.19,45
CUST-025400,62589.43,16
CUST-025401,104748.56,48
CUST-025402,832.08,64
CUST-025403,129495.42,13
CUST-025405,73330.33,0
CUST-025406,65710.18,5
CUST-025408,32084.59,24
CUST-025410,96955.2,32
CUST-025411,47064.79,39
CUST-025412,11292.46,17
CUST-025413,29113.05,42
CUST-025414,3428.43,41
CUST-025415,27255.42,55
CUST-025416,107063.76,45
CUST-025417,38040.18,0
CUST-025418,53253.6,11
CUST-025419,129833.61,47
CUST-025421,34620.73,23
CUST-025422,40930.71,12
CUST-025423,5368.96,14
CUST-025424,28982.52,1
CUST-025425,100046.69,21
CUST-025426,3880.65,31
CUST-025427,137401.28,19
CUST-025428,48172.19,33
CUST-025429,51140.5,10
CUST-025432,43971.91,44
CUST-025433,125088.49,30
CUST-025434,30253.8,17
CUST-025436,652.18,36
CUST-025437,29785.54,54
CUST-025438,5763.02,37
CUST-025439,24473.9,33
CUST-025440,7777.05,4
CUST-025441,3761.5,29
CUST-025442,98571.71,0
CUST-025444,130077.02,17
CUST-025445,117037.13,28
CUST-025446,3326.47,31
CUST-025447,130858.12,21
CUST-025448,85048.22,35
CUST-025449,97186.66,2
CUST-025451,26669.08,60
CUST-025452,61143.44,21
CUST-025453,64618.14,33
CUST-025457,25703.79,74
CUST-025458,1474.1,26
CUST-025459,30991.65,22
CUST-025460,4851.88,20
CUST-025461,46406.77,12
CUST-025462,19521.28,26
CUST-025463,1328.54,44
CUST-025464,110197.25,40
CUST-025465,154530.76,0
CUST-025466,44485.81,25
CUST-025468,2835.76,20
CUST-025469,55266.43,7
CUST-025470,3678.49,17
CUST-025471,10490.49,20
CUST-025472,30078.17,45
CUST-025474,5889.09,33
CUST-025475,3578.97,65
CUST-025476,4861.54,59
CUST-025477,28172.86,4
CUST-025478,175103.95,4
CUST-025479,82589.22,39
CUST-025480,35125.49,38
CUST-025482,102464.25,9
CUST-025483,7609.35,46
CUST-025485,1802.78,27
CUST-025487,38437.91,0
CUST-025488,36076.06,26
CUST-025489,78197.18,7
CUST-025490,66201.85,55
CUST-025491,8559.47,4
CUST-025492,32132.23,2
CUST-025493,178354.79,15
CUST-025494,12463.4,9
CUST-025495,1967.18,31
CUST-025497,20221.56,44
CUST-025499,66417.16,21
CUST-025500,187405.12,10
CUST-025501,92951.21,5
CUST-025502,10891.65,48
CUST-025503,117440.28,43
CUST-025504,3242.9,41
CUST-025505,9138.86,13
CUST-025506,4798.23,38
CUST-025508,1797.79,20
CUST-025509,3255.8,50
CUST-025510,79025.05,0
CUST-025511,15810.54,12
CUST-025512,70722.37,38
CUST-025513,37857.5,5
CUST-025514,61740.44,51
CUST-025515,72430.97,31
CUST-025516,48344.55,30
CUST-025517,19865.4,0
CUST-025518,46469.59,50
CUST-025519,466.39,73
CUST-025520,88095.81,47
CUST-025521,13956.23,6
CUST-025522,14354.11,7
CUST-025523,61610.5,2
CUST-025524,45228.32,23
CUST-025525,86031.96,37
CUST-025526,2434.42,39
CUST-025527,34010.55,0
CUST-025528,54766.56,14
CUST-025531,9432.49,20
CUST-025532,5301.03,39
CUST-025533,9188.02,22
CUST-025535,49371.21,8
CUST-025536,154637.59,33
CUST-025538,96372.89,63
CUST-025539,19923.5,31
CUST-025540,96836.55,9
CUST-025541,22862.8,0
CUST-025543,73712.15,2
CUST-025544,68353.45,59
CUST-025545,2251.67,38
CUST-025546,236638.92,4
CUST-025547,4668.86,34
CUST-025548,99218.64,9
CUST-025550,206546.5,36
CUST-025551,44721.72,46
CUST-025552,100657.67,31
CUST-025553,24703.69,0
CUST-025554,14689.33,9
CUST-025555,18618.72,35
CUST-025557,72575.52,60
CUST-025558,16751.83,21
CUST-025559,19050.6,35
CUST-025560,95846.26,23
CUST-025561,9326.4,0
CUST-025564,138973.77,0
CUST-025565,73305.8,23
CUST-025567,134181.47,49
CUST-025568,164242.21,21
CUST-025569,41707.98,61
CUST-025570,51865.49,53
CUST-025571,32214.88,19
CUST-025572,56805.45,45
CUST-025575,1963.69,40
CUST-025576,103767.57,16
CUST-025577,113656.58,50
CUST-025578,31911.16,48
CUST-025579,31525.83,11
CUST-025580,8465.02,24
CUST-025582,2597.94,77
CUST-025583,100461.19,72
CUST-025584,63653.23,49
CUST-025585,39821.84,0
CUST-025586,113751.51,35
CUST-025588,224087.01,1
CUST-025589,17997.32,6
CUST-025590,687.98,16
CUST-025591,160433.29,51
CUST-025592,22706.51,13
CUST-025593,7077.2,17
CUST-025595,24676.81,9
CUST-025596,169386.4,50
CUST-025597,23473.5,8
CUST-025598,19208.63,0
CUST-025600,51963.33,21
CUST-025601,148218.2,24
CUST-025602,89711.85,37
CUST-025603,54536.1,0
CUST-025604,15698.68,32
CUST-025606,73279.81,58
CUST-025607,88312.16,32
CUST-025608,73891.4,25
CUST-025611,3349.28,0
CUST-025612,43485.19,22
CUST-025613,107043.4,60
CUST-025614,40282.22,9
CUST-025615,47894.94,36
CUST-025617,145034.28,44
CUST-025618,10266.52,25
CUST-025619,20409.56,20
CUST-025620,143078.31,35
CUST-025621,3554.89,34
CUST-025622,57413.05,0
CUST-025623,28634.13,7
CUST-025624,47119.56,39
CUST-025625,40985.94,49
CUST-025626,25878.76,10
CUST-025627,27865.21,29
CUST-025629,9920.97,23
CUST-025630,33896.5,14
CUST-025631,25722.18,24
CUST-025633,43311.66,49
CUST-025634,2828.85,6
CUST-025635,4421.97,46
CUST-025636,15662.21,30
CUST-025637,52980.96,13
CUST-025638,1119.85,13
CUST-025639,102740.95,26
CUST-025640,33883.34,0
CUST-025641,6101.79,28
CUST-025642,69940.79,42
CUST-025644,172220.87,11
CUST-025645,24026.36,54
CUST-025646,2465.92,28
CUST-025647,17373.03,0
CUST-025648,18129.22,1
CUST-025649,132747.75,46
CUST-025650,68343.89,17
CUST-025651,105852.86,23
CUST-025652,14018.49,63
CUST-025653,23705.2,31
CUST-025654,17506.7,28
CUST-025655,68822.39,34
CUST-025656,34061.71,7
CUST-025657,82458.62,46
CUST-025658,40698.96,6
CUST-025659,134578.34,41
CUST-025663,8181.66,0
CUST-025664,9583.91,16
CUST-025665,31682.43,25
CUST-025667,14523.77,14
CUST-025668,58966.08,6
CUST-025670,75421.99,54
CUST-025671,81747.64,23
CUST-025672,24181.46,0
CUST-025673,11484.41,15
CUST-025676,47206.68,32
CUST-025677,26182.57,17
CUST-025678,30407.59,19
CUST-025680,42720.22,25
CUST-025682,2126.47,42
CUST-025683,61136.2,25
CUST-025684,8279.92,39
CUST-025686,16594.48,26
CUST-025688,20033.26,34
CUST-025689,112872.29,69
CUST-025690,75146.7,18
CUST-025691,36319.0,43
CUST-025692,22018.11,56
CUST-025693,65632.34,0
CUST-025694,85434.55,12
CUST-025696,1215.37,19
CUST-025697,5722.1,74
CUST-025699,112366.15,60
CUST-025700,138028.8,2
CUST-025701,32053.67,2
CUST-025702,149435.62,0
CUST-025703,100479.09,19
CUST-025704,11280.74,41
CUST-025706,191.99,10
CUST-025707,29191.58,23
CUST-025708,27038.36,0
CUST-025709,127147.24,24
CUST-025710,1329.53,51
CUST-025711,60666.58,37
CUST-025712,9934.44,31
CUST-025713,8369.94,33
CUST-025715,12647.18,8
CUST-025718,44117.37,47
CUST-025719,1809.42,16
CUST-025720,134212.79,0
CUST-025721,82913.27,0
CUST-025722,77763.9,18
CUST-025723,15833.65,65
CUST-025724,39957.27,18
CUST-025725,150248.05,15
CUST-025726,105364.39,18
CUST-025727,71641.39,19
CUST-025728,207362.41,14
CUST-025729,43622.66,63
CUST-025730,52768.8,8
CUST-025732,56563.61,28
CUST-025733,43490.27,34
CUST-025734,39018.91,25
CUST-025735,57605.72,18
CUST-025736,42933.82,21
CUST-025738,5594.37,0
CUST-025739,6941.93,74
CUST-025740,10823.76,0
CUST-025741,56933.25,28
CUST-025742,23544.88,64
CUST-025743,2520.9,26
CUST-025744,22637.37,41
CUST-025745,36437.31,22
CUST-025746,614.25,65
CUST-025747,62062.57,42
CUST-025749,4790.11,9
CUST-025750,3053.93,21
CUST-025751,8927.48,22
CUST-025752,1101.42,58
CUST-025753,60601.83,63
CUST-025755,50126.73,69
CUST-025756,59495.66,37
CUST-025757,7120.47,36
CUST-025758,18470.79,43
CUST-025761,26106.53,0
CUST-025762,256846.28,34
CUST-025763,191751.66,8
CUST-025764,65220.52,7
CUST-025766,28956.78,36
CUST-025767,8425.81,71
CUST-025770,29400.67,45
CUST-025772,91706.13,24
CUST-025773,203370.11,36
CUST-025774,25570.42,39
CUST-025775,8752.89,49
CUST-025776,1164.79,49
CUST-025777,5237.97,32
CUST-025778,28091.12,20
CUST-025779,14296.27,21
CUST-025781,0.0,68
CUST-025782,3535.82,7
CUST-025783,62562.81,47
CUST-025784,49211.2,47
CUST-025785,85027.06,20
CUST-025786,44215.4,3
CUST-025787,19357.51,5
CUST-025789,1324.69,70
CUST-025790,29475.37,29
CUST-025792,34522.53,48
CUST-025793,156856.31,70
CUST-025794,34666.26,50
CUST-025795,14955.48,5
CUST-025796,181569.61,47
CUST-025797,81456.32,20
CUST-025798,50428.55,0
CUST-025799,1343.07,32
CUST-025800,206400.16,54
CUST-025801,29375.09,16
CUST-025802,540.71,83
CUST-025803,65767.33,45
CUST-025804,104588.67,42
CUST-025806,108644.09,35
CUST-025808,88452.44,22
CUST-025810,25302.28,16
CUST-025811,45527.19,32
CUST-025814,625.34,27
CUST-025815,31654.0,35
CUST-025817,17956.7,38
CUST-025818,1026.91,6
CUST-025819,2403.87,38
CUST-025820,47847.21,37
CUST-025821,80645.84,24
CUST-025822,42368.71,4
CUST-025823,124843.75,32
CUST-025824,35444.66,40
CUST-025825,100876.29,56
CUST-025826,50396.86,54
CUST-025827,2810.85,90
CUST-025829,64926.01,26
CUST-025832,41369.75,22
CUST-025833,19830.87,5
CUST-025834,66437.68,0
CUST-025835,124588.31,65
CUST-025836,28710.86,43
CUST-025837,65807.57,37
CUST-025839,117.59,58
CUST-025840,27953.93,15
CUST-025841,65649.92,17
CUST-025843,70481.24,30
CUST-025844,136374.14,32
CUST-025845,96583.72,35
CUST-025846,6104.96,0
CUST-025849,20758.77,0
CUST-025850,120170.61,5
CUST-025852,25926.41,30
CUST-025853,15486.21,51
CUST-025854,61824.73,15
CUST-025855,17281.39,16
CUST-025856,23104.94,22
CUST-025857,216297.75,48
CUST-025858,6100.51,50
CUST-025859,36049.65,24
CUST-025860,28168.46,45
CUST-025861,115829.25,47
CUST-025862,31195.26,45
CUST-025863,26371.49,48
CUST-025864,152207.58,49
CUST-025865,107428.89,18
CUST-025868,2928.0,32
CUST-025869,30478.89,36
CUST-025870,138197.98,10
CUST-025871,95796.11,0
CUST-025872,123977.93,9
CUST-025873,15288.22,24
CUST-025875,2327.57,44
CUST-025876,29944.9,36
CUST-025877,106869.12,25
CUST-025879,14735.3,39
CUST-025880,127660.25,48
CUST-025881,173527.81,0
CUST-025882,15986.62,5
CUST-025884,3279.85,67
CUST-025886,4484.86,8
CUST-025887,85465.28,6
CUST-025888,128288.66,47
CUST-025889,4941.47,47
CUST-025890,21977.13,32
CUST-025891,214573.91,38
CUST-025893,4238.46,41
CUST-025894,10261.08,0
CUST-025895,3498.49,39
CUST-025897,5834.65,46
CUST-025898,18037.84,4
CUST-025899,1031.89,56
CUST-025902,31419.21,42
CUST-025903,32387.8,45
CUST-025904,3997.58,0
CUST-025905,68614.92,20
CUST-025906,47166.82,0
CUST-025907,19734.3,50
CUST-025908,30520.55,51
CUST-025909,38956.7,15
CUST-025910,26021.43,71
CUST-025913,163042.37,34
CUST-025915,4372.47,59
CUST-025916,174657.5,55
CUST-025917,5934.71,6
CUST-025918,69875.27,45
CUST-025920,129149.29,12
CUST-025921,83836.99,31
CUST-025922,22268.84,14
CUST-025923,73471.94,46
CUST-025924,7002.17,8
CUST-025926,127573.52,49
CUST-025927,147323.11,17
CUST-025928,674.81,68
CUST-025929,32163.17,24
CUST-025930,44566.08,60
CUST-025931,158103.27,36
CUST-025932,151004.09,1
CUST-025933,26477.13,18
CUST-025934,1972.46,73
CUST-025935,92855.71,7
CUST-025936,66272.45,65
CUST-025937,25623.26,37
CUST-025939,16054.74,0
CUST-025940,32278.27,23
CUST-025943,8340.1,7
CUST-025944,35901.66,34
CUST-025945,95007.83,36
CUST-025946,34585.71,21
CUST-025947,2090.61,54
CUST-025948,23924.1,48
CUST-025950,54918.94,42
CUST-025952,111347.99,9
CUST-025953,27825.11,23
CUST-025955,47584.86,86
CUST-025957,45260.34,61
CUST-025958,18268.67,9
CUST-025959,66824.31,50
CUST-025960,9866.29,30
CUST-025961,76787.82,21
CUST-025962,6951.83,50
CUST-025964,7942.7,33
CUST-025965,2760.4,22
CUST-025966,24491.13,0
CUST-025967,20345.53,26
CUST-025968,32959.5,34
CUST-025969,3806.19,54
CUST-025970,43366.44,41
CUST-025972,4826.62,32
CUST-025973,29168.01,49
CUST-025974,135181.53,22
CUST-025975,40179.36,32
CUST-025976,69707.59,25
CUST-025977,144052.46,77
CUST-025978,134245.87,8
CUST-025979,155712.49,25
CUST-025980,1430.1,9
CUST-025983,61181.47,30
CUST-025984,4770.04,35
CUST-025986,17829.4,40
CUST-025987,39257.57,8
CUST-025988,62109.13,4
CUST-025989,778.1,34
CUST-025990,1158.42,19
CUST-025991,37759.53,4
CUST-025992,38109.31,22
CUST-025993,42643.72,44
CUST-025994,250.64,70
CUST-025995,25582.84,12
CUST-025996,65403.13,5
CUST-025997,15032.5,17
CUST-025998,28198.59,14
CUST-025999,43950.13,7
CUST-026000,2738.5,33
CUST-026001,48971.38,61
CUST-026002,67677.74,23
CUST-026003,33643.38,24
CUST-026005,29053.53,74
CUST-026006,64053.76,22
CUST-026008,103871.91,40
CUST-026009,86899.94,32
CUST-026010,49901.55,33
CUST-026013,27594.24,49
CUST-026014,32661.29,10
CUST-026015,22991.27,31
CUST-026016,135854.97,0
CUST-026017,191038.44,10
CUST-026018,6779.25,23
CUST-026019,14925.7,70
CUST-026020,65896.51,0
CUST-026021,3311.14,0
CUST-026022,3272.65,21
CUST-026023,47731.56,18
CUST-026024,19125.89,19
CUST-026025,23889.08,50
CUST-026026,40769.04,55
CUST-026027,21673.29,31
CUST-026028,36296.16,0
CUST-026029,126938.8,39
CUST-026030,2682.47,30
CUST-026032,2486.93,50
CUST-026033,20725.55,35
CUST-026034,167523.05,0
CUST-026035,45010.54,39
CUST-026036,98223.51,26
CUST-026037,55130.87,44
CUST-026039,7589.15,0
CUST-026040,44790.11,19
CUST-026041,63526.26,38
CUST-026043,51173.07,16
CUST-026044,15593.14,52
CUST-026045,58698.45,0
CUST-026046,69638.05,2
CUST-026047,218173.63,15
CUST-026049,123447.95,33
CUST-026050,5448.91,5
CUST-026051,2380.67,57
CUST-026052,36361.01,25
CUST-026053,30130.5,60
CUST-026054,111390.69,0
CUST-026057,13773.91,30
CUST-026058,2057.05,0
CUST-026059,39551.0,23
CUST-026060,132277.21,46
CUST-026062,4569.63,25
CUST-026063,107279.63,75
CUST-026065,27062.54,25
CUST-026066,37674.87,32
CUST-026068,84152.56,40
CUST-026069,4858.17,9
CUST-026070,52629.37,32
CUST-026071,167767.65,42
CUST-026075,75932.37,13
CUST-026076,11838.44,73
CUST-026077,1553.58,30
CUST-026078,34852.71,32
CUST-026079,27024.39,17
CUST-026080,43824.61,19
CUST-026081,84871.53,33
CUST-026082,149109.47,20
CUST-026083,8059.49,70
CUST-026087,8409.31,25
CUST-026088,58703.19,53
CUST-026089,30915.91,23
CUST-026091,8720.68,65
CUST-026092,29964.63,47
CUST-026093,90729.98,22
CUST-026094,13433.7,42
CUST-026095,30426.16,39
CUST-026096,6858.17,33
CUST-026097,143669.58,7
CUST-026098,65583.64,0
CUST-026099,3327.31,18
CUST-026100,26451.18,25
CUST-026101,20747.44,17
CUST-026103,108388.73,0
CUST-026104,61702.29,31
CUST-026105,81882.08,5
CUST-026106,39822.69,49
CUST-026108,8190.38,14
CUST-026109,32690.48,38
CUST-026110,1298.32,50
CUST-026111,5018.79,0
CUST-026112,71.86,14
CUST-026113,3756.57,11
CUST-026114,104637.51,49
CUST-026115,6363.7,8
CUST-026116,137308.04,0
CUST-026117,35226.81,4
CUST-026118,32343.52,22
CUST-026119,203518.98,28
CUST-026120,78186.15,0
CUST-026121,129392.18,29
CUST-026122,2221.5,14
CUST-026123,151655.99,12
CUST-026124,36092.67,11
CUST-026125,21324.62,22
CUST-026126,102043.98,32
CUST-026128,20434.82,42
CUST-026129,141311.14,7
CUST-026130,34394.99,17
CUST-026131,8949.93,8
CUST-026133,57081.22,22
CUST-026134,1308.65,70
CUST-026135,3161.62,0
CUST-026136,135058.09,21
CUST-026137,33308.78,15
CUST-026139,7432.91,34
CUST-026141,111718.1,27
CUST-026142,37636.92,10
CUST-026144,3551.89,2
CUST-026145,46963.22,4
CUST-026146,192242.19,25
CUST-026147,30803.83,72
CUST-026148,48371.71,30
CUST-026149,51138.33,40
CUST-026150,77798.48,0
CUST-026151,20664.45,0
CUST-026152,15388.61,37
CUST-026154,118161.27,17
CUST-026155,95459.96,66
CUST-026156,53715.95,16
CUST-026158,22434.27,30
CUST-026160,79863.36,24
CUST-026161,4471.92,40
CUST-026162,82055.97,47
CUST-026163,46356.97,14
CUST-026164,120658.91,31
CUST-026166,7970.16,18
CUST-026167,60637.19,26
CUST-026168,31867.55,21
CUST-026170,69334.58,18
CUST-026171,106525.04,6
CUST-026172,19541.02,2
CUST-026173,30432.96,25
CUST-026174,47869.93,40
CUST-026175,36951.45,48
CUST-026178,27016.7,0
CUST-026180,20963.69,7
CUST-026181,90153.1,41
CUST-026182,1074.94,0
CUST-026184,58125.13,40
CUST-026185,96442.29,29
CUST-026187,18917.95,27
CUST-026188,38326.32,25
CUST-026189,11906.83,58
CUST-026190,193737.52,19
CUST-026191,67614.99,43
CUST-026192,91967.91,20
CUST-026193,82166.97,69
CUST-026194,112771.65,57
CUST-026195,6814.99,53
CUST-026196,23261.63,15
CUST-026197,7022.16,18
CUST-026198,157725.96,0
CUST-026199,4602.65,33
CUST-026200,6137.29,1
CUST-026201,84376.74,25
CUST-026202,26133.22,0
CUST-026203,12954.39,0
CUST-026204,37982.51,0
CUST-026205,65034.99,60
CUST-026206,97637.65,40
CUST-026207,107464.03,0
CUST-026208,39939.43,66
CUST-026209,160018.79,40
CUST-026211,215189.43,29
CUST-026212,51415.1,3
CUST-026213,85481.17,35
CUST-026214,76901.86,21
CUST-026215,155894.64,43
CUST-026216,95740.75,32
CUST-026218,151378.01,28
CUST-026220,140122.65,48
CUST-026221,86650.66,21
CUST-026222,2723.14,40
CUST-026223,26338.02,0
CUST-026224,102562.89,25
CUST-026225,9324.24,37
CUST-026226,77871.69,17
CUST-026227,31836.5,34
CUST-026228,44316.57,35
CUST-026229,90339.26,82
CUST-026230,101053.4,16
CUST-026231,10574.51,64
CUST-026233,144651.15,24
CUST-026234,149435.94,31
CUST-026235,87086.24,49
CUST-026237,33722.91,44
CUST-026239,54605.47,10
CUST-026240,54935.14,23
CUST-026241,38034.29,8
CUST-026243,26184.42,20
CUST-026244,4503.52,14
CUST-026245,132600.84,42
CUST-026246,124109.55,20
CUST-026247,16724.0,38
CUST-026248,34937.02,0
CUST-026249,63092.49,35
CUST-026250,108059.22,55
CUST-026251,33633.08,61
CUST-026252,10373.69,26
CUST-026253,19296.75,24
CUST-026254,11161.42,10
CUST-026256,3084.51,48
CUST-026257,7861.45,9
CUST-026258,3223.0,38
CUST-026259,70742.22,41
CUST-026260,27981.76,25
CUST-026262,14054.63,0
CUST-026265,21282.35,30
CUST-026266,27142.24,0
CUST-026267,36786.82,46
CUST-026268,82556.27,25
CUST-026270,35661.56,5
CUST-026271,113701.17,9
CUST-026272,71777.57,23
CUST-026273,58473.23,34
CUST-026275,7381.87,59
CUST-026276,71994.49,22
CUST-026277,761.94,0
CUST-026278,20375.62,47
CUST-026279,36742.75,64
CUST-026280,80444.85,50
CUST-026282,125450.06,21
CUST-026283,13881.48,15
CUST-026284,16044.99,19
CUST-026285,12544.79,56
CUST-026286,38266.58,30
CUST-026288,76992.79,48
CUST-026289,41619.7,26
CUST-026290,105914.65,7
CUST-026291,1615.06,53
CUST-026292,21970.67,21
CUST-026293,7413.43,49
CUST-026294,153951.51,35
CUST-026296,76627.64,48
CUST-026297,2884.0,66
CUST-026298,42389.66,15
CUST-026299,566.23,70
CUST-026300,19370.77,21
CUST-026301,187183.06,62
CUST-026302,15038.22,39
CUST-026303,57852.38,57
CUST-026305,72301.8,12
CUST-026306,5039.56,0
CUST-026308,55929.81,2
CUST-026310,38682.79,24
CUST-026311,148459.07,64
CUST-026312,5370.39,47
CUST-026313,121276.79,14
CUST-026314,12144.16,56
CUST-026316,36905.01,7
CUST-026317,26317.79,0
CUST-026318,21251.86,48
CUST-026319,11991.92,24
CUST-026321,20700.08,19
CUST-026322,2876.73,24
CUST-026323,9245.83,9
CUST-026325,2065.8,46
CUST-026326,65315.66,18
CUST-026328,35032.64,23
CUST-026330,1343.57,63
CUST-026332,62028.12,16
CUST-026337,46820.61,21
CUST-026338,10335.22,31
CUST-026339,112154.47,8
CUST-026340,93899.31,52
CUST-026341,18827.51,7
CUST-026343,116385.75,21
CUST-026345,9373.27,0
CUST-026346,20496.26,21
CUST-026347,91663.11,72
CUST-026348,54344.84,4
CUST-026350,5557.49,44
CUST-026352,18844.09,58
CUST-026353,69902.67,17
CUST-026356,11285.72,30
CUST-026357,46467.3,9
CUST-026359,106604.01,13
CUST-026360,12121.12,35
CUST-026364,51821.37,0
CUST-026366,34237.32,0
CUST-026368,6618.58,5
CUST-026369,43343.46,30
CUST-026370,34944.32,31
CUST-026371,61609.3,24
CUST-026372,20487.84,0
CUST-026373,89232.05,11
CUST-026374,13599.92,56
CUST-026376,3173.98,32
CUST-026378,82957.66,6
CUST-026380,138373.0,20
CUST-026381,1457.73,0
CUST-026382,148574.64,9
CUST-026383,26522.71,0
CUST-026385,40143.73,13
CUST-026386,20984.1,49
CUST-026387,49319.95,81
CUST-026388,104114.09,56
CUST-026389,21879.6,31
CUST-026391,24342.76,32
CUST-026393,23568.63,21
CUST-026394,117791.87,18
CUST-026395,55151.77,5
CUST-026398,33595.8,0
CUST-026399,77151.11,17
CUST-026400,15262.38,16
CUST-026401,45316.84,25
CUST-026402,98765.7,0
CUST-026405,118818.08,26
CUST-026406,16863.69,24
CUST-026408,36372.21,58
CUST-026409,82275.3,12
CUST-026412,21642.61,17
CUST-026413,65493.12,64
CUST-026414,41070.32,33
CUST-026415,149415.35,8
CUST-026416,7104.29,23
CUST-026417,62459.71,3
CUST-026418,103920.73,20
CUST-026419,74447.09,22
CUST-026420,104364.94,57
CUST-026421,9987.09,0
CUST-026422,101061.19,15
CUST-026423,142846.4,25
CUST-026424,144502.8,42
CUST-026425,203727.04,87
CUST-026426,208101.92,34
CUST-026427,1579.57,6
CUST-026428,104003.75,48
CUST-026430,31207.38,44
CUST-026432,0.0,100
CUST-026433,11234.64,33
CUST-026434,73829.24,45
CUST-026435,213360.27,4
CUST-026436,102225.94,20
CUST-026437,43426.09,13
CUST-026438,45871.37,23
CUST-026439,80408.01,36
CUST-026440,3161.27,62
CUST-026441,18016.7,31
CUST-026442,220057.58,9
CUST-026443,44322.94,21
CUST-026444,99163.07,30
CUST-026446,42741.09,53
CUST-026447,12743.26,34
CUST-026448,26457.77,42
CUST-026449,9058.5,19
CUST-026450,89947.7,0
CUST-026451,49644.81,15
CUST-026452,49287.55,17
CUST-026454,1285.38,36
CUST-026456,112841.65,16
CUST-026457,68486.07,24
CUST-026460,155089.91,34
CUST-026461,30162.01,22
CUST-026462,60254.68,35
CUST-026463,108163.24,19
CUST-026465,1173.13,35
CUST-026466,54635.42,1
CUST-026467,117623.92,16
CUST-026468,128066.16,45
CUST-026469,177410.28,0
CUST-026470,142090.53,0
CUST-026471,4920.21,23
CUST-026473,88098.91,24
CUST-026475,75997.86,30
CUST-026476,53904.08,5
CUST-026478,100509.67,22
CUST-026479,133323.22,5
CUST-026480,100875.1,24
CUST-026481,12468.4,16
CUST-026482,144525.62,13
CUST-026483,85444.96,7
CUST-026484,10845.41,41
CUST-026485,9197.61,16
CUST-026486,101773.5,0
CUST-026487,17768.11,46
CUST-026488,179389.65,30
CUST-026489,109554.58,39
CUST-026490,182530.2,3
CUST-026491,4867.18,0
CUST-026494,77264.9,37
CUST-026495,4457.56,41
CUST-026497,42359.91,58
CUST-026499,40767.68,32
CUST-026500,144321.58,0
CUST-026501,36773.9,46
CUST-026503,87639.12,48
CUST-026505,138532.11,51
CUST-026506,42392.7,39
CUST-026508,6099.9,17
CUST-026509,4409.47,55
CUST-026510,7807.82,35
CUST-026513,10573.37,44
CUST-026514,32165.66,28
CUST-026515,7906.24,52
CUST-026516,115347.45,6
CUST-026519,16585.04,0
CUST-026520,14556.71,43
CUST-026521,9453.97,23
CUST-026522,5870.07,5
CUST-026523,21478.27,25
CUST-026524,50197.0,0
CUST-026525,26218.45,20
CUST-026526,105992.03,38
CUST-026527,8677.43,49
CUST-026529,6008.2,32
CUST-026531,107958.29,16
CUST-026532,27057.14,0
CUST-026533,21452.22,48
CUST-026535,9305.62,0
CUST-026536,25723.01,6
CUST-026537,157123.12,80
CUST-026538,110457.03,0
CUST-026540,38629.51,81
CUST-026544,53350.71,15
CUST-026545,102143.1,22
CUST-026548,10155.72,48
CUST-026549,115160.54,46
CUST-026550,77277.11,31
CUST-026552,23433.07,32
CUST-026553,103593.04,17
CUST-026554,35382.95,60
CUST-026555,30137.59,0
CUST-026556,134558.96,0
CUST-026557,94041.98,35
CUST-026558,144906.38,1
CUST-026559,43016.05,57
CUST-026560,8684.46,41
CUST-026561,96245.37,0
CUST-026563,4795.97,54
CUST-026564,48841.32,14
CUST-026565,143926.38,46
CUST-026567,130507.71,50
CUST-026568,13958.17,48
CUST-026569,31406.49,23
CUST-026570,15961.35,18
CUST-026571,96074.38,19
CUST-026572,2753.17,0
CUST-026573,17642.84,52
CUST-026574,119366.53,0
CUST-026576,40249.62,30
CUST-026577,13888.67,55
CUST-026578,4396.74,33
CUST-026579,20946.47,39
CUST-026580,18586.95,70
CUST-026581,107667.99,27
CUST-026583,28911.03,0
CUST-026584,30671.36,33
CUST-026585,182119.65,42
CUST-026586,13990.69,37
CUST-026587,26463.41,0
CUST-026588,72850.99,7
CUST-026589,6833.19,2
CUST-026590,113557.05,41
CUST-026591,17783.81,63
CUST-026592,88666.34,44
CUST-026593,50694.88,58
CUST-026596,68824.61,35
CUST-026597,85425.27,9
CUST-026598,3535.28,20
CUST-026599,33793.05,8
CUST-026600,30907.46,46
CUST-026602,38039.0,56
CUST-026603,77464.37,44
CUST-026604,134761.37,28
CUST-026605,5845.65,29
CUST-026606,76104.13,61
CUST-026607,109270.6,23
CUST-026610,83676.84,42
CUST-026611,90991.24,24
CUST-026612,90634.55,35
CUST-026613,145621.58,7
CUST-026614,185247.17,0
CUST-026615,38139.43,59
CUST-026616,50098.6,67
CUST-026617,4731.37,33
CUST-026618,80143.95,5
CUST-026619,22500.41,20
CUST-026620,36115.69,11
CUST-026623,31320.28,56
CUST-026624,216.39,12
CUST-026625,10288.92,19
CUST-026626,70148.84,32
CUST-026627,6682.84,35
CUST-026628,1477.57,7
CUST-026629,14456.71,41
CUST-026631,429.63,10
CUST-026632,112829.44,32
CUST-026633,57831.52,49
CUST-026636,42214.04,5
CUST-026637,22261.49,29
CUST-026638,45186.41,22
CUST-026639,18341.19,19
CUST-026640,139561.69,7
CUST-026641,46739.19,45
CUST-026642,91929.57,31
CUST-026643,121216.49,0
CUST-026647,41917.38,79
CUST-026648,5322.75,28
CUST-026649,99576.24,21
CUST-026650,4122.79,35
CUST-026651,76344.64,20
CUST-026652,29915.72,0
CUST-026653,85659.99,37
CUST-026654,1884.42,38
CUST-026655,127196.97,18
CUST-026656,40325.32,33
CUST-026657,18890.67,6
CUST-026658,48694.54,9
CUST-026659,11005.66,0
CUST-026660,17111.87,7
CUST-026661,426.09,10
CUST-026662,123050.6,7
CUST-026663,91595.4,40
CUST-026664,107464.17,55
CUST-026665,25032.17,46
CUST-026666,192516.38,24
CUST-026667,51917.87,29
CUST-026668,5609.39,40
CUST-026669,26118.8,77
CUST-026671,7486.69,48
CUST-026672,33295.79,18
CUST-026673,81405.42,8
CUST-026674,158557.47,58
CUST-026675,86918.84,0
CUST-026676,2237.98,12
CUST-026677,167689.58,42
CUST-026680,22205.01,60
CUST-026681,80652.34,26
CUST-026682,49620.94,32
CUST-026683,151313.75,15
CUST-026685,202667.63,9
CUST-026686,100370.08,0
CUST-026687,9252.5,8
CUST-026688,81812.01,23
CUST-026689,33458.29,30
CUST-026692,1342.64,48
CUST-026694,45882.46,0
CUST-026695,44561.3,54
CUST-026697,13869.27,18
CUST-026698,929.57,10
CUST-026699,68763.79,0
CUST-026700,48713.46,12
CUST-026702,35307.49,0
CUST-026704,24567.74,40
CUST-026705,6704.31,15
CUST-026706,7809.98,0
CUST-026707,162899.1,19
CUST-026708,105346.05,33
CUST-026709,9236.67,12
CUST-026710,32711.33,44
CUST-026711,102323.08,35
CUST-026712,187129.76,0
CUST-026713,9579.35,17
CUST-026714,18406.85,50
CUST-026715,1627.91,30
CUST-026716,5307.5,49
CUST-026718,108869.28,0
CUST-026719,2681.49,0
CUST-026721,74566.67,5
CUST-026722,26638.77,0
CUST-026724,126539.71,18
CUST-026725,173656.27,48
CUST-026726,36386.14,71
CUST-026728,2065.2,48
CUST-026729,25705.77,11
CUST-026730,260393.94,10
CUST-026732,21156.85,42
CUST-026733,3614.61,35
CUST-026735,74762.04,38
CUST-026737,20785.08,29
CUST-026738,30133.54,15
CUST-026740,149245.4,26
CUST-026741,42191.76,40
CUST-026742,17087.38,10
CUST-026743,29190.39,6
CUST-026744,110984.29,45
CUST-026746,25960.24,57
CUST-026747,9629.75,33
CUST-026748,150329.6,5
CUST-026749,80695.24,67
CUST-026751,34508.49,31
CUST-026752,36493.38,62
CUST-026755,0.0,43
CUST-026757,70094.31,57
CUST-026758,218770.07,25
CUST-026759,1228.41,54
CUST-026760,11310.32,7
CUST-026762,91677.14,33
CUST-026763,33057.98,10
CUST-026764,3863.83,30
CUST-026765,33577.43,47
CUST-026767,2696.46,53
CUST-026768,195945.15,53
CUST-026771,59033.62,17
CUST-026772,73464.87,0
CUST-026774,37472.4,42
CUST-026775,154545.38,44
CUST-026776,81315.01,9
CUST-026778,71752.49,13
CUST-026779,119659.33,13
CUST-026780,8559.42,6
CUST-026781,168138.37,34
CUST-026782,48916.07,25
CUST-026783,6462.55,50
CUST-026784,154894.04,18
CUST-026785,1619.88,12
CUST-026786,79138.38,46
CUST-026787,72696.87,2
CUST-026789,34900.05,35
CUST-026791,144507.68,35
CUST-026792,2806.31,44
CUST-026794,64971.21,17
CUST-026796,19084.87,0
CUST-026797,48999.84,46
CUST-026798,39644.11,3
CUST-026799,118580.77,87
CUST-026800,30374.06,20
CUST-026802,1830.56,21
CUST-026803,120263.06,39
CUST-026805,153272.82,36
CUST-026807,122376.16,12
CUST-026808,2532.6,20
CUST-026810,150467.01,57
CUST-026811,25734.47,15
CUST-026812,1071.48,30
CUST-026814,46266.55,68
CUST-026815,102897.07,58
CUST-026816,37439.83,32
CUST-026818,193017.81,29
CUST-026819,10754.73,48
CUST-026820,96976.85,32
CUST-026824,114784.12,65
CUST-026825,76937.44,30
CUST-026826,3251.31,44
CUST-026827,9532.19,33
CUST-026828,53377.65,0
CUST-026829,169532.56,57
CUST-026830,76163.35,23
CUST-026832,108737.44,10
CUST-026833,24694.22,49
CUST-026834,14676.94,24
CUST-026835,73185.15,0
CUST-026836,1373.25,31
CUST-026837,114311.39,20
CUST-026839,39169.01,28
CUST-026840,47364.81,17
CUST-026841,2811.26,48
CUST-026842,54491.29,16
CUST-026844,94914.02,32
CUST-026845,14087.57,60
CUST-026846,7743.81,5
CUST-026848,59449.51,15
CUST-026849,10047.87,27
CUST-026850,89404.37,7
CUST-026851,1267.12,43
CUST-026852,91230.44,51
CUST-026854,15413.13,50
CUST-026855,102771.38,15
CUST-026856,55605.24,13
CUST-026858,12297.85,0
CUST-026859,179563.87,9
CUST-026861,13849.7,55
CUST-026862,3547.96,28
CUST-026863,21952.37,38
CUST-026864,9174.46,5
CUST-026865,4199.96,34
CUST-026866,15473.32,43
CUST-026867,32457.54,19
CUST-026868,18339.19,37
CUST-026869,166811.48,19
CUST-026871,79907.37,59
CUST-026872,161901.22,23
CUST-026873,220038.51,27
CUST-026874,3665.69,48
CUST-026875,128819.7,32
CUST-026876,32162.9,0
CUST-026878,19032.94,35
CUST-026880,114035.36,36
CUST-026881,43668.07,25
CUST-026882,13436.85,14
CUST-026883,110885.63,43
CUST-026884,31886.54,23
CUST-026885,111753.8,19
CUST-026886,6589.41,30
CUST-026887,44639.97,7
CUST-026888,50395.35,40
CUST-026891,49156.95,69
CUST-026892,23857.82,0
CUST-026893,28949.53,20
CUST-026894,103737.72,30
CUST-026898,29768.07,45
CUST-026899,10404.13,15
CUST-026900,17970.03,34
CUST-026901,30586.2,56
CUST-026902,62665.3,29
CUST-026903,1515.32,24
CUST-026904,155909.47,4
CUST-026905,18848.16,44
CUST-026906,62976.09,0
CUST-026907,4071.61,17
CUST-026908,73527.12,30
CUST-026909,74048.56,1
CUST-026910,34120.17,22
CUST-026911,70813.98,75
CUST-026912,44869.85,13
CUST-026913,41270.61,65
CUST-026914,66678.92,4
CUST-026915,124702.45,37
CUST-026916,21530.26,9
CUST-026917,407.25,68
CUST-026918,1017.88,43
CUST-026919,72836.52,11
CUST-026920,3353.62,48
CUST-026921,58933.12,85
CUST-026922,9307.61,48
CUST-026923,114820.64,45
CUST-026924,106793.91,35
CUST-026925,149769.31,55
CUST-026926,17519.36,68
CUST-026927,65617.11,27
CUST-026928,241850.23,50
CUST-026929,69274.26,42
CUST-026931,1342.72,34
CUST-026932,91554.08,5
CUST-026934,27803.72,21
CUST-026936,88849.06,0
CUST-026938,123487.14,16
CUST-026941,220845.59,32
CUST-026943,142847.77,23
CUST-026944,41891.21,13
CUST-026945,91708.28,48
CUST-026946,72927.74,21
CUST-026947,162528.48,34
CUST-026948,149744.94,6
CUST-026949,56025.88,14
CUST-026950,48347.23,20
CUST-026951,27621.27,48
CUST-026952,36362.36,0
CUST-026953,38533.7,2
CUST-026954,1105.91,53
CUST-026955,218812.05,44
CUST-026956,38994.3,19
CUST-026957,18871.39,0
CUST-026958,2901.65,72
CUST-026959,92389.89,5
CUST-026960,27184.69,32
CUST-026961,26649.24,59
CUST-026962,8560.31,33
CUST-026963,10848.02,49
CUST-026964,136584.39,24
CUST-026965,21803.73,24
CUST-026966,26809.22,6
CUST-026967,140806.23,0
CUST-026970,19254.4,23
CUST-026972,61283.66,4
CUST-026973,19383.73,13
CUST-026974,48118.12,47
CUST-026975,65756.26,22
CUST-026976,41689.47,0
CUST-026977,1188.79,66
CUST-026978,164827.3,31
CUST-026980,12267.1,37
CUST-026981,3882.69,21
CUST-026982,13843.14,21
CUST-026984,92207.39,28
CUST-026985,83349.19,0
CUST-026987,34216.16,10
CUST-026988,193475.7,9
CUST-026990,117318.59,18
CUST-026991,46541.23,0
CUST-026993,2398.37,37
CUST-026994,102241.54,4
CUST-026996,54259.74,38
CUST-026997,46710.05,0
CUST-026998,74925.09,21
CUST-026999,10777.31,0
CUST-027000,3276.36,37
CUST-027002,178175.95,5
CUST-027003,10955.25,0
CUST-027004,36376.41,70
CUST-027006,156863.73,10
CUST-027007,13873.27,20
CUST-027008,59475.41,13
CUST-027009,61929.38,35
CUST-027010,81357.58,25
CUST-027011,5286.78,0
CUST-027013,86786.95,16
CUST-027014,32517.7,60
CUST-027015,5201.01,7
CUST-027016,26660.46,22
CUST-027017,180096.03,18
CUST-027018,95301.24,17
CUST-027019,152205.52,12
CUST-027020,12302.57,22
CUST-027021,107413.29,1
CUST-027022,97606.4,18
CUST-027023,76537.7,48
CUST-027024,32151.67,38
CUST-027026,58810.89,34
CUST-027027,48178.0,29
CUST-027028,108260.06,21
CUST-027029,116109.55,34
CUST-027030,28226.44,11
CUST-027031,129898.25,21
CUST-027032,7334.7,23
CUST-027033,131958.34,74
CUST-027034,54451.43,18
CUST-027035,9324.65,37
CUST-027036,12669.12,20
CUST-027038,7950.97,16
CUST-027039,132789.41,16
CUST-027040,26751.36,6
CUST-027042,100037.93,24
CUST-027043,107557.23,39
CUST-027044,44699.8,59
CUST-027045,39492.63,3
CUST-027046,25218.25,44
CUST-027047,51338.7,41
CUST-027048,11968.22,55
CUST-027049,82135.11,24
CUST-027050,10487.02,25
CUST-027051,164849.63,0
CUST-027052,140298.17,13
CUST-027053,57762.15,15
CUST-027054,74975.98,47
CUST-027055,4795.64,48
CUST-027057,69377.43,0
CUST-027058,26353.07,16
CUST-027059,33204.18,59
CUST-027060,154072.62,55
CUST-027065,65493.56,45
CUST-027066,31728.66,21
CUST-027067,108921.6,40
CUST-027068,49151.34,13
CUST-027069,10397.28,14
CUST-027070,32969.39,0
CUST-027072,23636.13,45
CUST-027074,27201.12,37
CUST-027076,28324.18,57
CUST-027077,23716.82,0
CUST-027078,83806.78,17
CUST-027080,26367.92,62
CUST-027082,20368.6,0
CUST-027083,85407.43,65
CUST-027084,7004.66,10
CUST-027085,7303.94,2
CUST-027086,6861.75,9
CUST-027087,27541.68,11
CUST-027092,68116.42,30
CUST-027095,65908.45,24
CUST-027097,41929.62,19
CUST-027098,17818.76,25
CUST-027100,16295.4,20
CUST-027101,58515.88,33
CUST-027103,97246.1,25
CUST-027104,47091.67,60
CUST-027105,13923.9,30
CUST-027106,143933.57,42
CUST-027107,124905.52,0
CUST-027108,1793.63,0
CUST-027109,6870.76,20
CUST-027110,25119.34,40
CUST-027112,15450.47,0
CUST-027113,38496.21,42
CUST-027114,140731.05,5
CUST-027115,143369.36,40
CUST-027116,15271.88,68
CUST-027117,138907.44,53
CUST-027118,15007.82,32
CUST-027119,152374.53,40
CUST-027120,90177.25,48
CUST-027121,86225.45,36
CUST-027122,21807.24,51
CUST-027123,32659.3,62
CUST-027125,1337.7,51
CUST-027126,24893.43,0
CUST-027127,45731.59,49
CUST-027128,54896.59,17
CUST-027129,43225.92,0
CUST-027130,3052.98,24
CUST-027131,19302.19,16
CUST-027132,15965.19,30
CUST-027133,14898.73,45
CUST-027135,6079.81,43
CUST-027137,36947.3,11
CUST-027138,1300.78,27
CUST-027139,1269.52,27
CUST-027140,117552.77,33
CUST-027141,69870.41,10
CUST-027142,74079.75,13
CUST-027144,0.0,50
CUST-027145,131451.96,46
CUST-027146,4044.16,24
CUST-027147,18423.23,17
CUST-027148,20101.19,0
CUST-027150,8970.46,33
CUST-027151,103750.0,47
CUST-027152,47183.74,5
CUST-027154,18310.93,50
CUST-027155,110119.53,18
CUST-027156,62006.53,19
CUST-027158,2731.14,18
CUST-027159,122358.84,25
CUST-027161,7875.25,26
CUST-027163,12870.83,64
CUST-027164,67055.73,10
CUST-027165,53533.08,5
CUST-027166,58677.8,31
CUST-027167,162676.11,1
CUST-027168,26536.1,15
CUST-027169,34063.96,23
CUST-027170,133891.69,35
CUST-027171,26852.3,17
CUST-027172,3208.54,47
CUST-027173,60896.33,44
CUST-027174,46025.05,22
CUST-027175,10162.18,31
CUST-027177,54883.36,33
CUST-027178,23076.26,33
CUST-027179,6929.54,27
CUST-027180,22992.32,6
CUST-027181,82368.43,16
CUST-027182,35725.32,42
CUST-027183,61984.31,24
CUST-027184,84716.11,48
CUST-027186,36772.25,31
CUST-027187,11608.34,9
CUST-027188,75901.68,1
CUST-027189,112595.68,38
CUST-027190,33770.81,10
CUST-027191,43881.06,9
CUST-027193,51245.86,10
CUST-027195,38758.38,41
CUST-027196,46496.0,24
CUST-027197,26651.31,0
CUST-027198,45618.28,43
CUST-027199,3585.59,45
CUST-027200,15556.89,7
CUST-027201,221283.63,0
CUST-027202,74636.86,7
CUST-027203,132982.41,44
CUST-027204,12403.07,33
CUST-027206,12359.32,32
CUST-027207,31547.87,7
CUST-027208,21249.38,31
CUST-027209,51528.05,69
CUST-027210,42003.43,30
CUST-027211,100587.96,49
CUST-027213,250480.68,15
CUST-027214,18180.13,70
CUST-027215,14658.46,41
CUST-027216,2013.18,24
CUST-027217,166260.57,15
CUST-027218,7896.9,6
CUST-027220,57492.16,14
CUST-027221,60112.66,4
CUST-027222,39902.38,32
CUST-027223,16657.01,63
CUST-027224,30047.93,18
CUST-027226,71255.58,20
CUST-027227,44310.43,60
CUST-027229,3837.63,38
CUST-027231,117730.82,0
CUST-027232,3058.1,10
CUST-027233,52500.37,32
CUST-027234,27707.89,19
CUST-027235,85278.39,24
CUST-027236,36380.44,0
CUST-027237,77000.59,9
CUST-027240,75838.24,20
CUST-027241,72635.91,35
CUST-027242,35564.97,10
CUST-027243,3334.93,43
CUST-027245,29988.92,43
CUST-027246,19898.27,29
CUST-027247,102701.58,45
CUST-027248,36989.77,48
CUST-027249,26319.86,18
CUST-027251,19583.08,46
CUST-027252,32219.95,17
CUST-027253,78342.8,18
CUST-027254,16616.58,8
CUST-027256,16727.67,66
CUST-027257,103549.49,23
CUST-027258,43319.11,0
CUST-027259,8677.35,5
CUST-027260,51033.4,31
CUST-027261,10311.57,33
CUST-027262,4652.11,0
CUST-027263,65342.73,25
CUST-027264,16837.65,6
CUST-027265,231373.24,7
CUST-027266,3489.9,0
CUST-027267,885.71,18
CUST-027268,111872.46,41
CUST-027269,21884.02,59
CUST-027271,18607.05,2
CUST-027272,9350.88,45
CUST-027273,197454.32,3
CUST-027274,26404.72,9
CUST-027275,65865.63,60
CUST-027276,137421.7,55
CUST-027277,82426.27,62
CUST-027278,19426.66,36
CUST-027279,21264.54,32
CUST-027280,10758.42,0
CUST-027281,95682.69,48
CUST-027282,89496.85,33
CUST-027283,56173.03,35
CUST-027284,26099.87,9
CUST-027285,989.54,60
CUST-027286,7431.36,22
CUST-027287,49109.28,7
CUST-027288,50655.89,33
CUST-027289,65513.37,43
CUST-027290,67349.39,41
CUST-027294,61251.25,10
CUST-027295,967.24,0
CUST-027298,7292.09,34
CUST-027299,199459.64,6
CUST-027300,39152.55,16
CUST-027301,14118.0,33
CUST-027302,30958.44,22
CUST-027303,3562.09,47
CUST-027304,14306.87,28
CUST-027305,18583.69,5
CUST-027307,14096.98,60
CUST-027308,15585.26,0
CUST-027309,73058.47,6
CUST-027310,30083.84,13
CUST-027313,11545.37,0
CUST-027314,35959.09,27
CUST-027315,13822.63,0
CUST-027316,191636.33,47
CUST-027317,9643.63,35
CUST-027318,14490.91,43
CUST-027320,34867.52,31
CUST-027321,31380.5,58
CUST-027322,108242.81,22
CUST-027323,44840.69,29
CUST-027324,39541.88,21
CUST-027325,3082.76,18
CUST-027327,52084.43,33
CUST-027328,60303.93,56
CUST-027329,20011.88,16
CUST-027330,35941.27,26
CUST-027331,98874.55,47
CUST-027332,103417.94,50
CUST-027333,12538.26,6
CUST-027334,21288.5,8
CUST-027335,6487.09,30
CUST-027338,19793.93,7
CUST-027339,18711.79,0
CUST-027340,2166.26,0
CUST-027341,20094.58,16
CUST-027342,62048.08,46
CUST-027343,33638.21,23
CUST-027344,146395.55,24
CUST-027345,6787.22,24
CUST-027346,154174.91,44
CUST-027347,105899.52,43
CUST-027348,39018.55,0
CUST-027349,14054.52,30
CUST-027351,84287.08,0
CUST-027352,23721.02,33
CUST-027353,162808.6,6
CUST-027354,94881.05,30
CUST-027355,33978.03,19
CUST-027356,12686.09,60
CUST-027357,109613.59,36
CUST-027358,10030.08,30
CUST-027359,69416.22,35
CUST-027360,9979.94,19
CUST-027361,34361.61,0
CUST-027362,87643.64,40
CUST-027363,44485.21,42
CUST-027364,97344.97,74
CUST-027365,113250.0,23
CUST-027366,34861.44,45
CUST-027367,5346.04,33
CUST-027370,14075.82,1
CUST-027371,113415.88,58
CUST-027372,53646.74,19
CUST-027373,47755.11,49
CUST-027375,43556.31,5
CUST-027376,3564.91,4
CUST-027377,24334.02,23
CUST-027379,13289.29,18
CUST-027380,49629.76,20
CUST-027381,88053.85,12
CUST-027382,42645.46,42
CUST-027383,36184.39,26
CUST-027384,71074.04,57
CUST-027385,57810.72,23
CUST-027386,118291.0,19
CUST-027387,7358.27,0
CUST-027388,18062.34,29
CUST-027389,7307.03,23
CUST-027390,44054.5,41
CUST-027391,107947.61,22
CUST-027395,12652.33,13
CUST-027396,54466.68,15
CUST-027397,90002.8,5
CUST-027398,12928.89,10
CUST-027399,18268.06,6
CUST-027400,81046.54,0
CUST-027404,120359.32,32
CUST-027406,19176.59,16
CUST-027407,9652.02,37
CUST-027408,167440.12,19
CUST-027409,37610.23,82
CUST-027410,10494.51,8
CUST-027411,94392.36,42
CUST-027412,5538.31,22
CUST-027413,12462.66,62
CUST-027414,179268.58,30
CUST-027415,131774.92,0
CUST-027417,121136.82,35
CUST-027418,132284.8,59
CUST-027419,9442.43,29
CUST-027420,60395.49,33
CUST-027421,42594.93,18
CUST-027423,44676.9,24
CUST-027424,11622.31,29
CUST-027425,172402.66,51
CUST-027426,52641.66,46
CUST-027427,94527.2,47
CUST-027428,42471.77,24
CUST-027429,2387.29,40
CUST-027430,117130.54,17
CUST-027431,188104.06,17
CUST-027432,78482.08,45
CUST-027433,61068.24,44
CUST-027434,4606.44,27
CUST-027435,46900.26,5
CUST-027436,28560.16,10
CUST-027438,70049.93,16
CUST-027440,47505.59,70
CUST-027443,85756.75,0
CUST-027444,4424.6,15
CUST-027445,20452.84,27
CUST-027446,89606.34,63
CUST-027447,91923.63,45
CUST-027448,33694.9,22
CUST-027449,27675.65,32
CUST-027453,26393.8,24
CUST-027454,37676.04,20
CUST-027455,118183.74,6
CUST-027456,47409.5,26
CUST-027457,13727.09,37
CUST-027458,28937.14,49
CUST-027459,73459.56,31
CUST-027460,45156.06,36
CUST-027461,146716.1,6
CUST-027463,90625.06,46
CUST-027464,41646.47,6
CUST-027465,28125.71,5
CUST-027466,23067.7,35
CUST-027467,45079.94,39
CUST-027468,38876.32,7
CUST-027469,42442.44,30
CUST-027470,48812.27,10
CUST-027471,35471.24,15
CUST-027472,49105.11,72
CUST-027473,76103.11,25
CUST-027476,96026.18,13
CUST-027477,19169.07,22
CUST-027479,4355.49,33
CUST-027480,45464.91,32
CUST-027481,21452.25,9
CUST-027482,63154.51,5
CUST-027483,91175.51,17
CUST-027484,68409.57,59
CUST-027485,137613.24,32
CUST-027486,34488.73,32
CUST-027487,17284.64,71
CUST-027488,246674.43,51
CUST-027490,5186.2,35
CUST-027491,58949.43,0
CUST-027492,1955.74,48
CUST-027493,2877.66,44
CUST-027494,5826.13,15
CUST-027495,24977.82,45
CUST-027496,137133.21,70
CUST-027497,53612.75,58
CUST-027499,37846.11,35
CUST-027500,11489.23,28
CUST-027501,72326.13,47
CUST-027502,174877.83,65
CUST-027504,94596.11,15
CUST-027505,16683.66,38
CUST-027509,58641.56,31
CUST-027510,33813.07,35
CUST-027511,14641.19,33
CUST-027512,10170.59,45
CUST-027514,106747.33,2
CUST-027515,3760.3,0
CUST-027517,4453.31,2
CUST-027518,21795.01,6
CUST-027519,130009.11,50
CUST-027520,21260.42,47
CUST-027522,62667.98,15
CUST-027523,19956.86,19
CUST-027524,47997.93,69
CUST-027526,815.11,30
CUST-027527,20823.75,36
CUST-027528,155.8,6
CUST-027529,59247.6,19
CUST-027530,1312.78,63
CUST-027531,46647.57,36
CUST-027532,89241.38,23
CUST-027533,43662.51,42
CUST-027534,19908.31,30
CUST-027535,79322.94,5
CUST-027536,55999.77,76
CUST-027537,85170.78,0
CUST-027538,112473.2,32
CUST-027541,107989.68,62
CUST-027542,16336.41,40
CUST-027543,63305.57,11
CUST-027544,86079.79,48
CUST-027545,116614.38,14
CUST-027547,32253.22,0
CUST-027548,206635.28,0
CUST-027549,108664.38,32
CUST-027550,33008.94,29
CUST-027551,5328.02,8
CUST-027552,47365.74,32
CUST-027553,132817.55,21
CUST-027554,16148.04,37
CUST-027556,139402.47,5
CUST-027557,52408.64,9
CUST-027558,102824.88,32
CUST-027559,60376.52,43
CUST-027560,211392.56,0
CUST-027561,69487.75,23
CUST-027564,54841.89,16
CUST-027565,3588.95,23
CUST-027567,30197.24,26
CUST-027568,66848.9,56
CUST-027569,132230.47,7
CUST-027570,105797.52,41
CUST-027571,46096.03,3
CUST-027572,2575.61,21
CUST-027573,17176.91,40
CUST-027574,29522.8,23
CUST-027575,101728.13,23
CUST-027576,73214.5,0
CUST-027577,14030.92,27
CUST-027578,107485.23,18
CUST-027580,27124.22,79
CUST-027582,21845.4,50
CUST-027583,79643.29,24
CUST-027585,8377.72,33
CUST-027586,5014.08,29
CUST-027587,30718.57,48
CUST-027589,25975.46,34
CUST-027590,80286.68,44
CUST-027592,144964.09,19
CUST-027593,64425.9,70
CUST-027594,34853.36,55
CUST-027595,8378.03,45
CUST-027596,60479.7,33
CUST-027597,115.21,20
CUST-027598,24893.23,24
CUST-027599,71758.95,17
CUST-027600,57259.61,15
CUST-027602,145474.57,38
CUST-027603,12617.64,49
CUST-027604,55859.56,1
CUST-027606,20534.26,75
CUST-027607,9465.72,54
CUST-027608,116255.32,27
CUST-027609,9747.56,30
CUST-027610,150358.34,36
CUST-027611,26455.47,46
CUST-027612,12007.47,10
CUST-027616,15751.3,50
CUST-027618,6810.17,5
CUST-027621,171348.74,14
CUST-027622,68845.94,8
CUST-027623,19721.85,0
CUST-027625,37936.86,0
CUST-027626,20975.05,27
CUST-027627,213692.67,0
CUST-027628,18705.87,24
CUST-027629,75754.57,26
CUST-027630,32727.46,11
CUST-027632,23534.9,15
CUST-027633,26569.65,47
CUST-027634,192787.74,55
CUST-027635,59996.92,0
CUST-027636,24978.27,36
CUST-027638,31928.17,16
CUST-027640,12991.53,12
CUST-027641,98529.1,29
CUST-027642,600.18,5
CUST-027643,111541.91,60
CUST-027644,23649.16,33
CUST-027645,67025.02,25
CUST-027646,47752.51,19
CUST-027647,22038.32,7
CUST-027649,53510.26,9
CUST-027650,42428.56,75
CUST-027651,10263.81,47
CUST-027653,63204.39,30
CUST-027655,35457.04,33
CUST-027656,117818.65,19
CUST-027658,44890.44,18
CUST-027660,15553.88,33
CUST-027662,188321.85,25
CUST-027664,64133.4,38
CUST-027665,9963.17,5
CUST-027666,40207.19,52
CUST-027668,13910.19,33
CUST-027669,10054.69,7
CUST-027671,83947.23,65
CUST-027672,165112.61,14
CUST-027673,178861.56,0
CUST-027674,1552.77,22
CUST-027676,18599.71,14
CUST-027677,11217.64,15
CUST-027679,83236.33,8
CUST-027682,53831.2,22
CUST-027683,19285.86,0
CUST-027684,54498.94,11
CUST-027685,8994.45,2
CUST-027686,15840.76,36
CUST-027687,28032.25,47
CUST-027690,22015.43,6
CUST-027691,24267.3,4
CUST-027692,89527.04,73
CUST-027693,36083.99,36
CUST-027694,55425.76,46
CUST-027695,23974.92,54
CUST-027697,65810.2,43
CUST-027699,54978.64,33
CUST-027700,57210.05,0
CUST-027702,1436.43,62
CUST-027703,9396.97,25
CUST-027704,64146.91,68
CUST-027705,34985.26,33
CUST-027707,159720.91,38
CUST-027709,128562.42,34
CUST-027710,45016.8,22
CUST-027711,6870.67,78
CUST-027712,371.81,29
CUST-027713,8750.05,43
CUST-027714,142070.06,19
CUST-027715,7979.63,41
CUST-027716,50263.89,41
CUST-027717,30137.12,1
CUST-027719,90166.37,21
CUST-027723,8356.1,88
CUST-027724,102837.71,40
CUST-027725,28559.84,14
CUST-027726,20604.89,3
CUST-027727,32800.34,27
CUST-027729,67657.76,6
CUST-027730,22250.94,0
CUST-027731,25881.31,34
CUST-027733,37475.74,38
CUST-027734,139091.73,51
CUST-027735,14435.7,62
CUST-027737,10391.31,21
CUST-027739,91557.66,0
CUST-027741,104777.02,7
CUST-027742,90570.5,18
CUST-027743,93833.94,9
CUST-027744,36404.86,40
CUST-027745,47331.98,48
CUST-027747,39427.5,12
CUST-027748,56995.06,24
CUST-027749,95589.02,16
CUST-027750,183944.14,26
CUST-027751,852.13,74
CUST-027752,15652.48,9
CUST-027754,17606.01,5
CUST-027756,48851.54,42
CUST-027757,100872.78,25
CUST-027758,26497.53,60
CUST-027759,30181.08,6
CUST-027760,83164.31,55
CUST-027761,6003.05,0
CUST-027762,3191.0,32
CUST-027763,155363.76,8
CUST-027764,6823.58,8
CUST-027765,29086.02,18
CUST-027766,90985.89,11
CUST-027767,23313.11,39
CUST-027768,1667.69,39
CUST-027769,30367.35,9
CUST-027770,43675.84,48
CUST-027771,90070.96,12
CUST-027773,17331.98,41
CUST-027774,35868.59,9
CUST-027775,8034.41,0
CUST-027776,42019.71,31
CUST-027777,877.54,50
CUST-027778,53389.38,17
CUST-027779,7938.78,32
CUST-027780,13500.88,56
CUST-027781,119913.35,16
CUST-027782,146182.56,33
CUST-027783,40153.44,7
CUST-027784,95763.79,35
CUST-027786,1805.49,17
CUST-027787,48961.37,37
CUST-027788,21210.54,46
CUST-027789,82947.15,12
CUST-027790,6340.2,61
CUST-027791,63268.47,5
CUST-027792,60059.6,22
CUST-027793,211899.86,48
CUST-027794,32324.56,8
CUST-027795,36396.97,0
CUST-027796,106902.15,17
CUST-027797,94280.84,17
CUST-027798,2683.0,24
CUST-027799,41837.23,10
CUST-027800,4060.31,41
CUST-027801,56961.71,9
CUST-027802,161876.52,10
CUST-027804,42319.58,46
CUST-027805,67241.01,54
CUST-027806,40036.68,28
CUST-027807,23254.14,21
CUST-027808,62828.09,34
CUST-027809,46743.84,1
CUST-027810,37102.7,32
CUST-027811,160012.7,33
CUST-027813,180059.62,7
CUST-027814,18183.43,4
CUST-027815,113119.13,12
CUST-027817,92862.27,31
CUST-027818,81474.69,32
CUST-027819,11898.42,45
CUST-027821,167985.58,23
CUST-027822,112108.23,75
CUST-027824,12827.06,6
CUST-027826,19035.11,0
CUST-027827,31243.72,35
CUST-027828,29773.65,11
CUST-027829,67685.43,43
CUST-027830,26853.44,30
CUST-027831,134862.4,69
CUST-027832,13817.47,0
CUST-027833,79891.58,49
CUST-027834,30811.31,2
CUST-027836,73421.51,19
CUST-027837,114378.08,13
CUST-027838,21806.82,16
CUST-027839,5630.7,32
CUST-027840,198585.76,0
CUST-027841,71959.83,47
CUST-027842,46898.7,21
CUST-027843,55689.74,37
CUST-027844,114440.69,16
CUST-027845,41282.05,18
CUST-027846,73094.07,26
CUST-027847,18391.5,1
CUST-027849,68087.1,57
CUST-027850,36343.28,27
CUST-027851,83760.43,19
CUST-027852,6299.37,46
CUST-027853,67170.53,0
CUST-027855,16434.92,7
CUST-027856,66499.02,22
CUST-027857,26313.6,0
CUST-027858,577.5,10
CUST-027859,66700.79,0
CUST-027860,150464.52,15
CUST-027861,0.0,43
CUST-027863,37801.4,0
CUST-027864,26713.27,2
CUST-027865,55204.65,21
CUST-027867,46451.13,0
CUST-027868,48504.78,9
CUST-027869,5856.73,30
CUST-027870,109995.69,21
CUST-027871,45876.78,10
CUST-027872,7994.33,24
CUST-027874,3973.61,35
CUST-027875,84732.75,27
CUST-027876,91800.37,50
CUST-027878,6666.37,19
CUST-027880,165783.58,0
CUST-027882,17298.09,13
CUST-027883,9471.59,13
CUST-027884,41150.29,18
CUST-027886,148750.42,47
CUST-027887,42473.72,38
CUST-027889,15121.23,37
CUST-027890,120191.41,24
CUST-027891,6965.81,56
CUST-027892,8408.05,67
CUST-027893,144547.37,23
CUST-027895,521.72,85
CUST-027896,4426.42,34
CUST-027897,3491.43,30
CUST-027898,100042.63,45
CUST-027899,20180.74,0
CUST-027900,10137.13,44
CUST-027901,52710.99,65
CUST-027902,23998.58,20
CUST-027903,145634.45,17
CUST-027904,54437.95,16
CUST-027905,169251.26,24
CUST-027907,118020.5,34
CUST-027909,193607.61,44
CUST-027910,60695.13,50
CUST-027911,953.84,8
CUST-027912,85870.8,32
CUST-027913,18630.23,6
CUST-027914,76312.68,26
CUST-027915,3907.25,60
CUST-027916,192745.12,6
CUST-027917,10468.52,89
CUST-027918,1222.7,36
CUST-027921,37797.51,17
CUST-027923,11002.39,24
CUST-027924,15829.89,0
CUST-027925,33056.81,27
CUST-027926,19300.76,1
CUST-027927,45987.09,12
CUST-027929,0.0,41
CUST-027930,3229.86,10
CUST-027931,44622.44,33
CUST-027932,5269.86,7
CUST-027933,219029.98,0
CUST-027934,3060.31,20
CUST-027936,53719.22,30
CUST-027937,66563.97,9
CUST-027938,118046.17,21
CUST-027939,21559.37,32
CUST-027940,72373.09,5
CUST-027941,20026.14,34
CUST-027942,7558.99,30
CUST-027943,15666.29,11
CUST-027944,14603.66,36
CUST-027945,24240.41,35
CUST-027946,158988.73,0
CUST-027947,165810.91,47
CUST-027949,91469.52,15
CUST-027950,6546.19,22
CUST-027951,4840.83,34
CUST-027953,64756.95,41
CUST-027954,3650.74,59
CUST-027955,23265.79,17
CUST-027957,23050.39,35
CUST-027959,30469.37,15
CUST-027960,98738.32,42
CUST-027961,49621.22,35
CUST-027962,2995.94,18
CUST-027963,8686.35,23
CUST-027965,37025.09,50
CUST-027966,27369.8,53
CUST-027967,22388.87,45
CUST-027968,15318.88,32
CUST-027969,28426.93,8
CUST-027972,20705.22,64
CUST-027973,131357.93,15
CUST-027974,68600.45,56
CUST-027975,32123.18,40
CUST-027976,93613.85,19
CUST-027977,170700.59,64
CUST-027978,23414.67,56
CUST-027979,11286.08,42
CUST-027980,24392.26,48
CUST-027982,36770.97,21
CUST-027983,160716.34,35
CUST-027986,61750.21,46
CUST-027987,36503.32,0
CUST-027991,102008.0,21
CUST-027993,24694.76,47
CUST-027994,129513.19,3
CUST-027995,14033.47,49
CUST-027997,9040.47,33
CUST-027998,21971.0,18
CUST-027999,28847.11,10
CUST-028000,48644.18,24
CUST-028001,21413.9,53
CUST-028002,127371.2,0
CUST-028003,8901.92,21
CUST-028004,29937.2,15
CUST-028005,6359.87,32
CUST-028006,97640.77,8
CUST-028007,58859.96,23
CUST-028008,139688.61,65
CUST-028009,18134.75,15
CUST-028010,41883.31,8
CUST-028012,36385.64,19
CUST-028013,42885.07,25
CUST-028014,117081.53,11
CUST-028015,2645.48,28
CUST-028016,39811.7,48
CUST-028017,23669.94,10
CUST-028018,13593.4,41
CUST-028019,147944.68,35
CUST-028020,63349.6,0
CUST-028021,90693.02,10
CUST-028022,35401.85,25
CUST-028023,6872.41,0
CUST-028024,11995.52,22
CUST-028025,65406.7,17
CUST-028026,110959.99,0
CUST-028027,22536.88,13
CUST-028029,108808.4,12
CUST-028030,8480.22,66
CUST-028031,22946.94,26
CUST-028032,5139.43,40
CUST-028033,18300.68,0
CUST-028034,0.0,12
CUST-028035,52333.73,59
CUST-028036,27118.11,38
CUST-028037,113185.61,20
CUST-028038,31465.12,11
CUST-028039,116347.63,7
CUST-028040,67462.4,10
CUST-028041,17095.02,19
CUST-028042,106580.71,41
CUST-028044,62642.26,48
CUST-028045,27398.06,11
CUST-028046,16351.57,32
CUST-028047,75468.18,57
CUST-028048,17369.85,10
CUST-028050,30901.89,50
CUST-028052,14459.76,2
CUST-028053,34516.13,39
CUST-028054,22636.82,33
CUST-028055,95593.88,45
CUST-028056,134305.58,34
CUST-028061,42111.95,25
CUST-028062,129071.36,37
CUST-028063,10920.49,9
CUST-028064,132822.4,38
CUST-028065,91809.56,21
CUST-028068,127720.55,26
CUST-028069,47388.33,10
CUST-028070,3441.81,12
CUST-028072,1786.12,13
CUST-028073,5622.34,44
CUST-028075,33809.16,16
CUST-028078,9439.03,19
CUST-028079,48963.98,34
CUST-028081,144860.35,13
CUST-028083,38161.35,19
CUST-028084,31411.23,25
CUST-028085,65513.96,0
CUST-028086,48300.43,49
CUST-028088,46037.64,0
CUST-028089,123195.12,56
CUST-028090,140638.9,31
CUST-028091,23341.27,0
CUST-028092,56585.1,19
CUST-028094,12731.84,21
CUST-028095,109489.84,50
CUST-028096,37841.24,0
CUST-028097,139736.18,17
CUST-028098,4736.49,0
CUST-028100,16549.67,9
CUST-028101,14125.03,5
CUST-028105,25120.81,8
CUST-028106,4291.69,0
CUST-028107,759.27,33
CUST-028109,14381.12,11
CUST-028110,31657.71,1
CUST-028111,126439.29,50
CUST-028112,208242.43,73
CUST-028113,28265.66,0
CUST-028115,67242.23,34
CUST-028116,89658.94,0
CUST-028117,23239.07,7
CUST-028120,7431.78,3
CUST-028121,41854.09,31
CUST-028123,164904.12,4
CUST-028124,193391.98,45
CUST-028126,109791.23,11
CUST-028127,1986.6,35
CUST-028128,32233.73,1
CUST-028129,33110.34,0
CUST-028130,41153.59,35
CUST-028131,13811.24,2
CUST-028133,6029.67,39
CUST-028134,94893.51,0
CUST-028135,16940.64,30
CUST-028136,111492.32,5
CUST-028137,79817.36,32
CUST-028138,48089.59,17
CUST-028139,181912.62,2
CUST-028141,40863.47,23
CUST-028142,20800.98,55
CUST-028143,6970.09,0
CUST-028144,50776.28,0
CUST-028145,42687.26,21
CUST-028146,131685.73,38
CUST-028150,69640.67,50
CUST-028152,16641.94,72
CUST-028153,127356.35,2
CUST-028156,102106.23,3
CUST-028157,55446.13,23
CUST-028158,46578.28,17
CUST-028160,8981.05,26
CUST-028162,41787.73,0
CUST-028163,165917.87,20
CUST-028164,74404.55,33
CUST-028165,6716.48,63
CUST-028166,138177.49,30
CUST-028167,3972.21,44
CUST-028168,67486.52,24
CUST-028169,8367.55,33
CUST-028171,47525.49,10
CUST-028172,39462.54,41
CUST-028173,12993.74,7
CUST-028174,70066.17,10
CUST-028175,167673.9,3
CUST-028177,31007.21,25
CUST-028178,120106.21,19
CUST-028179,125532.05,0
CUST-028180,596.02,33
CUST-028181,47543.34,45
CUST-028182,5516.53,32
CUST-028183,1251.13,31
CUST-028184,41508.97,0
CUST-028185,15009.78,40
CUST-028186,152098.06,22
CUST-028188,47721.17,32
CUST-028189,61838.1,0
CUST-028191,876.66,57
CUST-028195,8266.08,5
CUST-028197,16324.98,20
CUST-028198,30547.09,20
CUST-028199,76373.86,22
CUST-028200,19019.0,63
CUST-028203,25462.95,35
CUST-028204,52067.16,20
CUST-028205,67306.49,44
CUST-028206,6801.31,53
CUST-028208,12099.9,29
CUST-028209,166029.62,24
CUST-028210,26492.82,8
CUST-028211,100809.31,1
CUST-028212,60822.1,9
CUST-028214,27686.3,36
CUST-028215,601.56,18
CUST-028216,18578.21,41
CUST-028218,108767.34,20
CUST-028219,15840.52,45
CUST-028220,4366.11,27
CUST-028221,109718.16,34
CUST-028223,12987.22,1
CUST-028224,64941.43,87
CUST-028226,52419.36,16
CUST-028227,14855.37,13
CUST-028228,170242.83,50
CUST-028229,60948.52,13
CUST-028230,45330.57,28
CUST-028231,3451.67,26
CUST-028232,6848.37,23
CUST-028234,27590.11,40
CUST-028235,12767.91,9
CUST-028236,23703.67,20
CUST-028238,3437.72,15
CUST-028239,24210.21,60
CUST-028240,0.0,23
CUST-028241,68150.0,21
CUST-028243,64192.97,18
CUST-028244,23036.01,28
CUST-028247,24705.19,16
CUST-028248,68482.5,0
CUST-028249,9699.05,55
CUST-028250,359.72,35
CUST-028251,6491.48,51
CUST-028252,28453.8,21
CUST-028253,122915.89,25
CUST-028254,32491.32,34
CUST-028255,108472.09,61
CUST-028256,13771.55,24
CUST-028257,23578.52,19
CUST-028258,60676.86,30
CUST-028259,1062.21,0
CUST-028260,59664.74,0
CUST-028261,21694.93,87
CUST-028262,109584.17,51
CUST-028263,2160.56,56
CUST-028264,21388.75,0
CUST-028265,38456.78,26
CUST-028266,165057.48,0
CUST-028268,39994.15,8
CUST-028269,121934.7,17
CUST-028270,28391.83,26
CUST-028271,44143.25,18
CUST-028272,168416.28,8
CUST-028273,63595.66,2
CUST-028274,11622.59,18
CUST-028275,163737.71,0
CUST-028277,70470.7,4
CUST-028279,23257.9,29
CUST-028282,67574.75,15
CUST-028285,17854.73,12
CUST-028286,3922.38,0
CUST-028287,17308.24,10
CUST-028288,166754.38,0
CUST-028289,40795.5,49
CUST-028291,8761.05,25
CUST-028292,78414.77,0
CUST-028293,48345.56,65
CUST-028294,56132.67,35
CUST-028295,117632.74,7
CUST-028296,4081.9,35
CUST-028297,71968.26,49
CUST-028298,145994.13,6
CUST-028299,2068.54,61
CUST-028301,1887.58,72
CUST-028302,114191.28,10
CUST-028303,4070.47,46
CUST-028304,94215.38,33
CUST-028306,16272.07,1
CUST-028307,34041.75,20
CUST-028308,22787.5,32
CUST-028309,26710.78,19
CUST-028311,92536.01,19
CUST-028312,51906.93,25
CUST-028313,45178.31,44
CUST-028314,81120.94,32
CUST-028315,157705.27,5
CUST-028316,15009.74,15
CUST-028318,3162.87,85
CUST-028319,62223.21,0
CUST-028320,56288.41,44
CUST-028321,43713.5,38
CUST-028322,47650.71,0
CUST-028324,20987.31,50
CUST-028325,34407.3,17
CUST-028326,69313.15,0
CUST-028327,79253.32,42
CUST-028328,27236.48,20
CUST-028329,5476.65,15
CUST-028330,6414.71,41
CUST-028331,33886.43,24
CUST-028332,79272.79,0
CUST-028333,15879.73,6
CUST-028334,100672.52,51
CUST-028336,25355.32,1
CUST-028337,29488.39,46
CUST-028338,74791.6,18
CUST-028339,76102.86,33
CUST-028340,121484.26,50
CUST-028341,31564.4,49
CUST-028342,81661.45,45
CUST-028343,91194.38,19
CUST-028344,14168.32,16
CUST-028346,169274.5,5
CUST-028347,78390.82,0
CUST-028349,32753.77,0
CUST-028350,151345.2,15
CUST-028351,30785.32,19
CUST-028352,93981.93,55
CUST-028353,55948.62,33
CUST-028356,20516.34,15
CUST-028357,0.0,64
CUST-028358,12783.44,5
CUST-028359,32595.5,16
CUST-028362,137654.1,18
CUST-028363,3413.89,59
CUST-028364,66429.47,12
CUST-028366,30080.28,23
CUST-028368,46426.59,0
CUST-028369,57020.83,4
CUST-028370,43542.4,35
CUST-028371,136942.39,5
CUST-028372,18510.66,21
CUST-028373,55800.73,13
CUST-028374,118066.46,0
CUST-028378,0.0,48
CUST-028379,18333.57,42
CUST-028380,38028.3,1
CUST-028381,4636.92,21
CUST-028382,121634.64,4
CUST-028383,69681.99,37
CUST-028384,176551.05,22
CUST-028385,28267.84,36
CUST-028386,37903.13,3
CUST-028387,15559.81,31
CUST-028388,40829.08,37
CUST-028390,4157.21,12
CUST-028391,41216.33,63
CUST-028392,231.47,19
CUST-028393,16053.04,0
CUST-028394,103003.81,0
CUST-028395,12606.84,7
CUST-028396,136200.85,0
CUST-028398,128567.01,24
CUST-028399,8262.54,0
CUST-028400,2893.89,0
CUST-028401,45392.17,29
CUST-028402,12281.94,7
CUST-028403,5092.8,0
CUST-028404,45565.17,12
CUST-028405,38756.34,49
CUST-028406,92411.54,7
CUST-028408,30646.0,58
CUST-028409,7560.08,65
CUST-028410,38681.2,9
CUST-028411,46612.37,0
CUST-028412,21522.81,52
CUST-028413,140750.23,35
CUST-028414,154733.24,15
CUST-028415,2905.99,36
CUST-028416,4544.31,52
CUST-028419,8290.55,25
CUST-028420,50312.81,48
CUST-028421,11443.09,10
CUST-028422,37046.03,1
CUST-028423,1673.36,14
CUST-028424,72261.91,13
CUST-028425,196762.89,19
CUST-028426,1654.39,40
CUST-028428,33759.64,44
CUST-028429,12826.28,5
CUST-028430,45118.11,48
CUST-028431,93098.28,23
CUST-028432,79374.91,16
CUST-028433,107535.04,1
CUST-028435,0.0,29
CUST-028436,63987.13,8
CUST-028437,9211.64,13
CUST-028439,138053.06,35
CUST-028440,38890.63,9
CUST-028441,80526.49,7
CUST-028442,50837.69,33
CUST-028444,32136.53,0
CUST-028445,15238.03,39
CUST-028448,9832.4,19
CUST-028450,131048.97,8
CUST-028451,61200.55,52
CUST-028452,19006.9,22
CUST-028454,37414.45,0
CUST-028455,91453.93,9
CUST-028457,44709.22,18
CUST-028458,13769.25,28
CUST-028461,37220.14,47
CUST-028462,73940.75,7
CUST-028463,66831.65,33
CUST-028465,91846.86,75
CUST-028466,42033.13,0
CUST-028467,184451.3,0
CUST-028468,184469.81,19
CUST-028470,46329.13,5
CUST-028471,112940.89,24
CUST-028472,56989.84,23
CUST-028473,57960.5,8
CUST-028476,72396.27,50
CUST-028477,38972.74,11
CUST-028478,26447.12,21
CUST-028479,65915.87,30
CUST-028480,71343.94,34
CUST-028481,67288.79,59
CUST-028482,41864.94,31
CUST-028483,98989.58,50
CUST-028484,93163.25,30
CUST-028485,17799.21,58
CUST-028486,23632.96,22
CUST-028487,84287.63,61
CUST-028489,77915.37,32
CUST-028490,10973.15,16
CUST-028491,148428.58,16
CUST-028492,39704.83,28
CUST-028493,51179.14,5
CUST-028496,29073.67,35
CUST-028497,134169.16,6
CUST-028498,46088.11,39
CUST-028501,70119.51,2
CUST-028503,5386.72,3
CUST-028505,201461.63,25
CUST-028506,85.07,54
CUST-028507,59806.83,48
CUST-028508,160895.76,5
CUST-028510,92261.9,7
CUST-028511,50513.34,0
CUST-028512,57062.69,9
CUST-028513,28901.88,30
CUST-028514,31485.88,32
CUST-028515,10365.18,35
CUST-028516,23413.63,6
CUST-028517,23082.37,34
CUST-028518,89438.08,33
CUST-028519,0.0,67
CUST-028520,4516.14,34
CUST-028521,68726.71,4
CUST-028522,39352.61,0
CUST-028523,142625.31,42
CUST-028524,99102.58,8
CUST-028525,28041.04,30
CUST-028526,61067.31,45
CUST-028527,7891.36,0
CUST-028528,80245.22,49
CUST-028529,24108.95,24
CUST-028530,22059.96,23
CUST-028532,1832.61,32
CUST-028534,37342.81,57
CUST-028536,13956.09,6
CUST-028537,90587.48,39
CUST-028539,135464.33,17
CUST-028540,22665.73,48
CUST-028542,69526.28,43
CUST-028543,42404.52,51
CUST-028544,182604.77,0
CUST-028545,34945.45,57
CUST-028546,166294.15,52
CUST-028547,0.0,33
CUST-028548,116169.52,29
CUST-028549,23000.7,46
CUST-028550,40900.9,22
CUST-028551,17275.47,0
CUST-028552,110682.61,34
CUST-028553,51139.95,18
CUST-028554,11620.92,33
CUST-028555,21528.59,44
CUST-028556,124603.69,46
CUST-028558,53227.86,46
CUST-028559,36786.42,49
CUST-028562,120672.79,10
CUST-028563,289.35,23
CUST-028565,22257.4,43
CUST-028566,62295.12,2
CUST-028567,45178.14,35
CUST-028569,39930.11,49
CUST-028571,65552.27,34
CUST-028572,1045.3,37
CUST-028573,1316.96,28
CUST-028574,10981.39,22
CUST-028575,62395.29,25
CUST-028576,74331.24,31
CUST-028578,125065.89,36
CUST-028579,7793.26,47
CUST-028582,53922.27,35
CUST-028583,128543.39,34
CUST-028584,131776.76,17
CUST-028585,70063.29,36
CUST-028586,22968.45,40
CUST-028587,35128.04,20
CUST-028588,20786.73,0
CUST-028589,43825.07,41
CUST-028590,116654.97,35
CUST-028595,34995.22,9
CUST-028596,52628.17,64
CUST-028597,22272.75,72
CUST-028598,2611.8,50
CUST-028599,81684.42,56
CUST-028600,149049.45,42
CUST-028603,10535.37,5
CUST-028604,85460.3,23
CUST-028605,39254.51,54
CUST-028606,16616.62,8
CUST-028607,65744.29,46
CUST-028608,78858.17,41
CUST-028609,106847.34,12
CUST-028610,8573.61,22
CUST-028611,113901.61,39
CUST-028612,12315.51,35
CUST-028613,18504.16,16
CUST-028614,132619.22,25
CUST-028616,42068.92,32
CUST-028619,3730.69,33
CUST-028620,221369.43,47
CUST-028621,6265.82,46
CUST-028622,3238.43,13
CUST-028623,142107.86,60
CUST-028624,20091.66,58
CUST-028626,40196.21,7
CUST-028627,7789.81,34
CUST-028630,37657.16,6
CUST-028631,77841.78,61
CUST-028632,51824.87,0
CUST-028634,689.14,20
CUST-028635,9724.33,24
CUST-028636,83764.74,2
CUST-028637,115741.38,16
CUST-028638,604.09,15
CUST-028640,100754.98,47
CUST-028641,196485.49,21
CUST-028642,37922.97,27
CUST-028643,40650.73,43
CUST-028644,668.81,42
CUST-028645,32665.0,27
CUST-028646,43929.39,17
CUST-028647,52761.87,6
CUST-028648,198966.16,33
CUST-028649,98503.68,49
CUST-028650,24858.74,39
CUST-028651,4554.74,36
CUST-028652,137946.84,22
CUST-028653,39598.16,71
CUST-028654,9991.8,59
CUST-028655,187091.86,12
CUST-028656,144968.92,40
CUST-028657,76053.31,60
CUST-028659,82591.36,0
CUST-028660,1050.9,39
CUST-028661,9929.1,45
CUST-028663,22372.68,39
CUST-028664,155018.67,5
CUST-028665,126698.09,19
CUST-028666,27315.05,48
CUST-028667,937.96,0
CUST-028668,162876.65,20
CUST-028669,0.0,61
CUST-028670,12201.56,18
CUST-028671,37485.03,57
CUST-028672,5988.1,20
CUST-028673,39860.81,30
CUST-028674,25677.46,19
CUST-028675,65163.65,16
CUST-028677,108822.47,0
CUST-028678,195194.79,23
CUST-028679,9196.44,73
CUST-028683,94288.02,11
CUST-028685,66578.9,45
CUST-028686,7832.38,33
CUST-028687,109611.48,0
CUST-028688,54687.38,45
CUST-028689,91158.63,34
CUST-028690,3947.2,16
CUST-028691,44403.46,74
CUST-028693,96594.29,0
CUST-028694,30235.76,36
CUST-028695,22114.46,66
CUST-028696,86005.23,27
CUST-028697,766.05,42
CUST-028700,10958.37,25
CUST-028701,91512.58,71
CUST-028702,122542.8,27
CUST-028703,40336.11,30
CUST-028705,98174.35,66
CUST-028706,60945.01,47
CUST-028707,82303.69,39
CUST-028708,105214.99,23
CUST-028709,120415.06,34
CUST-028710,73339.76,21
CUST-028711,2769.84,25
CUST-028712,7905.62,25
CUST-028713,50238.69,39
CUST-028716,22566.59,6
CUST-028717,21358.0,8
CUST-028718,222361.91,12
CUST-028719,10288.37,6
CUST-028720,24690.55,20
CUST-028721,7517.89,0
CUST-028722,45411.83,7
CUST-028723,57539.65,27
CUST-028724,80843.99,0
CUST-028726,124003.45,11
CUST-028727,114231.96,0
CUST-028728,14559.14,27
CUST-028730,6089.61,59
CUST-028731,58574.08,18
CUST-028732,102431.72,44
CUST-028733,52506.17,43
CUST-028734,8694.86,35
CUST-028735,14004.21,26
CUST-028737,96163.89,9
CUST-028738,49750.47,38
CUST-028739,50496.85,18
CUST-028741,47969.23,6
CUST-028742,32507.27,49
CUST-028743,40919.98,32
CUST-028744,4703.73,36
CUST-028747,107742.4,54
CUST-028748,44988.28,0
CUST-028750,18161.69,0
CUST-028751,38010.15,4
CUST-028752,2017.36,40
CUST-028754,56278.73,56
CUST-028755,95540.64,31
CUST-028756,11234.85,15
CUST-028757,3966.65,30
CUST-028758,98639.26,8
CUST-028759,31756.11,28
CUST-028761,94961.62,0
CUST-028762,2487.98,15
CUST-028763,22193.19,69
CUST-028764,79274.26,52
CUST-028765,242.15,59
CUST-028766,202693.37,15
CUST-028767,5345.32,21
CUST-028768,183227.09,46
CUST-028769,135130.89,28
CUST-028770,132649.89,34
CUST-028771,20825.82,43
CUST-028772,6847.0,21
CUST-028773,11034.84,32
CUST-028775,12812.08,0
CUST-028776,68517.64,65
CUST-028777,129328.86,11
CUST-028778,66315.93,46
CUST-028779,49266.75,54
CUST-028780,2052.97,58
CUST-028782,85782.96,32
CUST-028783,111410.79,30
CUST-028784,50713.29,43
CUST-028785,152093.87,70
CUST-028786,50386.26,4
CUST-028789,144580.58,5
CUST-028790,11051.01,0
CUST-028791,115376.87,29
CUST-028793,73645.97,3
CUST-028794,57915.88,25
CUST-028795,45084.76,18
CUST-028796,221002.63,22
CUST-028797,61877.08,14
CUST-028798,10807.7,14
CUST-028799,118973.33,8
CUST-028800,146431.42,7
CUST-028801,47546.55,24
CUST-028802,55777.06,20
CUST-028803,38085.58,0
CUST-028804,10402.57,56
CUST-028805,4704.02,55
CUST-028806,12987.39,47
CUST-028807,5492.57,30
CUST-028808,46822.03,55
CUST-028809,36549.07,7
CUST-028811,29583.37,63
CUST-028812,113456.45,7
CUST-028813,99091.47,8
CUST-028814,94872.18,21
CUST-028817,73484.86,0
CUST-028818,96262.01,34
CUST-028819,9554.52,15
CUST-028820,1425.56,16
CUST-028821,161172.59,2
CUST-028823,52916.68,34
CUST-028824,101631.24,21
CUST-028826,10800.8,30
CUST-028827,50303.11,2
CUST-028829,136642.04,11
CUST-028830,8442.52,10
CUST-028831,592.03,15
CUST-028832,22827.44,38
CUST-028833,7935.94,33
CUST-028834,9756.08,31
CUST-028835,436.35,29
CUST-028836,7819.22,41
CUST-028838,42196.71,49
CUST-028839,51471.58,50
CUST-028840,24993.49,0
CUST-028841,45559.26,49
CUST-028842,126302.65,44
CUST-028843,38037.37,11
CUST-028844,1369.63,18
CUST-028845,165804.89,0
CUST-028846,42086.58,16
CUST-028847,9186.0,65
CUST-028848,38139.03,22
CUST-028849,70184.65,68
CUST-028850,55121.27,17
CUST-028851,88372.88,45
CUST-028853,70365.06,0
CUST-028854,5719.42,0
CUST-028855,134393.53,30
CUST-028856,10136.89,3
CUST-028858,101763.34,7
CUST-028860,20169.26,0
CUST-028861,30361.69,32
CUST-028862,103758.48,12
CUST-028863,141098.31,0
CUST-028864,18420.76,25
CUST-028865,177584.71,9
CUST-028866,3087.6,56
CUST-028867,110724.16,3
CUST-028868,10662.42,39
CUST-028869,64100.99,14
CUST-028870,27310.04,34
CUST-028871,111481.7,6
CUST-028872,10227.94,33
CUST-028874,2662.11,28
CUST-028875,104086.89,24
CUST-028876,28731.03,40
CUST-028877,88138.09,65
CUST-028878,55136.97,38
CUST-028879,41658.75,28
CUST-028880,54633.21,0
CUST-028882,40171.09,62
CUST-028883,74706.84,54
CUST-028884,5864.42,8
CUST-028885,2689.55,21
CUST-028886,121017.6,20
CUST-028887,81858.11,71
CUST-028888,99666.56,39
CUST-028889,66329.73,27
CUST-028891,28496.03,58
CUST-028892,96835.57,4
CUST-028893,13928.32,0
CUST-028894,3470.89,24
CUST-028895,129374.15,50
CUST-028896,39677.93,9
CUST-028897,5203.55,20
CUST-028898,39262.59,40
CUST-028900,59266.77,39
CUST-028901,767.78,14
CUST-028902,67279.59,40
CUST-028903,108974.33,3
CUST-028904,18320.31,0
CUST-028905,45215.44,1
CUST-028906,38447.0,16
CUST-028907,13213.84,6
CUST-028910,159143.8,9
CUST-028911,2209.13,53
CUST-028913,120294.5,19
CUST-028914,147098.0,6
CUST-028915,10921.03,15
CUST-028916,4009.58,75
CUST-028917,179523.32,0
CUST-028920,31607.52,45
CUST-028921,2485.17,42
CUST-028922,55040.93,0
CUST-028923,45718.93,16
CUST-028924,62837.23,62
CUST-028925,72180.35,6
CUST-028926,7791.13,7
CUST-028927,25967.75,11
CUST-028928,14088.26,22
CUST-028929,63501.97,43
CUST-028930,5793.04,6
CUST-028931,228883.65,39
CUST-028932,103092.28,35
CUST-028933,61815.21,24
CUST-028934,54011.55,0
CUST-028935,2631.32,25
CUST-028936,31141.32,16
CUST-028937,4436.03,8
CUST-028938,33417.04,39
CUST-028939,0.0,37
CUST-028940,84499.92,9
CUST-028941,88791.39,18
CUST-028942,140865.37,38
CUST-028943,72164.53,47
CUST-028945,65854.76,72
CUST-028946,42529.93,0
CUST-028947,35512.23,24
CUST-028948,49385.41,58
CUST-028949,112346.26,20
CUST-028950,75364.6,0
CUST-028951,27891.95,17
CUST-028952,68897.6,22
CUST-028953,176615.9,37
CUST-028955,92732.01,4
CUST-028956,17176.87,35
CUST-028958,22778.38,38
CUST-028960,92438.69,39
CUST-028961,89143.26,8
CUST-028964,131519.63,0
CUST-028967,26583.08,9
CUST-028968,59627.78,15
CUST-028970,3287.36,34
CUST-028972,167234.38,33
CUST-028973,45884.01,32
CUST-028974,154324.6,22
CUST-028976,41452.33,8
CUST-028979,103840.66,38
CUST-028980,167200.94,55
CUST-028982,2987.63,16
CUST-028983,128832.22,27
CUST-028984,101391.76,25
CUST-028985,27660.94,25
CUST-028987,7976.55,22
CUST-028989,70178.94,22
CUST-028990,63792.29,19
CUST-028991,57250.4,15
CUST-028992,25702.5,19
CUST-028993,64296.65,25
CUST-028995,9603.94,16
CUST-028996,19463.76,53
CUST-028998,38266.81,14
CUST-028999,117623.29,20
CUST-029001,24485.02,9
CUST-029002,10128.84,6
CUST-029005,117.48,73
CUST-029006,16661.68,8
CUST-029007,62697.44,15
CUST-029008,131590.97,23
CUST-029009,21774.72,25
CUST-029010,64834.03,17
CUST-029011,191581.81,21
CUST-029012,54529.78,55
CUST-029013,24917.2,35
CUST-029015,73064.89,5
CUST-029016,33694.57,46
CUST-029017,115886.08,15
CUST-029018,85372.31,0
CUST-029019,67247.06,13
CUST-029020,959.72,50
CUST-029021,193260.2,0
CUST-029022,167580.84,47
CUST-029023,61804.54,15
CUST-029024,150211.47,17
CUST-029025,9966.24,20
CUST-029026,178688.56,35
CUST-029027,85169.23,37
CUST-029028,84039.32,8
CUST-029029,149067.39,35
CUST-029031,117652.34,43
CUST-029032,0.0,60
CUST-029033,78457.13,28
CUST-029034,75874.25,5
CUST-029036,91036.58,49
CUST-029038,13756.74,70
CUST-029039,97820.14,56
CUST-029040,4189.25,29
CUST-029041,89096.21,4
CUST-029042,125595.91,0
CUST-029043,32836.81,20
CUST-029045,106693.07,48
CUST-029048,408.11,36
CUST-029049,77226.95,7
CUST-029050,116603.68,33
CUST-029052,9828.76,35
CUST-029053,22826.01,24
CUST-029054,27046.45,14
CUST-029055,24233.52,8
CUST-029056,108845.04,42
CUST-029057,90573.33,6
CUST-029058,7730.93,35
CUST-029059,97412.78,40
CUST-029060,121144.37,38
CUST-029061,14679.03,20
CUST-029062,91308.29,20
CUST-029063,34198.58,6
CUST-029064,514.03,3
CUST-029067,4723.09,41
CUST-029068,830.26,4
CUST-029069,25608.42,26
CUST-029070,23484.46,0
CUST-029072,155481.99,1
CUST-029073,55644.86,8
CUST-029074,34239.04,20
CUST-029075,24986.06,6
CUST-029076,31199.45,0
CUST-029078,0.0,78
CUST-029079,18882.92,20
CUST-029080,43508.52,7
CUST-029081,129572.01,18
CUST-029085,83426.97,30
CUST-029087,43444.79,0
CUST-029088,78009.97,25
CUST-029089,88997.97,72
CUST-029091,17798.46,25
CUST-029092,1940.28,12
CUST-029093,34100.76,28
CUST-029094,1875.04,32
CUST-029097,102592.64,4
CUST-029098,31778.79,32
CUST-029099,130901.42,27
CUST-029100,1963.06,29
CUST-029101,94176.9,35
CUST-029102,25915.36,71
CUST-029106,16945.17,48
CUST-029107,60263.91,27
CUST-029108,60846.6,2
CUST-029109,7735.14,35
CUST-029111,12282.47,57
CUST-029114,18924.24,31
CUST-029115,21248.5,23
CUST-029116,42781.13,1
CUST-029118,97907.21,29
CUST-029119,2175.33,47
CUST-029120,7782.47,25
CUST-029121,41297.18,34
CUST-029122,40887.06,20
CUST-029123,46670.97,18
CUST-029125,60077.5,47
CUST-029126,166107.99,48
CUST-029127,108935.26,12
CUST-029128,24543.33,35
CUST-029129,133690.97,12
CUST-029130,68114.64,16
CUST-029132,87150.05,2
CUST-029133,129848.88,0
CUST-029134,5489.63,37
CUST-029135,1769.17,32
CUST-029136,194550.96,49
CUST-029137,8130.77,30
CUST-029138,116321.9,0
CUST-029139,4281.79,50
CUST-029140,54870.39,25
CUST-029141,95306.72,10
CUST-029143,22798.53,30
CUST-029144,44921.46,0
CUST-029145,163967.02,74
CUST-029146,16949.1,32
CUST-029147,75299.9,61
CUST-029148,27317.91,0
CUST-029149,1802.22,44
CUST-029151,30215.05,19
CUST-029152,145580.26,13
CUST-029153,44193.24,10
CUST-029154,13445.42,22
CUST-029155,33101.0,21
CUST-029156,109724.8,53
CUST-029158,9778.71,32
CUST-029159,205097.01,6
CUST-029160,145394.55,3
CUST-029161,36973.81,3
CUST-029162,5221.07,31
CUST-029163,66897.31,20
CUST-029164,22072.56,5
CUST-029165,44437.48,20
CUST-029166,99601.78,21
CUST-029167,112126.76,31
CUST-029169,16637.55,26
CUST-029170,34435.09,22
CUST-029171,109823.18,39
CUST-029172,54235.08,39
CUST-029173,84153.19,23
CUST-029174,35603.86,20
CUST-029176,10478.09,23
CUST-029177,100267.75,46
CUST-029178,123448.91,21
CUST-029179,87673.27,51
CUST-029180,52157.83,28
CUST-029182,91085.61,35
CUST-029184,45310.24,6
CUST-029185,39686.51,9
CUST-029186,123721.0,8
CUST-029188,68322.04,19
CUST-029190,80006.29,47
CUST-029191,28830.17,15
CUST-029192,13993.36,50
CUST-029193,21142.19,46
CUST-029194,92915.29,29
CUST-029196,45091.0,0
CUST-029197,50341.32,33
CUST-029198,65444.34,32
CUST-029199,54665.65,49
CUST-029200,24450.18,47
CUST-029201,14986.27,32
CUST-029202,11163.2,0
CUST-029203,67169.92,46
CUST-029204,176551.42,8
CUST-029205,18153.97,2
CUST-029206,2258.25,70
CUST-029210,11699.99,33
CUST-029211,106303.27,0
CUST-029212,45819.22,8
CUST-029216,43452.26,8
CUST-029217,8965.01,39
CUST-029218,30296.63,27
CUST-029219,130511.44,52
CUST-029220,160748.83,50
CUST-029221,36017.97,60
CUST-029222,141783.9,16
CUST-029223,9720.75,35
CUST-029224,105224.29,16
CUST-029225,62431.3,35
CUST-029226,63496.08,0
CUST-029228,101375.12,8
CUST-029230,44017.77,18
CUST-029231,76586.83,38
CUST-029232,37285.07,0
CUST-029233,18306.61,33
CUST-029234,6213.31,33
CUST-029235,23626.25,60
CUST-029237,46855.48,30
CUST-029238,26132.19,0
CUST-029239,105417.49,22
CUST-029241,52889.59,25
CUST-029242,47563.35,25
CUST-029244,23292.27,32
CUST-029246,108078.83,0
CUST-029249,47955.83,42
CUST-029251,20390.51,0
CUST-029252,5296.61,54
CUST-029253,71691.93,0
CUST-029256,37125.41,48
CUST-029257,82635.52,2
CUST-029258,1920.9,17
CUST-029259,4823.68,32
CUST-029260,18363.44,31
CUST-029261,43019.28,59
CUST-029262,23952.02,55
CUST-029263,364.37,31
CUST-029264,90255.1,20
CUST-029266,69823.26,20
CUST-029268,10819.69,16
CUST-029269,49919.26,44
CUST-029270,59221.86,0
CUST-029271,45199.38,16
CUST-029272,14949.49,2
CUST-029273,31161.16,31
CUST-029275,435.33,14
CUST-029276,87155.43,44
CUST-029278,65580.61,51
CUST-029281,14705.42,22
CUST-029282,239273.95,40
CUST-029284,58160.62,30
CUST-029285,79869.33,0
CUST-029287,105584.42,44
CUST-029288,40368.01,33
CUST-029290,1959.48,35
CUST-029291,11134.34,22
CUST-029292,149626.13,26
CUST-029293,20790.49,21
CUST-029294,30192.18,33
CUST-029295,44626.62,13
CUST-029296,4053.03,3
CUST-029297,2792.18,48
CUST-029299,3533.58,24
CUST-029300,7974.72,15
CUST-029301,506.53,65
CUST-029302,50483.98,83
CUST-029303,53841.77,16
CUST-029304,41923.25,26
CUST-029305,2846.86,23
CUST-029306,29314.01,11
CUST-029307,675.99,24
CUST-029310,17524.49,66
CUST-029311,4439.04,36
CUST-029313,2729.85,0
CUST-029314,79159.38,25
CUST-029315,3095.84,23
CUST-029316,32320.35,9
CUST-029318,172721.43,10
CUST-029319,4592.1,16
CUST-029320,5006.57,0
CUST-029321,62075.28,0
CUST-029322,2220.85,14
CUST-029323,62662.08,11
CUST-029324,31097.33,20
CUST-029325,96134.51,0
CUST-029326,92722.21,0
CUST-029327,117686.06,0
CUST-029328,17906.8,16
CUST-029329,88694.59,38
CUST-029330,38781.89,16
CUST-029331,2860.04,23
CUST-029332,72997.23,41
CUST-029333,2924.42,72
CUST-029334,39670.95,0
CUST-029335,33783.2,0
CUST-029336,100202.26,18
CUST-029337,36745.17,42
CUST-029341,149.28,52
CUST-029342,1883.87,18
CUST-029343,30273.42,36
CUST-029344,16462.07,50
CUST-029345,196205.59,8
CUST-029346,51876.94,0
CUST-029347,33082.26,24
CUST-029349,27357.81,20
CUST-029350,65722.25,31
CUST-029351,41588.23,37
CUST-029352,88553.91,44
CUST-029353,8872.94,24
CUST-029354,68353.56,30
CUST-029355,78863.75,23
CUST-029356,3902.85,31
CUST-029358,50783.86,10
CUST-029359,102612.58,44
CUST-029360,69089.06,63
CUST-029361,14075.77,54
CUST-029362,28927.18,4
CUST-029363,50665.14,32
CUST-029366,72614.99,7
CUST-029368,30792.31,0
CUST-029370,974.9,60
CUST-029371,9122.42,42
CUST-029372,30730.99,64
CUST-029373,138201.74,53
CUST-029374,58900.93,33
CUST-029375,29935.11,5
CUST-029376,146110.19,25
CUST-029377,87342.94,24
CUST-029378,20263.36,49
CUST-029379,66174.01,20
CUST-029380,16713.54,35
CUST-029381,40904.93,49
CUST-029382,17412.18,45
CUST-029383,64406.88,39
CUST-029384,8314.5,0
CUST-029385,33679.89,25
CUST-029386,6517.91,17
CUST-029388,20247.44,11
CUST-029389,23796.88,0
CUST-029390,6177.87,41
CUST-029391,14165.08,0
CUST-029394,22049.53,8
CUST-029395,178289.21,13
CUST-029398,60488.11,0
CUST-029399,99197.85,47
CUST-029401,164488.56,39
CUST-029402,128926.33,13
CUST-029403,16361.83,24
CUST-029404,131426.77,29
CUST-029405,25209.82,29
CUST-029406,78154.86,17
CUST-029408,64191.39,30
CUST-029409,32617.99,23
CUST-029410,68140.71,45
CUST-029411,56571.69,63
CUST-029412,23667.01,16
CUST-029413,26996.28,17
CUST-029415,9656.33,5
CUST-029417,83708.34,56
CUST-029419,5411.98,35
CUST-029421,129951.07,0
CUST-029422,93130.21,21
CUST-029423,7114.79,34
CUST-029424,74348.77,20
CUST-029425,142263.88,34
CUST-029426,21464.95,5
CUST-029427,3122.93,8
CUST-029428,70276.25,20
CUST-029430,15351.23,28
CUST-029431,211313.66,45
CUST-029433,144566.75,0
CUST-029434,38539.79,23
CUST-029435,1767.11,83
CUST-029436,98315.53,0
CUST-029437,72720.45,18
CUST-029438,138395.73,22
CUST-029439,4135.95,34
CUST-029440,26253.11,45
CUST-029441,66267.77,6
CUST-029442,16914.72,13
CUST-029443,9870.15,56
CUST-029444,135564.72,32
CUST-029445,33850.69,27
CUST-029447,174618.99,42
CUST-029449,145814.56,30
CUST-029451,51548.75,33
CUST-029455,54421.55,52
CUST-029456,2672.59,33
CUST-029457,654.19,53
CUST-029458,1593.27,45
CUST-029460,70977.07,28
CUST-029461,25522.2,25
CUST-029463,1942.63,6
CUST-029465,49687.52,24
CUST-029466,26429.66,24
CUST-029467,177878.77,33
CUST-029468,126115.37,36
CUST-029471,131122.81,34
CUST-029472,50622.36,33
CUST-029473,93728.75,21
CUST-029474,16427.18,42
CUST-029475,60171.2,20
CUST-029476,65813.44,34
CUST-029477,91520.74,16
CUST-029478,10608.2,0
CUST-029479,27008.56,11
CUST-029480,45241.06,14
CUST-029481,44722.63,5
CUST-029482,23179.31,7
CUST-029483,58730.42,46
CUST-029484,132439.81,2
CUST-029486,43846.8,44
CUST-029487,8657.01,8
CUST-029489,136938.89,32
CUST-029490,79315.75,41
CUST-029492,33792.72,21
CUST-029493,135563.04,5
CUST-029494,28696.91,15
CUST-029495,30680.41,63
CUST-029496,27665.17,12
CUST-029499,39400.3,0
CUST-029500,108419.55,15
CUST-029502,15367.57,38
CUST-029504,49925.69,9
CUST-029505,9349.93,43
CUST-029506,35899.92,26
CUST-029507,42148.89,0
CUST-029509,8761.68,33
CUST-029510,3267.0,56
CUST-029511,88624.66,6
CUST-029512,174100.44,0
CUST-029514,58807.71,38
CUST-029515,16508.88,19
CUST-029516,60448.46,30
CUST-029517,113465.12,85
CUST-029519,41061.79,49
CUST-029521,26315.24,48
CUST-029522,73749.78,17
CUST-029523,11841.18,38
CUST-029524,17413.85,15
CUST-029525,232070.76,34
CUST-029526,44755.42,21
CUST-029527,15363.63,6
CUST-029528,5495.74,25
CUST-029530,36862.39,5
CUST-029531,131822.39,56
CUST-029532,56647.12,0
CUST-029533,69430.0,12
CUST-029534,158140.83,31
CUST-029535,71484.08,21
CUST-029536,11916.8,4
CUST-029537,83250.51,9
CUST-029538,56674.05,6
CUST-029539,36357.12,7
CUST-029542,66268.47,49
CUST-029543,77289.29,40
CUST-029544,103407.41,57
CUST-029545,104636.08,0
CUST-029546,49548.13,54
CUST-029547,11838.06,10
CUST-029548,66419.42,22
CUST-029549,48137.37,49
CUST-029550,167621.06,7
CUST-029551,127610.29,7
CUST-029553,9126.41,25
CUST-029554,22553.14,35
CUST-029555,48422.46,0
CUST-029556,11367.3,64
CUST-029557,196165.54,30
CUST-029560,19224.06,3
CUST-029561,188013.71,24
CUST-029563,46120.59,57
CUST-029564,118224.78,0
CUST-029565,57067.75,0
CUST-029566,126645.72,39
CUST-029567,46135.35,9
CUST-029568,2291.48,50
CUST-029570,67291.04,45
CUST-029572,75102.25,15
CUST-029577,4879.09,14
CUST-029578,60616.26,64
CUST-029579,1469.84,20
CUST-029581,45191.34,8
CUST-029582,30903.38,2
CUST-029584,175559.35,22
CUST-029585,67147.79,42
CUST-029586,52124.72,14
CUST-029588,2169.07,10
CUST-029589,2452.96,0
CUST-029590,78550.49,0
CUST-029591,11330.0,18
CUST-029592,4392.1,6
CUST-029593,70887.94,6
CUST-029594,25196.65,38
CUST-029595,59467.29,0
CUST-029596,115907.27,6
CUST-029598,61375.82,37
CUST-029603,3607.15,0
CUST-029604,46496.27,3
CUST-029605,193930.38,14
CUST-029606,1281.39,16
CUST-029607,118947.2,32
CUST-029608,2409.18,82
CUST-029610,71501.28,11
CUST-029611,35389.9,9
CUST-029612,103757.78,82
CUST-029613,150116.18,0
CUST-029614,57865.12,21
CUST-029615,172264.29,35
CUST-029616,53371.43,19
CUST-029617,77439.03,50
CUST-029620,37415.52,10
CUST-029622,57472.85,33
CUST-029623,23524.4,0
CUST-029627,48679.08,12
CUST-029628,2009.97,45
CUST-029630,138553.28,0
CUST-029631,85952.15,54
CUST-029632,56782.22,37
CUST-029634,199765.02,17
CUST-029635,38384.42,6
CUST-029636,22206.93,27
CUST-029637,126506.12,0
CUST-029640,66951.31,27
CUST-029642,127933.77,14
CUST-029644,115702.93,85
CUST-029647,53370.04,58
CUST-029648,28956.43,1
CUST-029649,79273.2,49
CUST-029650,208004.14,11
CUST-029652,1108.09,58
CUST-029653,3984.41,9
CUST-029654,54843.23,27
CUST-029655,65547.61,18
CUST-029656,179562.82,34
CUST-029657,68446.76,18
CUST-029658,101890.09,0
CUST-029660,69246.98,52
CUST-029662,1373.37,22
CUST-029663,152325.86,27
CUST-029664,17341.81,44
CUST-029665,61869.99,9
CUST-029666,214848.05,0
CUST-029668,54614.51,17
CUST-029669,43001.02,5
CUST-029670,24929.09,19
CUST-029671,42022.88,24
CUST-029672,1598.37,82
CUST-029673,17083.99,8
CUST-029674,19153.6,34
CUST-029675,33760.64,19
CUST-029676,94302.73,8
CUST-029677,60861.08,34
CUST-029678,12855.58,8
CUST-029681,39031.8,0
CUST-029683,176392.4,17
CUST-029684,47750.57,30
CUST-029685,35884.5,5
CUST-029686,6357.33,44
CUST-029687,88326.44,31
CUST-029688,8210.15,8
CUST-029689,51372.47,31
CUST-029690,53116.52,5
CUST-029691,1058.04,47
CUST-029692,67314.84,23
CUST-029693,10493.59,64
CUST-029694,212815.98,72
CUST-029695,3149.51,40
CUST-029697,33588.7,23
CUST-029698,146080.89,31
CUST-029699,102069.3,27
CUST-029700,50799.62,13
CUST-029701,50855.47,27
CUST-029702,99297.2,16
CUST-029704,18334.41,49
CUST-029705,11148.81,35
CUST-029706,23870.87,31
CUST-029708,11058.36,22
CUST-029710,42966.75,20
CUST-029712,42390.98,29
CUST-029714,114732.05,32
CUST-029715,3413.36,20
CUST-029716,2868.29,0
CUST-029717,41720.64,8
CUST-029718,51699.73,22
CUST-029720,6041.83,56
CUST-029721,73570.22,32
CUST-029722,97449.49,31
CUST-029723,19768.66,16
CUST-029724,18103.78,19
CUST-029726,29785.89,55
CUST-029727,30714.14,3
CUST-029731,151879.24,61
CUST-029733,73151.85,26
CUST-029734,8853.38,0
CUST-029735,2250.12,42
CUST-029738,158377.04,35
CUST-029739,35131.83,29
CUST-029740,101921.42,22
CUST-029741,59552.81,33
CUST-029743,32101.05,36
CUST-029744,77533.48,32
CUST-029745,78026.01,31
CUST-029746,84410.84,8
CUST-029749,30503.65,2
CUST-029750,90053.64,5
CUST-029751,8328.02,9
CUST-029752,8235.43,46
CUST-029754,85097.1,45
CUST-029755,59333.41,36
CUST-029757,2554.46,34
CUST-029758,35744.27,9
CUST-029759,52906.31,29
CUST-029760,45718.58,41
CUST-029762,178748.38,39
CUST-029764,3446.17,40
CUST-029765,42668.48,27
CUST-029766,86746.85,59
CUST-029767,41516.09,8
CUST-029768,37159.56,0
CUST-029769,126981.77,10
CUST-029770,32267.74,33
CUST-029771,70285.58,44
CUST-029772,105403.22,4
CUST-029773,15813.52,72
CUST-029774,49060.86,33
CUST-029775,25239.76,0
CUST-029776,50757.37,25
CUST-029777,93945.78,19
CUST-029778,13112.88,20
CUST-029779,15326.76,45
CUST-029780,40433.35,28
CUST-029781,135421.78,48
CUST-029782,44310.25,20
CUST-029783,12720.83,26
CUST-029784,1813.09,22
CUST-029785,7419.25,0
CUST-029786,11994.81,37
CUST-029787,4122.76,17
CUST-029788,2273.67,37
CUST-029789,35299.62,53
CUST-029791,9916.98,42
CUST-029792,33725.11,29
CUST-029793,38040.71,56
CUST-029794,58849.54,18
CUST-029795,5638.77,21
CUST-029796,100957.04,65
CUST-029797,74259.11,49
CUST-029798,28929.15,36
CUST-029799,11339.51,37
CUST-029800,5883.69,17
CUST-029803,29713.88,38
CUST-029804,119063.34,51
CUST-029806,80638.03,0
CUST-029807,13076.04,21
CUST-029808,46056.87,39
CUST-029809,59447.26,44
CUST-029810,13449.36,27
CUST-029811,74630.75,36
CUST-029812,157716.56,2
CUST-029813,3171.96,68
CUST-029814,17490.88,2
CUST-029815,61687.6,15
CUST-029816,76626.66,20
CUST-029817,5203.99,0
CUST-029818,101601.35,34
CUST-029819,79768.94,33
CUST-029820,11647.15,21
CUST-029821,24789.59,0
CUST-029822,163425.83,24
CUST-029823,34789.14,46
CUST-029824,115898.77,0
CUST-029826,16227.11,26
CUST-029827,35712.89,35
CUST-029829,67662.45,34
CUST-029830,96956.87,12
CUST-029831,71993.12,30
CUST-029832,101866.96,5
CUST-029835,9805.93,2
CUST-029838,177028.8,34
CUST-029839,146197.46,5
CUST-029840,26005.44,11
CUST-029841,108685.21,12
CUST-029842,10135.24,23
CUST-029844,37989.16,38
CUST-029845,27549.38,40
CUST-029846,80847.76,21
CUST-029847,2296.53,50
CUST-029849,89504.6,52
CUST-029850,39232.46,59
CUST-029851,120084.96,0
CUST-029852,35317.46,39
CUST-029853,33745.57,50
CUST-029855,108935.41,22
CUST-029856,99072.48,64
CUST-029857,41269.5,87
CUST-029858,11887.35,42
CUST-029859,76483.54,19
CUST-029860,97580.77,38
CUST-029863,5629.15,16
CUST-029864,1417.12,8
CUST-029865,520.11,17
CUST-029866,68664.33,74
CUST-029867,12516.68,0
CUST-029868,118815.56,9
CUST-029869,49701.44,56
CUST-029870,16505.96,31
CUST-029871,34139.09,11
CUST-029873,46774.21,10
CUST-029874,186302.65,40
CUST-029877,43304.78,43
CUST-029878,158637.75,29
CUST-029879,108703.51,34
CUST-029880,16822.87,23
CUST-029881,67077.48,46
CUST-029882,128290.88,11
CUST-029883,126327.75,86
CUST-029884,68415.15,16
CUST-029885,69028.83,8
CUST-029886,162352.13,47
CUST-029887,39114.79,47
CUST-029888,176471.19,45
CUST-029889,7338.21,32
CUST-029890,50129.88,20
CUST-029892,3743.43,6
CUST-029893,301.36,6
CUST-029895,7370.85,17
CUST-029897,210663.58,31
CUST-029899,21841.61,37
CUST-029900,13637.26,35
CUST-029903,3631.66,65
CUST-029905,26499.86,10
CUST-029907,121140.66,24
CUST-029908,12669.77,0
CUST-029909,33981.11,0
CUST-029911,30217.16,16
CUST-029912,148166.2,15
CUST-029914,31124.2,10
CUST-029915,91386.97,37
CUST-029917,22955.46,37
CUST-029919,63628.45,30
CUST-029920,8350.21,24
CUST-029921,190053.91,23
CUST-029922,193914.2,40
CUST-029923,539.54,6
CUST-029925,68976.07,0
CUST-029926,8095.98,0
CUST-029927,37673.53,3
CUST-029928,32479.07,9
CUST-029929,110839.36,37
CUST-029930,796.9,40
CUST-029932,38847.74,24
CUST-029933,76694.06,46
CUST-029934,110735.78,23
CUST-029935,19130.58,24
CUST-029936,104949.03,33
CUST-029937,106631.46,15
CUST-029938,136677.49,12
CUST-029939,1021.28,71
CUST-029941,2362.63,20
CUST-029942,43095.4,50
CUST-029943,16327.97,10
CUST-029944,453.68,76
CUST-029945,12739.25,0
CUST-029946,143746.19,7
CUST-029947,41615.82,25
CUST-029949,160230.78,22
CUST-029954,1786.52,47
CUST-029955,870.47,52
CUST-029956,55987.76,0
CUST-029957,94610.25,15
CUST-029958,88552.51,4
CUST-029959,9640.0,49
CUST-029961,92047.4,24
CUST-029962,106590.23,35
CUST-029963,11504.35,14
CUST-029964,32224.98,33
CUST-029965,15513.19,34
CUST-029967,19645.87,22
CUST-029968,230831.54,14
CUST-029969,20007.12,0
CUST-029970,22408.05,34
CUST-029973,55786.82,17
CUST-029974,7689.27,46
CUST-029975,3021.23,11
CUST-029976,9873.49,16
CUST-029978,6048.21,32
CUST-029979,26522.58,63
CUST-029980,22203.93,89
CUST-029982,54885.4,5
CUST-029985,959.02,24
CUST-029986,35449.22,0
CUST-029987,55960.22,39
CUST-029989,105273.9,39
CUST-029990,25612.67,22
CUST-029991,142027.88,23
CUST-029992,3649.46,30
CUST-029993,6566.39,17
CUST-029994,90450.71,5
CUST-029995,1932.94,0
CUST-029997,55082.81,0
CUST-029998,26560.77,33
CUST-029999,4825.86,48
CUST-030000,69839.87,26
CUST-030001,92473.56,7
CUST-030003,31076.12,5
CUST-030004,116058.56,42
CUST-030005,89142.16,31
CUST-030006,40608.45,48
CUST-030007,10016.6,65
CUST-030008,100745.04,0
CUST-030009,583.84,46
CUST-030010,47543.74,14
CUST-030011,23391.32,9
CUST-030012,61307.45,13
CUST-030013,44809.97,0
CUST-030014,42627.97,6
CUST-030015,28070.69,22
CUST-030016,72882.54,64
CUST-030017,261008.23,38
CUST-030018,92989.44,17
CUST-030019,42597.96,37
CUST-030020,44447.36,57
CUST-030021,11135.35,48
CUST-030022,126871.64,32
CUST-030023,218014.14,23
CUST-030024,40487.79,12
CUST-030025,4623.54,34
CUST-030026,19234.97,4
CUST-030028,20636.8,11
CUST-030029,8396.87,8
CUST-030030,57974.22,8
CUST-030031,6017.74,0
CUST-030032,26362.77,51
CUST-030034,179483.23,48
CUST-030035,166253.32,4
CUST-030036,76996.87,27
CUST-030038,41612.08,35
CUST-030040,24707.26,39
CUST-030042,51342.76,10
CUST-030043,173010.4,21
CUST-030044,14375.18,25
CUST-030045,121170.14,17
CUST-030047,14728.25,32
CUST-030048,118344.7,3
CUST-030049,26810.85,11
CUST-030050,158969.63,67
CUST-030051,39220.89,20
CUST-030053,34141.75,23
CUST-030055,1866.04,25
CUST-030056,29353.29,40
CUST-030057,38060.26,34
CUST-030058,159158.37,0
CUST-030059,2083.82,43
CUST-030061,81014.45,36
CUST-030063,15861.48,24
CUST-030064,101907.11,33
CUST-030065,68306.94,23
CUST-030066,29930.9,39
CUST-030067,74401.97,25
CUST-030068,40573.85,42
CUST-030069,29397.13,19
CUST-030070,7879.48,21
CUST-030071,63311.36,0
CUST-030072,51463.79,0
CUST-030073,38452.34,46
CUST-030074,11618.58,58
CUST-030075,134872.71,30
CUST-030076,47462.76,55
CUST-030077,17512.41,17
CUST-030078,5101.81,48
CUST-030079,82820.54,21
CUST-030080,16400.13,20
CUST-030081,3342.35,0
CUST-030083,23347.85,9
CUST-030084,59406.17,48
CUST-030085,34734.99,47
CUST-030086,5268.69,47
CUST-030087,67318.4,49
CUST-030088,19502.11,74
CUST-030090,17109.26,46
CUST-030091,22970.09,42
CUST-030092,2902.51,30
CUST-030094,16675.24,6
CUST-030095,10015.54,17
CUST-030097,6103.92,61
CUST-030098,77056.01,35
CUST-030099,32808.22,34
CUST-030100,16441.45,32
CUST-030102,130415.68,37
CUST-030103,39571.74,15
CUST-030105,132266.13,39
CUST-030106,56384.31,16
CUST-030107,45265.24,2
CUST-030109,55430.17,8
CUST-030110,223745.46,33
CUST-030112,19270.13,25
CUST-030113,52669.4,48
CUST-030115,934.09,48
CUST-030116,37488.66,44
CUST-030117,42912.27,15
CUST-030118,18146.73,46
CUST-030119,115849.32,39
CUST-030120,83899.82,35
CUST-030121,20512.2,56
CUST-030122,94886.74,12
CUST-030123,3792.32,17
CUST-030124,19172.09,38
CUST-030126,28801.01,11
CUST-030127,54960.07,50
CUST-030130,4322.31,38
CUST-030131,4942.93,57
CUST-030132,14309.94,9
CUST-030133,62671.92,23
CUST-030134,1135.11,11
CUST-030135,136193.69,29
CUST-030136,28340.82,9
CUST-030138,60442.63,38
CUST-030139,81155.57,6
CUST-030140,110483.9,33
CUST-030141,42759.27,35
CUST-030144,32037.9,36
CUST-030145,38938.76,31
CUST-030146,116072.05,0
CUST-030148,12620.79,24
CUST-030149,32758.55,41
CUST-030150,64063.87,33
CUST-030151,34799.56,24
CUST-030152,150558.46,0
CUST-030153,85442.53,65
CUST-030154,130476.87,15
CUST-030155,17219.62,16
CUST-030156,6324.8,29
CUST-030157,33757.97,33
CUST-030158,12123.73,0
CUST-030159,117666.9,32
CUST-030160,71522.69,49
CUST-030161,141895.68,41
CUST-030162,55756.36,0
CUST-030163,67536.83,10
CUST-030164,77660.76,48
CUST-030165,18892.27,0
CUST-030166,22703.75,26
CUST-030168,67585.87,31
CUST-030171,98366.69,28
CUST-030172,105662.91,0
CUST-030174,2203.93,45
CUST-030175,6238.76,21
CUST-030176,75433.92,45
CUST-030177,1907.95,58
CUST-030178,59637.69,14
CUST-030180,231310.69,43
CUST-030181,68750.0,1
CUST-030182,2603.76,49
CUST-030184,13391.41,0
CUST-030185,36377.17,7
CUST-030187,46688.12,21
CUST-030188,4054.5,20
CUST-030190,46160.49,26
CUST-030191,126617.06,64
CUST-030192,18352.26,9
CUST-030193,1648.47,36
CUST-030194,36095.62,9
CUST-030195,31941.39,21
CUST-030197,60178.2,33
CUST-030199,16559.46,36
CUST-030200,36615.04,46
CUST-030201,27644.47,25
CUST-030202,97896.97,5
CUST-030204,186990.42,28
CUST-030205,144785.61,49
CUST-030207,60102.15,42
CUST-030209,6598.73,31
CUST-030210,143531.8,43
CUST-030211,867.24,15
CUST-030212,31971.06,25
CUST-030213,2020.75,8
CUST-030214,40875.99,5
CUST-030215,6545.97,14
CUST-030216,1704.12,6
CUST-030217,57461.3,33
CUST-030218,59603.03,47
CUST-030219,23423.51,5
CUST-030220,5917.83,9
CUST-030221,16763.08,35
CUST-030222,34022.61,17
CUST-030223,65457.15,20
CUST-030224,140597.17,34
CUST-030226,84478.43,42
CUST-030227,6714.12,14
CUST-030228,106805.01,19
CUST-030229,4910.88,31
CUST-030231,138392.84,52
CUST-030232,43195.69,47
CUST-030233,6258.56,10
CUST-030234,52094.88,18
CUST-030235,7558.94,24
CUST-030237,45951.31,65
CUST-030238,8468.69,34
CUST-030240,56341.24,3
CUST-030241,50905.25,58
CUST-030242,23744.48,9
CUST-030244,78302.99,5
CUST-030245,7900.09,32
CUST-030247,27072.79,8
CUST-030248,6155.73,27
CUST-030250,114530.38,25
CUST-030252,13622.93,17
CUST-030253,56500.97,39
CUST-030254,14855.69,50
CUST-030255,41150.13,1
CUST-030256,895.31,3
CUST-030258,44701.85,36
CUST-030260,40274.5,1
CUST-030261,23517.98,41
CUST-030262,27712.28,17
CUST-030263,6929.3,19
CUST-030265,63027.71,0
CUST-030266,2155.23,16
CUST-030267,15352.72,7
CUST-030268,21117.08,8
CUST-030269,7142.66,6
CUST-030270,82297.71,21
CUST-030271,86541.18,35
CUST-030272,11231.03,44
CUST-030274,82143.46,27
CUST-030276,68144.38,9
CUST-030277,42202.05,50
CUST-030278,57331.68,44
CUST-030279,12059.93,62
CUST-030280,1430.73,70
CUST-030281,80938.56,6
CUST-030283,2372.25,28
CUST-030285,26023.43,34
CUST-030286,37780.68,21
CUST-030287,1437.06,35
CUST-030288,61476.08,24
CUST-030290,36479.53,48
CUST-030291,126839.95,7
CUST-030292,161077.29,9
CUST-030295,14094.04,59
CUST-030296,24277.48,28
CUST-030297,179943.98,69
CUST-030298,154195.11,64
CUST-030299,142.49,48
CUST-030300,77785.27,50
CUST-030301,50272.77,21
CUST-030302,13843.26,40
CUST-030303,80706.4,20
CUST-030304,111244.43,2
CUST-030305,28093.38,29
CUST-030306,19323.33,48
CUST-030307,5561.27,19
CUST-030309,4491.6,50
CUST-030310,3057.06,27
CUST-030311,300.68,65
CUST-030312,656.64,29
CUST-030313,173098.63,40
CUST-030314,76264.95,11
CUST-030315,39808.35,33
CUST-030316,119484.51,34
CUST-030317,82488.24,21
CUST-030318,12661.09,0
CUST-030319,12211.55,0
CUST-030320,7643.32,24
CUST-030321,37461.06,60
CUST-030323,65258.85,0
CUST-030324,58314.23,26
CUST-030326,23031.57,34
CUST-030327,11777.57,0
CUST-030328,122098.14,18
CUST-030329,191816.44,34
CUST-030330,55148.95,20
CUST-030331,146867.58,9
CUST-030333,15357.11,62
CUST-030334,3842.82,37
CUST-030336,16628.45,58
CUST-030337,31438.2,26
CUST-030338,73617.21,41
CUST-030340,106223.16,0
CUST-030341,18597.67,33
CUST-030342,80716.02,19
CUST-030344,4696.49,41
CUST-030345,64382.03,40
CUST-030346,79830.12,1
CUST-030347,54473.92,62
CUST-030348,98836.39,17
CUST-030349,74658.9,34
CUST-030350,5281.03,23
CUST-030351,190582.41,45
CUST-030352,23688.22,32
CUST-030354,65963.05,34
CUST-030355,31280.65,24
CUST-030356,101300.06,21
CUST-030357,127219.29,22
CUST-030358,133633.15,60
CUST-030359,49223.79,42
CUST-030360,29058.56,22
CUST-030361,59170.62,51
CUST-030363,0.0,43
CUST-030364,52621.83,65
CUST-030367,54532.86,8
CUST-030368,102454.41,37
CUST-030369,102873.13,43
CUST-030370,129280.48,21
CUST-030371,27668.98,0
CUST-030372,148145.57,32
CUST-030374,29889.59,0
CUST-030375,55615.91,58
CUST-030376,27361.06,18
CUST-030377,97537.13,39
CUST-030378,20501.55,26
CUST-030379,90477.5,23
CUST-030382,161116.73,23
CUST-030383,36413.01,45
CUST-030384,127431.94,42
CUST-030385,15219.53,6
CUST-030387,131608.23,11
CUST-030389,2473.96,7
CUST-030390,44675.02,4
CUST-030391,139031.35,15
CUST-030392,153502.59,13
CUST-030395,55671.31,43
CUST-030396,52088.89,44
CUST-030397,24385.44,69
CUST-030398,38956.88,75
CUST-030400,38941.12,0
CUST-030401,4598.97,36
CUST-030403,90943.85,17
CUST-030404,169946.62,24
CUST-030407,5011.63,4
CUST-030408,114929.66,6
CUST-030409,84346.68,6
CUST-030411,153435.32,6
CUST-030412,171749.45,14
CUST-030413,31302.8,50
CUST-030414,413.83,72
CUST-030415,3099.43,29
CUST-030416,66979.55,59
CUST-030417,40094.1,23
CUST-030418,1743.12,6
CUST-030419,73374.29,30
CUST-030420,64581.33,32
CUST-030422,1281.19,12
CUST-030423,31233.33,35
CUST-030424,89377.68,32
CUST-030425,177996.17,21
CUST-030426,55338.01,26
CUST-030427,92195.63,47
CUST-030428,112338.25,21
CUST-030429,194426.74,0
CUST-030430,45377.47,23
CUST-030431,40706.34,6
CUST-030432,21085.07,0
CUST-030433,28322.37,0
CUST-030434,60220.55,14
CUST-030435,65758.95,0
CUST-030436,8083.63,8
CUST-030437,17502.73,31
CUST-030439,9635.44,20
CUST-030440,51938.48,9
CUST-030444,8137.38,0
CUST-030445,71225.75,0
CUST-030446,72643.49,65
CUST-030447,147483.41,0
CUST-030448,3542.43,58
CUST-030449,106224.35,11
CUST-030450,12736.29,19
CUST-030451,52898.18,36
CUST-030453,74203.28,12
CUST-030454,2312.94,69
CUST-030455,206775.42,39
CUST-030457,4489.18,62
CUST-030458,50286.66,35
CUST-030459,17664.33,23
CUST-030460,11813.86,41
CUST-030461,24130.69,31
CUST-030462,1950.97,13
CUST-030463,33815.35,49
CUST-030464,31508.57,46
CUST-030465,194852.28,19
CUST-030466,14420.57,7
CUST-030467,164658.67,69
CUST-030469,175332.05,0
CUST-030470,5293.58,48
CUST-030471,106932.11,0
CUST-030472,17462.42,19
CUST-030473,6201.43,50
CUST-030474,71359.5,19
CUST-030475,97514.32,6
CUST-030476,22104.51,20
CUST-030477,34153.09,17
CUST-030481,124963.58,0
CUST-030483,8327.5,49
CUST-030484,18023.04,11
CUST-030485,98964.1,9
CUST-030486,98076.86,65
CUST-030487,35590.55,17
CUST-030488,7528.8,5
CUST-030489,23598.08,32
CUST-030490,55487.55,12
CUST-030492,9027.21,31
CUST-030493,79221.27,9
CUST-030494,72171.99,31
CUST-030496,59012.65,41
CUST-030497,163578.19,0
CUST-030498,45152.02,21
CUST-030499,8436.23,33
CUST-030500,174397.1,21
CUST-030502,29959.23,22
CUST-030503,44796.7,48
CUST-030504,8130.81,35
CUST-030506,25649.98,10
CUST-030507,75099.42,0
CUST-030508,11104.92,22
CUST-030509,14333.94,0
CUST-030510,168679.52,15
CUST-030512,63360.09,0
CUST-030515,52271.11,44
CUST-030517,87799.91,0
CUST-030518,29258.57,61
CUST-030520,2060.33,34
CUST-030522,46453.83,0
CUST-030523,18677.52,6
CUST-030524,153202.88,9
CUST-030525,69984.43,34
CUST-030527,95622.3,12
CUST-030528,23190.09,9
CUST-030529,196986.01,19
CUST-030530,8817.23,0
CUST-030531,38877.11,3
CUST-030532,17571.59,61
CUST-030533,126839.7,38
CUST-030534,4263.56,5
CUST-030536,48958.98,10
CUST-030537,147226.43,37
CUST-030538,82014.22,32
CUST-030539,91663.09,64
CUST-030540,20677.01,50
CUST-030541,46391.94,22
CUST-030543,25833.94,9
CUST-030544,50673.24,50
CUST-030545,3793.3,30
CUST-030547,40475.09,3
CUST-030548,25196.19,25
CUST-030549,45051.69,46
CUST-030550,44884.8,46
CUST-030551,112923.7,26
CUST-030552,76090.78,6
CUST-030553,34687.73,8
CUST-030554,98973.68,59
CUST-030555,131449.98,5
CUST-030557,8668.72,20
CUST-030558,46493.62,73
CUST-030560,22188.08,5
CUST-030561,54051.1,50
CUST-030562,2251.78,0
CUST-030563,16680.95,33
CUST-030564,71817.84,2
CUST-030565,8490.26,5
CUST-030566,178949.16,0
CUST-030567,94026.81,0
CUST-030568,140088.0,61
CUST-030569,14203.41,39
CUST-030570,24091.94,0
CUST-030572,29294.56,0
CUST-030574,11516.18,38
CUST-030576,1431.59,33
CUST-030577,8668.2,45
CUST-030579,14501.14,5
CUST-030581,89039.85,14
CUST-030582,11899.05,21
CUST-030584,23812.88,34
CUST-030585,75419.29,33
CUST-030586,16892.98,56
CUST-030587,40360.49,17
CUST-030589,213069.1,48
CUST-030591,97178.98,49
CUST-030592,16333.69,31
CUST-030593,88672.0,21
CUST-030594,6625.87,47
CUST-030595,82332.39,19
CUST-030596,125216.86,14
CUST-030598,57769.77,6
CUST-030599,63137.15,10
CUST-030601,59059.55,25
CUST-030604,28689.42,12
CUST-030605,145825.54,25
CUST-030606,56894.42,20
CUST-030608,73876.69,76
CUST-030609,6433.83,44
CUST-030610,44695.32,5
CUST-030613,120048.2,32
CUST-030614,24101.2,35
CUST-030615,63672.95,1
CUST-030616,171638.07,17
CUST-030617,23166.86,19
CUST-030618,29044.61,42
CUST-030619,20296.59,63
CUST-030620,20809.88,13
CUST-030621,12737.03,12
CUST-030623,65691.04,49
CUST-030625,39115.75,38
CUST-030627,18942.71,54
CUST-030628,21347.0,48
CUST-030629,64728.62,6
CUST-030630,50170.59,43
CUST-030631,39587.74,41
CUST-030633,42780.23,37
CUST-030635,18477.07,0
CUST-030636,38808.06,27
CUST-030637,1016.86,0
CUST-030638,140372.31,15
CUST-030641,46099.28,32
CUST-030642,8910.08,33
CUST-030643,71.75,37
CUST-030644,54676.54,57
CUST-030646,0.0,74
CUST-030648,5230.26,57
CUST-030649,87941.33,5
CUST-030650,18025.82,21
CUST-030651,9177.49,15
CUST-030652,62366.08,50
CUST-030653,14089.81,0
CUST-030654,126567.77,55
CUST-030655,1719.04,0
CUST-030656,1126.66,35
CUST-030657,17531.74,17
CUST-030658,106259.38,50
CUST-030660,31360.3,34
CUST-030661,48466.99,3
CUST-030662,146525.22,44
CUST-030663,32195.01,40
CUST-030664,26696.01,13
CUST-030665,73603.15,49
CUST-030666,16240.42,20
CUST-030667,2916.48,55
CUST-030668,131859.35,0
CUST-030669,40708.34,39
CUST-030670,45038.55,45
CUST-030671,102755.33,34
CUST-030673,23442.74,49
CUST-030674,233534.7,30
CUST-030675,214993.75,0
CUST-030676,4605.09,50
CUST-030677,132315.46,44
CUST-030678,9995.2,30
CUST-030679,66043.88,20
CUST-030681,26456.15,22
CUST-030682,75965.02,6
CUST-030683,39348.46,13
CUST-030684,133436.8,0
CUST-030685,0.0,67
CUST-030686,94547.64,20
CUST-030687,24328.84,7
CUST-030688,34896.72,45
CUST-030689,868.59,45
CUST-030691,141131.09,28
CUST-030693,19396.92,10
CUST-030695,6730.97,63
CUST-030696,45586.13,22
CUST-030698,4369.26,37
CUST-030699,35421.94,28
CUST-030700,23832.45,47
CUST-030701,39395.16,35
CUST-030702,41458.37,0
CUST-030703,21412.7,15
CUST-030704,61229.14,2
CUST-030706,83789.78,32
CUST-030707,61564.65,33
CUST-030708,58585.27,35
CUST-030712,183499.66,16
CUST-030713,94979.09,5
CUST-030714,62241.29,18
CUST-030715,11639.08,27
CUST-030716,7388.78,46
CUST-030717,13252.01,8
CUST-030718,6333.8,20
CUST-030719,33614.4,41
CUST-030720,114232.37,19
CUST-030721,28291.83,21
CUST-030723,25245.17,55
CUST-030724,35213.13,1
CUST-030725,43624.16,39
CUST-030726,13125.78,15
CUST-030727,41616.57,26
CUST-030728,42790.71,26
CUST-030729,16977.13,13
CUST-030730,31077.49,29
CUST-030731,21719.45,38
CUST-030733,59518.26,15
CUST-030734,13443.83,23
CUST-030735,126774.16,0
CUST-030736,78075.71,20
CUST-030737,35954.87,10
CUST-030738,32457.18,61
CUST-030739,1757.01,42
CUST-030740,32643.16,40
CUST-030741,17746.85,45
CUST-030742,59599.26,42
CUST-030744,22733.27,29
CUST-030745,99543.49,1
CUST-030747,105763.48,31
CUST-030749,61437.55,70
CUST-030751,5234.37,73
CUST-030752,9414.11,27
CUST-030753,4764.22,32
CUST-030754,13309.74,45
CUST-030755,7151.89,12
CUST-030756,40099.38,45
CUST-030757,79069.12,41
CUST-030758,354.4,0
CUST-030760,57073.8,0
CUST-030762,6967.9,24
CUST-030763,17322.8,79
CUST-030764,34970.47,32
CUST-030765,22726.84,59
CUST-030766,89238.98,0
CUST-030767,158075.29,40
CUST-030771,178107.3,21
CUST-030772,633.18,49
CUST-030774,19729.37,5
CUST-030775,17203.47,0
CUST-030776,64491.16,42
CUST-030777,54729.23,25
CUST-030778,26250.08,44
CUST-030779,25024.04,32
CUST-030780,49400.83,50
CUST-030783,24802.21,44
CUST-030784,74444.15,32
CUST-030785,155080.94,0
CUST-030786,7246.67,1
CUST-030787,176171.58,0
CUST-030788,31189.78,33
CUST-030789,38689.43,17
CUST-030790,1352.07,42
CUST-030792,4538.67,73
CUST-030793,159264.67,35
CUST-030794,11222.91,10
CUST-030795,16024.15,20
CUST-030796,69604.45,4
CUST-030798,8916.49,0
CUST-030799,46770.45,46
CUST-030801,142711.33,52
CUST-030803,58206.99,1
CUST-030805,205746.59,30
CUST-030806,70686.16,34
CUST-030807,39666.15,59
CUST-030808,32370.04,24
CUST-030809,68193.25,39
CUST-030811,53724.42,22
CUST-030812,127079.75,19
CUST-030815,136904.51,0
CUST-030816,61506.9,40
CUST-030817,1338.55,15
CUST-030818,52338.9,32
CUST-030819,2473.92,51
CUST-030820,51207.16,39
CUST-030821,165052.47,22
CUST-030822,118313.48,35
CUST-030824,1936.05,20
CUST-030825,125460.88,15
CUST-030826,63845.71,61
CUST-030827,94706.65,0
CUST-030828,1701.87,70
CUST-030829,142042.5,35
CUST-030831,804.76,39
CUST-030832,98839.16,21
CUST-030833,97053.94,0
CUST-030836,5606.42,45
CUST-030837,151290.24,42
CUST-030840,49973.51,6
CUST-030841,107141.9,57
CUST-030842,12713.37,16
CUST-030843,34202.7,39
CUST-030845,3664.13,0
CUST-030846,10173.19,46
CUST-030847,125500.83,23
CUST-030848,26993.14,21
CUST-030849,102566.67,45
CUST-030850,99787.33,7
CUST-030851,50876.42,33
CUST-030852,3600.63,23
CUST-030853,42462.94,61
CUST-030854,558.53,43
CUST-030855,54118.35,9
CUST-030856,143278.63,7
CUST-030857,32597.78,32
CUST-030858,8672.1,35
CUST-030859,162926.39,11
CUST-030860,110570.41,15
CUST-030862,130535.88,35
CUST-030863,81589.14,28
CUST-030864,4824.48,70
CUST-030865,55367.3,11
CUST-030866,17919.57,9
CUST-030867,96426.19,41
CUST-030868,141002.78,0
CUST-030869,26499.3,27
CUST-030870,50320.2,31
CUST-030873,88367.38,37
CUST-030874,33974.63,0
CUST-030875,24484.66,0
CUST-030877,373.17,27
CUST-030881,14090.39,31
CUST-030882,32677.81,54
CUST-030884,48209.38,27
CUST-030885,15869.96,61
CUST-030886,43213.49,49
CUST-030887,2638.18,16
CUST-030890,64945.2,24
CUST-030891,67664.6,30
CUST-030893,51398.74,24
CUST-030894,91372.71,60
CUST-030895,944.29,22
CUST-030896,74898.51,50
CUST-030898,90993.87,32
CUST-030899,115017.24,35
CUST-030900,69922.79,17
CUST-030902,105194.71,8
CUST-030904,41821.31,22
CUST-030906,207727.21,12
CUST-030907,122088.67,50
CUST-030908,6847.93,0
CUST-030909,25537.01,48
CUST-030911,100569.0,41
CUST-030912,75520.41,9
CUST-030914,2668.36,37
CUST-030917,110181.32,15
CUST-030918,27082.91,50
CUST-030920,1395.43,33
CUST-030922,15200.39,31
CUST-030924,175457.46,26
CUST-030925,4961.88,4
CUST-030926,10315.69,39
CUST-030927,51998.44,35
CUST-030928,64107.37,29
CUST-030930,10385.28,35
CUST-030931,94327.84,20
CUST-030933,69748.52,0
CUST-030934,47321.34,48
CUST-030936,94397.46,25
CUST-030937,13781.08,10
CUST-030938,188027.56,24
CUST-030939,28939.93,9
CUST-030941,43747.95,28
CUST-030942,30097.33,38
CUST-030943,70921.95,11
CUST-030944,49753.68,15
CUST-030945,50007.8,49
CUST-030946,11817.63,0
CUST-030947,80807.63,42
CUST-030948,107767.52,22
CUST-030950,113028.42,44
CUST-030952,42987.62,21
CUST-030953,21791.1,39
CUST-030954,75481.78,0
CUST-030955,20156.22,13
CUST-030956,16698.52,28
CUST-030958,10445.06,12
CUST-030959,92540.76,0
CUST-030960,34594.58,41
CUST-030961,3571.89,0
CUST-030963,14758.45,15
CUST-030965,139930.28,11
CUST-030967,11718.96,33
CUST-030968,124385.88,26
CUST-030969,15087.62,48
CUST-030970,6481.89,58
CUST-030972,1283.88,65
CUST-030973,84508.1,45
CUST-030975,200125.45,29
CUST-030976,30420.97,32
CUST-030977,22738.73,25
CUST-030978,1043.16,9
CUST-030979,12389.8,0
CUST-030980,8624.65,36
CUST-030981,45881.74,0
CUST-030982,32265.6,34
CUST-030983,51019.03,19
CUST-030984,109797.17,0
CUST-030985,1664.04,13
CUST-030986,23807.58,42
CUST-030987,49932.03,82
CUST-030988,11468.64,23
CUST-030989,71362.92,17
CUST-030991,64202.94,31
CUST-030992,9399.89,8
CUST-030993,95662.61,30
CUST-030994,194193.26,31
CUST-030996,39946.73,74
CUST-030997,1080.66,55
CUST-030998,10339.29,11
CUST-030999,16191.83,5
CUST-031001,433.0,66
CUST-031002,58876.83,65
CUST-031003,47700.23,50
CUST-031004,198445.21,35
CUST-031007,19555.42,59
CUST-031008,70537.55,48
CUST-031009,15924.73,1
CUST-031011,82554.59,31
CUST-031013,31044.84,10
CUST-031014,79135.91,64
CUST-031016,36727.08,0
CUST-031017,43479.27,35
CUST-031018,134226.76,6
CUST-031019,6683.52,10
CUST-031020,44574.17,0
CUST-031021,101773.75,34
CUST-031022,13439.54,5
CUST-031025,45168.83,7
CUST-031026,99642.59,34
CUST-031028,137924.79,0
CUST-031029,79556.07,11
CUST-031030,129341.29,1
CUST-031031,122702.07,8
CUST-031032,126877.84,23
CUST-031033,10145.11,49
CUST-031034,48165.57,0
CUST-031035,84965.73,1
CUST-031036,21650.21,5
CUST-031037,135591.01,15
CUST-031038,11542.17,7
CUST-031039,59063.63,17
CUST-031041,50045.49,18
CUST-031042,10967.25,28
CUST-031043,157412.58,39
CUST-031044,24886.32,5
CUST-031046,20648.55,33
CUST-031047,104471.84,4
CUST-031048,11038.32,0
CUST-031049,206981.27,28
CUST-031050,47178.5,6
CUST-031051,44761.29,36
CUST-031052,13832.66,15
CUST-031053,5741.87,16
CUST-031054,238412.09,5
CUST-031055,48358.66,65
CUST-031056,6061.22,26
CUST-031057,55626.14,0
CUST-031059,90824.59,0
CUST-031061,42699.92,75
CUST-031063,8477.66,55
CUST-031065,32644.97,38
CUST-031066,2623.75,70
CUST-031067,27975.82,40
CUST-031068,110203.01,25
CUST-031069,16647.61,20
CUST-031072,41054.2,47
CUST-031074,65530.45,33
CUST-031076,43010.64,24
CUST-031077,46449.6,24
CUST-031078,53575.49,25
CUST-031079,117472.54,10
CUST-031080,60787.85,35
CUST-031081,51005.36,14
CUST-031082,0.0,23
CUST-031083,55867.73,15
CUST-031084,58196.7,0
CUST-031085,59414.82,6
CUST-031086,21976.62,19
CUST-031087,4150.49,30
CUST-031088,1969.87,33
CUST-031089,173918.22,40
CUST-031090,4219.92,33
CUST-031091,3867.44,4
CUST-031093,75269.56,0
CUST-031094,58083.38,52
CUST-031095,8162.42,0
CUST-031096,48407.38,10
CUST-031097,81272.15,8
CUST-031098,0.0,41
CUST-031099,8624.46,60
CUST-031100,93014.0,47
CUST-031101,137847.98,32
CUST-031102,5918.07,30
CUST-031103,167205.89,57
CUST-031104,156599.11,24
CUST-031105,9616.48,22
CUST-031106,25195.93,44
CUST-031107,57989.91,32
CUST-031108,2971.75,25
CUST-031109,60255.5,46
CUST-031110,40080.06,36
CUST-031111,27987.44,64
CUST-031114,3917.42,30
CUST-031116,89611.22,46
CUST-031117,179476.32,40
CUST-031118,20472.58,19
CUST-031120,9089.04,39
CUST-031122,83187.45,20
CUST-031124,19893.51,23
CUST-031125,51127.45,22
CUST-031127,32205.72,36
CUST-031128,74689.3,42
CUST-031129,16994.89,54
CUST-031130,18523.0,33
CUST-031131,47991.49,31
CUST-031132,84692.96,39
CUST-031133,19717.84,40
CUST-031134,37760.39,42
CUST-031136,27580.59,38
CUST-031137,127710.98,64
CUST-031138,94365.71,30
CUST-031140,41066.79,88
CUST-031142,198442.62,21
CUST-031146,6274.95,39
CUST-031147,133002.96,0
CUST-031148,195681.23,56
CUST-031150,17208.14,0
CUST-031152,90534.62,57
CUST-031153,91196.73,48
CUST-031154,94815.11,21
CUST-031157,140450.17,5
CUST-031158,6317.93,64
CUST-031160,43668.67,33
CUST-031161,1950.13,36
CUST-031162,24444.2,19
CUST-031164,15538.47,52
CUST-031168,74127.9,0
CUST-031169,62443.41,48
CUST-031170,37543.89,20
CUST-031171,113968.74,46
CUST-031172,392.55,51
CUST-031173,189046.25,73
CUST-031174,2139.68,19
CUST-031175,37202.26,8
CUST-031177,24787.61,45
CUST-031178,66396.68,17
CUST-031180,188029.75,6
CUST-031181,33901.72,53
CUST-031182,7326.93,16
CUST-031183,130685.71,60
CUST-031184,107112.86,21
CUST-031185,108607.54,41
CUST-031186,93798.56,22
CUST-031187,50970.44,48
CUST-031188,172843.19,48
CUST-031191,46274.13,43
CUST-031192,42998.69,60
CUST-031193,72876.04,30
CUST-031195,143886.78,10
CUST-031196,42239.9,58
CUST-031197,1575.12,1
CUST-031198,15333.79,21
CUST-031199,107991.29,34
CUST-031201,29955.5,15
CUST-031203,208924.7,0
CUST-031204,102598.66,0
CUST-031205,45772.99,35
CUST-031206,4459.11,10
CUST-031208,10447.25,19
CUST-031212,6511.47,71
CUST-031213,51813.88,44
CUST-031214,111852.83,42
CUST-031216,257719.3,65
CUST-031217,48601.79,10
CUST-031218,25241.58,7
CUST-031219,90534.05,35
CUST-031220,15443.1,35
CUST-031221,14762.71,6
CUST-031223,150060.28,33
CUST-031224,3908.33,28
CUST-031226,9210.6,43
CUST-031227,96569.55,55
CUST-031228,60932.45,3
CUST-031229,56174.61,33
CUST-031230,18172.9,3
CUST-031232,19940.43,10
CUST-031233,18565.21,71
CUST-031234,51267.57,38
CUST-031235,6628.74,9
CUST-031236,136460.59,5
CUST-031237,17723.32,61
CUST-031238,52453.24,70
CUST-031239,93357.87,0
CUST-031240,66491.7,11
CUST-031241,34412.27,57
CUST-031242,191759.31,28
CUST-031243,9565.9,0
CUST-031244,23541.87,5
CUST-031245,70875.37,32
CUST-031247,47639.78,31
CUST-031249,53061.84,73
CUST-031250,43774.71,28
CUST-031251,99476.97,7
CUST-031252,11155.19,38
CUST-031253,35385.18,33
CUST-031254,71654.52,31
CUST-031255,42665.46,19
CUST-031257,33569.18,67
CUST-031260,27070.74,25
CUST-031262,49631.71,0
CUST-031263,129397.63,22
CUST-031264,32021.45,0
CUST-031265,15194.61,24
CUST-031266,109719.71,62
CUST-031267,7324.99,44
CUST-031268,101968.27,21
CUST-031269,0.0,70
CUST-031270,46943.51,13
CUST-031271,77459.48,20
CUST-031273,59078.84,42
CUST-031274,92575.58,14
CUST-031275,14972.29,45
CUST-031276,39822.23,72
CUST-031277,22719.97,21
CUST-031278,148122.45,33
CUST-031280,248125.96,47
CUST-031281,24335.14,3
CUST-031282,8862.12,0
CUST-031283,127655.79,24
CUST-031284,20143.26,49
CUST-031285,14650.87,18
CUST-031286,22088.55,23
CUST-031287,7145.35,68
CUST-031288,80300.96,28
CUST-031289,78948.8,17
CUST-031290,7871.06,27
CUST-031291,17322.77,16
CUST-031292,30542.08,25
CUST-031293,19716.47,17
CUST-031294,19361.67,5
CUST-031295,132862.32,11
CUST-031296,93704.23,54
CUST-031297,132392.33,30
CUST-031298,216784.43,26
CUST-031299,86802.66,40
CUST-031300,81285.93,22
CUST-031301,171151.65,30
CUST-031302,144473.28,36
CUST-031303,33166.85,16
CUST-031306,196943.17,20
CUST-031309,2652.1,53
CUST-031310,1245.52,12
CUST-031311,158286.88,2
CUST-031312,60522.78,9
CUST-031313,14091.57,32
CUST-031315,1566.62,39
CUST-031316,1120.89,16
CUST-031318,14016.1,50
CUST-031319,115850.13,44
CUST-031320,30643.4,8
CUST-031321,14124.82,33
CUST-031322,4539.33,35
CUST-031323,136164.14,40
CUST-031324,60965.65,0
CUST-031325,16942.58,35
CUST-031326,10438.16,14
CUST-031327,48051.91,2
CUST-031328,43474.68,29
CUST-031330,132457.03,31
CUST-031332,11086.66,37
CUST-031335,174093.32,56
CUST-031336,97958.51,5
CUST-031337,71670.46,0
CUST-031338,188014.66,9
CUST-031339,50569.26,48
CUST-031340,122687.34,61
CUST-031341,114445.53,5
CUST-031342,1078.47,70
CUST-031344,6242.34,20
CUST-031345,112820.01,59
CUST-031346,110085.06,27
CUST-031347,7885.07,3
CUST-031348,7310.08,35
CUST-031349,119863.69,37
CUST-031350,40924.83,22
CUST-031352,41522.27,35
CUST-031354,6257.43,0
CUST-031355,1412.54,48
CUST-031356,29364.56,57
CUST-031357,42100.15,18
CUST-031358,66062.75,23
CUST-031359,5211.65,11
CUST-031360,25151.55,29
CUST-031361,103506.31,11
CUST-031362,4049.39,41
CUST-031363,22134.26,24
CUST-031364,62942.34,38
CUST-031365,11094.72,2
CUST-031367,96669.53,22
CUST-031368,101193.19,16
CUST-031369,170715.58,30
CUST-031370,65352.31,11
CUST-031371,9656.18,23
CUST-031372,84505.86,0
CUST-031373,3336.56,39
CUST-031374,12710.91,29
CUST-031375,64265.45,58
CUST-031376,14836.79,0
CUST-031377,167084.31,20
CUST-031378,478.31,42
CUST-031380,86687.31,42
CUST-031381,108169.17,6
CUST-031382,37142.82,3
CUST-031383,39858.15,14
CUST-031384,159591.43,41
CUST-031385,69824.02,18
CUST-031386,905.28,49
CUST-031387,50514.96,41
CUST-031390,117269.84,49
CUST-031391,1331.54,85
CUST-031393,7182.79,46
CUST-031394,6528.24,31
CUST-031397,118371.64,0
CUST-031398,32747.93,25
CUST-031400,74897.12,7
CUST-031401,11009.9,0
CUST-031402,13049.17,25
CUST-031404,27579.77,24
CUST-031405,265.03,76
CUST-031407,4955.92,25
CUST-031409,136143.23,71
CUST-031410,101712.48,18
CUST-031411,150495.56,36
CUST-031413,46691.25,11
CUST-031415,6539.41,2
CUST-031416,8890.45,41
CUST-031417,2749.06,0
CUST-031418,134833.8,46
CUST-031419,74522.24,60
CUST-031420,10782.19,35
CUST-031422,75518.69,2
CUST-031423,18762.87,1
CUST-031424,51603.47,65
CUST-031425,4717.95,14
CUST-031426,3598.94,87
CUST-031427,27043.32,15
CUST-031431,27370.15,21
CUST-031433,5990.57,28
CUST-031434,29834.28,27
CUST-031435,115896.29,19
CUST-031436,9306.87,29
CUST-031437,24623.55,42
CUST-031438,16479.39,45
CUST-031439,2104.38,66
CUST-031441,30635.67,9
CUST-031442,57091.47,27
CUST-031443,56001.76,3
CUST-031445,103639.38,16
CUST-031446,112325.49,0
CUST-031447,126196.85,0
CUST-031450,3064.99,15
CUST-031451,29894.75,49
CUST-031454,59348.4,0
CUST-031455,14541.5,39
CUST-031456,50440.89,34
CUST-031458,154021.95,8
CUST-031460,20842.89,0
CUST-031463,25148.59,0
CUST-031464,19689.78,0
CUST-031465,60902.47,34
CUST-031468,5201.36,39
CUST-031469,10704.85,0
CUST-031472,89441.45,8
CUST-031473,6396.57,12
CUST-031474,16273.08,70
CUST-031475,38720.09,27
CUST-031476,36121.48,0
CUST-031477,1726.73,26
CUST-031478,1703.98,30
CUST-031479,10202.24,39
CUST-031481,95185.48,0
CUST-031482,76592.03,58
CUST-031485,72267.71,0
CUST-031487,27822.46,19
CUST-031489,37799.94,28
CUST-031491,4252.65,50
CUST-031494,70210.85,57
CUST-031495,117843.72,10
CUST-031496,65208.96,32
CUST-031498,32019.03,42
CUST-031499,155014.01,37
CUST-031500,11114.16,29
CUST-031501,14631.01,1
CUST-031502,122424.56,72
CUST-031503,51763.95,4
CUST-031504,107365.28,9
CUST-031505,82695.02,33
CUST-031506,59602.22,25
CUST-031507,8812.13,30
CUST-031508,111814.51,30
CUST-031509,32997.9,0
CUST-031510,136751.77,44
CUST-031511,132710.87,24
CUST-031512,150612.98,46
CUST-031515,30612.19,15
CUST-031516,48664.92,20
CUST-031517,35987.19,54
CUST-031518,213647.84,0
CUST-031520,88174.09,24
CUST-031522,1548.32,10
CUST-031523,82270.91,33
CUST-031524,41207.05,23
CUST-031526,13113.74,14
CUST-031527,127825.89,2
CUST-031528,59924.14,64
CUST-031529,58591.89,14
CUST-031530,78074.57,19
CUST-031531,52345.81,34
CUST-031533,12918.28,7
CUST-031534,13866.66,31
CUST-031535,76079.08,62
CUST-031536,78772.93,3
CUST-031537,85783.44,56
CUST-031539,68616.7,10
CUST-031540,72517.75,0
CUST-031542,134867.67,27
CUST-031543,252019.2,44
CUST-031544,74373.0,36
CUST-031546,27453.5,26
CUST-031547,16219.18,10
CUST-031548,15755.12,2
CUST-031550,12287.73,0
CUST-031551,22008.62,46
CUST-031552,103815.38,45
CUST-031553,90344.3,26
CUST-031554,91929.7,5
CUST-031555,44703.19,20
CUST-031556,42921.94,61
CUST-031557,26939.33,49
CUST-031558,6457.69,0
CUST-031559,4642.1,15
CUST-031560,10710.45,27
CUST-031561,42260.44,6
CUST-031562,91091.88,34
CUST-031564,12326.52,0
CUST-031566,9516.97,30
CUST-031567,33597.32,6
CUST-031568,146558.75,6
CUST-031569,16159.07,43
CUST-031570,36481.84,0
CUST-031573,589.08,6
CUST-031574,109098.47,49
CUST-031575,6508.64,42
CUST-031576,59064.48,10
CUST-031577,27931.97,20
CUST-031579,88072.82,25
CUST-031580,1965.15,12
CUST-031581,72817.1,19
CUST-031582,9985.67,46
CUST-031583,44719.11,65
CUST-031584,22951.93,29
CUST-031585,85100.32,18
CUST-031586,5774.31,59
CUST-031588,43236.44,5
CUST-031590,4311.45,5
CUST-031591,4588.4,21
CUST-031593,146745.71,9
CUST-031595,99473.64,57
CUST-031596,52472.24,52
CUST-031597,11728.17,0
CUST-031598,67424.04,8
CUST-031599,14004.47,16
CUST-031601,45543.93,49
CUST-031602,46746.88,40
CUST-031604,46506.29,29
CUST-031605,656.21,45
CUST-031606,43985.47,47
CUST-031607,182866.68,35
CUST-031608,217623.27,0
CUST-031609,34532.0,6
CUST-031610,5490.03,6
CUST-031613,9620.27,39
CUST-031614,2226.55,77
CUST-031615,51872.97,24
CUST-031616,2404.99,41
CUST-031617,69592.88,32
CUST-031618,20140.89,12
CUST-031621,9079.45,65
CUST-031622,3094.2,59
CUST-031623,66347.91,9
CUST-031625,73573.0,46
CUST-031626,12100.16,0
CUST-031627,16669.18,64
CUST-031628,101719.11,39
CUST-031630,37226.08,36
CUST-031632,68099.68,35
CUST-031634,15850.64,19
CUST-031635,2819.33,39
CUST-031636,105255.4,35
CUST-031637,11601.08,58
CUST-031638,121464.94,2
CUST-031639,157918.75,60
CUST-031640,47066.64,25
CUST-031642,25731.03,10
CUST-031643,45352.42,5
CUST-031644,12579.5,0
CUST-031645,13230.81,25
CUST-031646,48048.53,24
CUST-031647,172595.75,3
CUST-031648,13359.22,36
CUST-031650,4065.04,6
CUST-031651,40426.62,60
CUST-031652,6326.83,79
CUST-031653,873.44,22
CUST-031654,47948.13,3
CUST-031656,31330.04,0
CUST-031657,17497.39,51
CUST-031658,21652.61,11
CUST-031659,5567.6,37
CUST-031660,32924.52,39
CUST-031662,1430.13,12
CUST-031664,78359.84,40
CUST-031665,42541.5,18
CUST-031666,12089.99,65
CUST-031667,85402.22,29
CUST-031668,200361.87,45
CUST-031669,4634.35,42
CUST-031670,0.0,40
CUST-031671,106244.64,9
CUST-031672,5574.39,0
CUST-031673,173622.83,21
CUST-031674,94294.66,13
CUST-031675,64874.77,11
CUST-031677,73391.99,5
CUST-031678,34907.6,37
CUST-031679,70078.23,35
CUST-031682,8810.47,68
CUST-031683,16231.27,5
CUST-031686,9585.09,0
CUST-031689,1230.41,48
CUST-031691,81628.51,0
CUST-031692,48429.13,34
CUST-031693,12652.83,19
CUST-031694,2274.57,0
CUST-031695,114466.05,55
CUST-031696,7119.28,16
CUST-031697,6230.64,13
CUST-031698,89026.24,32
CUST-031701,32739.27,0
CUST-031702,35465.37,66
CUST-031704,16237.7,24
CUST-031705,82716.23,35
CUST-031706,51699.37,48
CUST-031708,0.0,83
CUST-031710,62179.71,64
CUST-031711,1390.78,1
CUST-031712,115691.24,5
CUST-031713,2734.53,39
CUST-031714,90388.29,9
CUST-031715,106229.97,25
CUST-031716,27435.35,6
CUST-031717,15597.12,2
CUST-031718,12926.87,18
CUST-031720,67265.05,24
CUST-031721,96634.74,41
CUST-031722,4390.75,5
CUST-031725,144736.43,23
CUST-031727,8886.9,48
CUST-031729,26909.18,50
CUST-031730,924.88,21
CUST-031731,46325.06,8
CUST-031732,130723.45,54
CUST-031734,31022.93,1
CUST-031735,98881.65,38
CUST-031736,52768.15,22
CUST-031737,67847.76,3
CUST-031738,11353.79,31
CUST-031739,93705.01,0
CUST-031740,40054.29,56
CUST-031741,126617.53,0
CUST-031743,13496.89,31
CUST-031744,114417.82,0
CUST-031746,22655.23,65
CUST-031747,130461.06,33
CUST-031748,8728.7,13
CUST-031749,2982.91,31
CUST-031750,101515.13,20
CUST-031751,135110.19,25
CUST-031752,24753.06,22
CUST-031753,5742.92,24
CUST-031754,41531.9,42
CUST-031755,110344.26,26
CUST-031758,60034.62,18
CUST-031759,21300.48,25
CUST-031760,108326.25,18
CUST-031762,18750.35,24
CUST-031763,66687.74,8
CUST-031765,54038.78,0
CUST-031767,2876.85,39
CUST-031769,143426.6,66
CUST-031770,37288.29,17
CUST-031771,82379.8,34
CUST-031772,23145.55,0
CUST-031773,0.0,55
CUST-031774,16868.46,9
CUST-031775,9584.71,21
CUST-031776,58604.17,16
CUST-031777,68156.2,35
CUST-031778,125943.47,4
CUST-031779,153496.03,0
CUST-031780,114169.47,26
CUST-031781,14174.4,34
CUST-031782,183097.94,10
CUST-031783,47881.75,50
CUST-031784,31810.21,14
CUST-031785,2950.0,42
CUST-031787,57105.64,9
CUST-031788,163220.69,0
CUST-031789,4437.63,17
CUST-031790,72485.75,56
CUST-031791,147732.81,44
CUST-031793,97005.85,30
CUST-031795,49147.64,20
CUST-031796,87493.28,30
CUST-031797,88237.59,15
CUST-031798,95703.31,48
CUST-031800,26563.66,24
CUST-031803,22515.02,28
CUST-031805,173413.96,57
CUST-031806,16265.43,53
CUST-031807,99407.79,16
CUST-031809,182277.73,37
CUST-031811,83292.44,40
CUST-031812,61532.93,0
CUST-031813,12129.11,46
CUST-031814,64554.59,16
CUST-031815,27403.65,0
CUST-031816,28566.61,21
CUST-031817,42334.02,0
CUST-031818,25735.0,35
CUST-031819,12192.13,18
CUST-031820,10080.13,16
CUST-031821,62787.99,22
CUST-031822,8949.36,22
CUST-031823,13356.18,1
CUST-031824,18416.58,17
CUST-031825,3347.93,12
CUST-031826,47284.33,27
CUST-031827,16713.34,37
CUST-031829,64464.85,44
CUST-031830,39028.36,20
CUST-031831,70476.42,18
CUST-031832,10431.64,32
CUST-031834,34078.53,33
CUST-031836,318.36,42
CUST-031837,156354.67,21
CUST-031840,48406.23,23
CUST-031841,96960.5,4
CUST-031842,998.23,28
CUST-031843,7869.97,48
CUST-031844,40599.91,43
CUST-031846,142499.66,30
CUST-031847,117606.01,7
CUST-031848,119696.07,19
CUST-031849,4437.39,66
CUST-031851,19264.2,43
CUST-031852,137809.05,45
CUST-031853,88683.27,0
CUST-031854,28825.01,25
CUST-031856,107030.83,17
CUST-031857,24729.78,0
CUST-031858,84392.46,23
CUST-031859,9989.72,42
CUST-031860,2898.12,14
CUST-031861,74305.26,35
CUST-031862,31281.1,8
CUST-031863,81659.29,51
CUST-031864,65534.64,5
CUST-031865,19261.01,22
CUST-031866,106120.11,16
CUST-031869,77899.52,48
CUST-031871,65453.56,33
CUST-031872,61884.53,17
CUST-031873,15654.1,47
CUST-031874,16196.88,19
CUST-031875,24092.42,30
CUST-031876,4074.21,0
CUST-031877,13655.29,52
CUST-031879,5936.39,0
CUST-031880,7820.66,25
CUST-031881,71685.49,0
CUST-031882,127887.88,26
CUST-031883,92260.29,10
CUST-031884,144083.23,36
CUST-031886,154090.53,23
CUST-031887,10014.95,2
CUST-031888,193.06,25
CUST-031889,104056.09,46
CUST-031890,5921.56,5
CUST-031891,56454.56,33
CUST-031892,87429.31,30
CUST-031894,11267.48,0
CUST-031896,13683.21,4
CUST-031897,30103.36,2
CUST-031898,81742.18,21
CUST-031899,872.74,74
CUST-031900,53218.04,80
CUST-031901,24990.52,5
CUST-031902,58750.91,30
CUST-031904,31189.44,35
CUST-031905,73291.67,37
CUST-031906,112958.11,45
CUST-031908,55265.13,16
CUST-031909,5715.53,33
CUST-031910,47070.6,37
CUST-031911,50035.13,0
CUST-031912,38134.79,0
CUST-031913,22440.35,21
CUST-031914,65695.39,22
CUST-031916,27444.67,7
CUST-031917,30294.98,21
CUST-031918,48017.04,40
CUST-031919,19140.34,0
CUST-031922,39023.56,5
CUST-031923,21721.0,19
CUST-031924,3514.41,0
CUST-031925,3713.49,67
CUST-031926,43450.73,51
CUST-031927,95894.09,19
CUST-031928,77723.53,36
CUST-031930,11594.59,55
CUST-031931,77361.14,2
CUST-031932,15489.55,4
CUST-031933,169399.86,31
CUST-031934,149925.16,0
CUST-031935,43072.92,5
CUST-031937,33189.71,20
CUST-031939,23647.2,0
CUST-031940,151498.29,0
CUST-031942,245700.89,41
CUST-031945,61248.76,34
CUST-031946,43094.66,31
CUST-031947,100958.22,29
CUST-031949,98689.66,46
CUST-031950,47833.78,72
CUST-031951,151983.02,35
CUST-031952,79237.62,43
CUST-031953,1852.37,33
CUST-031955,15771.17,12
CUST-031956,239171.54,10
CUST-031957,16934.7,21
CUST-031958,42252.22,20
CUST-031959,18881.24,23
CUST-031960,5945.96,35
CUST-031961,165310.05,16
CUST-031963,18393.26,53
CUST-031964,8362.76,40
CUST-031967,30285.15,39
CUST-031968,4222.48,20
CUST-031969,136315.53,40
CUST-031970,9071.96,31
CUST-031971,44157.42,0
CUST-031972,174588.83,24
CUST-031973,9770.31,21
CUST-031974,61167.55,73
CUST-031975,29988.37,20
CUST-031976,31116.39,31
CUST-031977,960.04,50
CUST-031978,24403.71,20
CUST-031979,92818.85,0
CUST-031981,232633.99,0
CUST-031983,3707.4,25
CUST-031984,211553.35,35
CUST-031985,43784.23,18
CUST-031988,145497.19,0
CUST-031989,22754.23,17
CUST-031991,25677.31,19
CUST-031992,1811.3,8
CUST-031994,70367.84,29
CUST-031997,50173.15,0
CUST-031998,107933.13,11
CUST-031999,15428.53,31
CUST-032000,42023.73,0
CUST-032001,113073.22,27
CUST-032002,134540.02,48
CUST-032003,1146.87,41
CUST-032004,40318.41,31
CUST-032005,7175.66,8
CUST-032006,73620.27,19
CUST-032007,162037.01,27
CUST-032008,33627.72,9
CUST-032010,11468.18,46
CUST-032011,123877.76,28
CUST-032012,105438.53,38
CUST-032013,111213.77,61
CUST-032014,46052.24,20
CUST-032015,59673.49,0
CUST-032016,1719.88,5
CUST-032017,4358.21,7
CUST-032018,21118.15,0
CUST-032019,159516.48,0
CUST-032020,4625.83,0
CUST-032021,3158.06,45
CUST-032022,188721.59,49
CUST-032023,225162.53,10
CUST-032024,63734.3,35
CUST-032026,125541.94,42
CUST-032027,56470.12,26
CUST-032028,45376.05,35
CUST-032029,21910.33,4
CUST-032030,219374.49,30
CUST-032031,84756.01,7
CUST-032032,228969.37,0
CUST-032033,2100.24,29
CUST-032034,781.4,83
CUST-032035,10741.43,53
CUST-032036,134608.25,20
CUST-032037,67547.4,8
CUST-032038,73579.79,52
CUST-032039,14518.15,49
CUST-032040,131603.05,36
CUST-032041,2492.46,52
CUST-032043,32802.23,55
CUST-032044,9907.11,16
CUST-032045,5548.62,21
CUST-032046,32804.03,23
CUST-032047,165147.1,43
CUST-032048,93939.39,44
CUST-032050,50579.13,5
CUST-032051,7181.21,50
CUST-032053,113637.76,58
CUST-032054,11347.88,43
CUST-032055,4725.14,8
CUST-032056,23045.81,21
CUST-032058,196997.12,48
CUST-032060,4477.74,63
CUST-032061,71262.27,21
CUST-032063,48255.33,15
CUST-032064,99287.6,32
CUST-032065,26313.09,0
CUST-032066,22369.44,44
CUST-032067,76985.57,30
CUST-032068,31500.65,24
CUST-032069,13653.32,59
CUST-032070,86789.48,1
CUST-032071,62798.87,20
CUST-032072,35735.04,34
CUST-032073,24307.85,25
CUST-032074,2458.4,1
CUST-032075,49606.01,1
CUST-032077,106336.28,3
CUST-032079,48539.31,30
CUST-032080,5371.85,23
CUST-032081,23417.25,47
CUST-032082,11160.77,35
CUST-032083,140474.77,8
CUST-032084,95852.85,18
CUST-032085,29570.17,31
CUST-032087,3788.59,0
CUST-032088,155685.57,48
CUST-032089,73710.1,0
CUST-032090,47461.55,29
CUST-032091,220959.1,24
CUST-032093,38254.05,6
CUST-032094,8950.85,20
CUST-032095,124947.28,28
CUST-032096,9742.19,25
CUST-032097,38693.94,36
CUST-032098,154516.75,56
CUST-032099,32635.48,48
CUST-032100,184492.35,47
CUST-032101,122308.69,35
CUST-032102,25738.07,33
CUST-032103,168816.78,15
CUST-032104,46909.81,50
CUST-032105,132100.05,35
CUST-032106,39929.22,48
CUST-032107,55704.71,25
CUST-032108,121740.54,8
CUST-032110,135317.18,6
CUST-032111,61148.41,0
CUST-032113,62363.57,31
CUST-032114,46818.89,0
CUST-032115,107008.7,44
CUST-032116,12725.05,15
CUST-032117,5956.79,17
CUST-032118,18119.27,33
CUST-032120,64557.57,43
CUST-032121,55996.64,61
CUST-032122,440.83,18
CUST-032124,172918.99,0
CUST-032125,77194.16,42
CUST-032126,104626.39,20
CUST-032127,54974.71,35
CUST-032128,9441.98,31
CUST-032131,6647.45,7
CUST-032134,17113.14,35
CUST-032135,13090.96,44
CUST-032136,101864.66,20
CUST-032137,43706.14,22
CUST-032138,33824.02,18
CUST-032140,28740.85,50
CUST-032141,33214.88,8
CUST-032143,173656.14,7
CUST-032144,11100.69,15
CUST-032145,32039.19,69
CUST-032146,51057.37,44
CUST-032148,1532.7,0
CUST-032149,129019.74,34
CUST-032151,18059.79,11
CUST-032152,97680.72,26
CUST-032153,11007.25,45
CUST-032154,95038.14,17
CUST-032155,21716.07,34
CUST-032158,40676.49,43
CUST-032159,160548.3,18
CUST-032160,75858.72,32
CUST-032161,38686.62,48
CUST-032162,78432.97,55
CUST-032165,31785.7,32
CUST-032167,11745.02,25
CUST-032168,3880.5,24
CUST-032169,80852.07,0
CUST-032170,79744.79,0
CUST-032171,57456.3,23
CUST-032172,1682.12,22
CUST-032173,106565.13,0
CUST-032174,40849.07,31
CUST-032175,48994.82,23
CUST-032176,71124.5,41
CUST-032177,43896.48,12
CUST-032178,61684.86,38
CUST-032179,107183.88,39
CUST-032180,48014.76,18
CUST-032181,115524.86,0
CUST-032183,28310.91,30
CUST-032184,1075.34,30
CUST-032185,102036.09,35
CUST-032186,76357.29,21
CUST-032187,39865.38,45
CUST-032188,66655.77,5
CUST-032189,52329.23,0
CUST-032190,48122.05,7
CUST-032191,85802.92,19
CUST-032192,34103.5,0
CUST-032193,36302.45,35
CUST-032196,14953.92,49
CUST-032197,3833.14,0
CUST-032198,37932.5,30
CUST-032199,96676.14,19
CUST-032200,18741.12,13
CUST-032202,56578.1,42
CUST-032203,17472.64,36
CUST-032205,107697.45,45
CUST-032206,5856.05,23
CUST-032207,582.83,32
CUST-032209,16458.49,0
CUST-032211,0.0,44
CUST-032213,95787.41,39
CUST-032214,79351.26,2
CUST-032215,72815.37,27
CUST-032216,114771.0,9
CUST-032217,30150.16,21
CUST-032218,6533.81,0
CUST-032220,64257.28,10
CUST-032221,85051.99,26
CUST-032222,19399.05,20
CUST-032223,55904.64,23
CUST-032225,99380.84,48
CUST-032227,65192.0,0
CUST-032228,4585.0,0
CUST-032229,29782.01,16
CUST-032230,39049.1,8
CUST-032231,73068.75,44
CUST-032232,1718.45,56
CUST-032233,1065.76,17
CUST-032235,20371.49,15
CUST-032236,80528.94,44
CUST-032239,94636.15,22
CUST-032240,19401.51,50
CUST-032241,6865.92,30
CUST-032242,25727.17,25
CUST-032243,12813.88,0
CUST-032244,77258.06,19
CUST-032245,5515.03,15
CUST-032246,165865.85,17
CUST-032248,31359.75,55
CUST-032251,93399.3,36
CUST-032252,34942.17,77
CUST-032253,19841.23,29
CUST-032254,147170.13,13
CUST-032255,68229.99,4
CUST-032256,101510.22,0
CUST-032257,210247.38,0
CUST-032258,35279.8,47
CUST-032259,96419.49,12
CUST-032260,2192.31,7
CUST-032261,31929.9,21
CUST-032262,19376.41,0
CUST-032263,122248.88,27
CUST-032264,35861.11,35
CUST-032265,27078.14,39
CUST-032266,112002.76,22
CUST-032268,51042.78,29
CUST-032269,170649.97,41
CUST-032270,88304.73,11
CUST-032271,3550.44,0
CUST-032273,25732.45,30
CUST-032275,207864.99,0
CUST-032276,71384.1,20
CUST-032277,160892.53,42
CUST-032278,25303.99,5
CUST-032279,74784.12,21
CUST-032282,4078.69,44
CUST-032283,35474.76,19
CUST-032284,243164.88,19
CUST-032285,29916.27,51
CUST-032286,11533.23,8
CUST-032287,16967.22,45
CUST-032288,35468.61,21
CUST-032289,72837.86,30
CUST-032290,1663.12,23
CUST-032293,193823.75,49
CUST-032294,5541.65,48
CUST-032295,14419.05,0
CUST-032296,3484.78,22
CUST-032297,84432.69,9
CUST-032298,798.96,61
CUST-032299,39441.78,40
CUST-032300,6065.94,0
CUST-032302,105348.32,0
CUST-032303,25993.03,25
CUST-032304,33646.4,16
CUST-032305,63685.48,25
CUST-032306,17070.8,10
CUST-032307,142053.78,25
CUST-032308,191464.73,44
CUST-032310,18068.0,56
CUST-032311,20192.83,23
CUST-032312,1968.08,16
CUST-032313,38786.17,57
CUST-032314,96378.3,34
CUST-032315,87241.01,6
CUST-032316,75759.62,26
CUST-032317,102668.31,16
CUST-032318,68793.75,18
CUST-032321,27637.04,31
CUST-032323,33562.18,34
CUST-032324,664.91,46
CUST-032325,73721.35,12
CUST-032326,42262.24,65
CUST-032328,58920.5,32
CUST-032329,68662.16,24
CUST-032331,41028.97,13
CUST-032332,80962.66,42
CUST-032333,21573.51,30
CUST-032334,4930.23,51
CUST-032335,31243.61,2
CUST-032336,35249.61,9
CUST-032337,91621.6,36
CUST-032340,34798.93,2
CUST-032341,20418.28,47
CUST-032342,9166.14,6
CUST-032343,75506.14,6
CUST-032345,55342.74,31
CUST-032346,22853.16,17
CUST-032347,68374.96,0
CUST-032348,68095.29,45
CUST-032350,47410.46,48
CUST-032352,9047.16,16
CUST-032353,168400.9,0
CUST-032354,94065.66,38
CUST-032355,70260.74,15
CUST-032356,164033.12,0
CUST-032357,116896.49,25
CUST-032358,28780.38,7
CUST-032359,130142.55,11
CUST-032360,82856.69,0
CUST-032361,16988.57,33
CUST-032362,8340.76,0
CUST-032363,8006.22,5
CUST-032364,55942.06,52
CUST-032365,9431.5,32
CUST-032367,100020.13,8
CUST-032368,71786.51,45
CUST-032369,56237.71,5
CUST-032370,110591.6,31
CUST-032371,115426.71,5
CUST-032372,37754.63,40
CUST-032374,111585.06,40
CUST-032376,1832.74,41
CUST-032377,6801.74,0
CUST-032378,5997.36,37
CUST-032380,91763.86,0
CUST-032381,75802.62,63
CUST-032382,7027.93,18
CUST-032384,116953.74,48
CUST-032386,51655.52,27
CUST-032387,6390.4,0
CUST-032388,144925.0,16
CUST-032389,122738.09,17
CUST-032392,97455.46,32
CUST-032393,31364.26,51
CUST-032395,24873.81,32
CUST-032396,75004.09,23
CUST-032397,1840.8,4
CUST-032398,5343.94,23
CUST-032399,8617.02,18
CUST-032400,3943.84,32
CUST-032401,17366.52,11
CUST-032403,136341.99,6
CUST-032404,453.53,57
CUST-032406,22241.1,5
CUST-032407,4927.48,24
CUST-032408,93863.3,42
CUST-032409,61804.09,5
CUST-032410,61799.26,48
CUST-032411,223905.57,30
CUST-032413,100410.63,22
CUST-032414,48547.58,9
CUST-032416,43046.27,18
CUST-032417,125732.83,19
CUST-032418,7342.77,7
CUST-032419,14805.33,30
CUST-032420,85073.23,15
CUST-032422,45319.23,34
CUST-032423,15730.77,51
CUST-032428,24573.94,0
CUST-032429,45911.45,37
CUST-032431,66214.74,0
CUST-032432,100180.67,15
CUST-032433,11095.92,0
CUST-032434,109996.52,54
CUST-032436,13738.03,36
CUST-032437,274415.55,68
CUST-032438,27910.58,24
CUST-032440,55688.64,61
CUST-032441,36514.79,6
CUST-032442,24431.78,23
CUST-032443,21863.93,22
CUST-032444,11384.25,9
CUST-032445,72332.92,37
CUST-032446,58846.15,5
CUST-032449,13496.48,18
CUST-032450,59805.7,67
CUST-032451,37789.63,65
CUST-032452,113237.19,40
CUST-032453,58251.43,26
CUST-032454,22971.82,18
CUST-032455,5872.51,28
CUST-032456,53989.54,0
CUST-032458,48454.56,33
CUST-032461,32654.34,47
CUST-032462,84776.72,30
CUST-032463,13621.1,75
CUST-032464,9006.34,21
CUST-032465,78603.96,37
CUST-032468,44065.86,5
CUST-032469,134483.54,18
CUST-032471,48638.69,34
CUST-032472,27382.5,43
CUST-032473,32930.05,37
CUST-032474,97667.33,21
CUST-032476,79071.13,0
CUST-032479,43535.83,24
CUST-032480,61094.74,37
CUST-032481,51726.9,18
CUST-032482,76167.73,24
CUST-032483,246229.71,48
CUST-032484,5957.58,37
CUST-032486,69685.19,23
CUST-032487,22908.6,15
CUST-032488,151305.05,0
CUST-032489,46797.9,10
CUST-032490,104692.8,7
CUST-032491,137316.56,35
CUST-032492,10021.58,43
CUST-032494,31794.41,0
CUST-032497,59828.33,15
CUST-032498,9505.06,21
CUST-032499,10239.92,25
CUST-032500,124813.62,53
CUST-032501,6696.79,0
CUST-032502,44770.53,0
CUST-032503,34479.88,1
CUST-032506,5179.01,30
CUST-032509,29360.63,32
CUST-032510,68924.56,18
CUST-032511,44104.71,21
CUST-032512,91911.88,31
CUST-032513,43786.64,23
CUST-032514,71031.52,16
CUST-032515,36412.53,63
CUST-032516,9841.87,41
CUST-032517,51266.2,38
CUST-032518,33267.7,17
CUST-032519,168882.44,27
CUST-032520,105006.67,22
CUST-032521,22.82,85
CUST-032522,12339.12,5
CUST-032523,17211.68,41
CUST-032524,87454.48,20
CUST-032525,35806.48,30
CUST-032528,13271.46,10
CUST-032529,37212.11,49
CUST-032531,13134.71,9
CUST-032532,86561.06,56
CUST-032533,55710.47,7
CUST-032535,102468.78,27
CUST-032536,18275.6,8
CUST-032537,10617.15,35
CUST-032538,19309.81,2
CUST-032540,121719.47,13
CUST-032542,93172.73,2
CUST-032543,75324.3,17
CUST-032544,101884.53,0
CUST-032545,125168.26,5
CUST-032546,52856.49,21
CUST-032547,73345.46,7
CUST-032548,16282.96,49
CUST-032549,115742.38,0
CUST-032550,38560.83,47
CUST-032551,9832.43,15
CUST-032552,104228.84,5
CUST-032553,53167.26,0
CUST-032554,50240.93,0
CUST-032555,152539.13,24
CUST-032557,101878.72,35
CUST-032558,1998.77,33
CUST-032559,44759.12,28
CUST-032560,46682.63,23
CUST-032561,54431.27,6
CUST-032563,2866.27,31
CUST-032564,126368.56,43
CUST-032565,54790.53,14
CUST-032566,18786.42,22
CUST-032567,94185.47,20
CUST-032568,100101.98,16
CUST-032569,2558.39,0
CUST-032571,50841.79,39
CUST-032572,66885.63,16
CUST-032574,192372.88,48
CUST-032575,37530.77,0
CUST-032576,32928.78,22
CUST-032577,54888.52,24
CUST-032578,41792.07,35
CUST-032579,14833.51,24
CUST-032580,139440.01,11
CUST-032581,0.0,44
CUST-032582,21325.35,75
CUST-032584,7747.2,14
CUST-032585,25232.13,41
CUST-032586,63248.92,23
CUST-032587,9125.07,48
CUST-032588,104543.77,60
CUST-032590,0.0,23
CUST-032592,52948.57,53
CUST-032593,98984.39,16
CUST-032595,105294.48,51
CUST-032597,35287.86,38
CUST-032598,31102.52,62
CUST-032599,35680.55,26
CUST-032600,119718.48,57
CUST-032601,58109.9,45
CUST-032602,36786.77,18
CUST-032603,48752.39,0
CUST-032604,36121.02,12
CUST-032607,13509.99,36
CUST-032609,48671.25,8
CUST-032610,7666.48,9
CUST-032612,90755.1,34
CUST-032613,2818.45,10
CUST-032614,83831.03,25
CUST-032615,5254.91,0
CUST-032616,22708.36,7
CUST-032617,25533.16,27
CUST-032618,109287.85,18
CUST-032619,46732.64,15
CUST-032620,61571.73,38
CUST-032621,23071.88,23
CUST-032622,98838.59,18
CUST-032623,116583.37,3
CUST-032624,96237.79,33
CUST-032625,44226.72,48
CUST-032627,20394.66,0
CUST-032628,5195.78,12
CUST-032629,75879.75,40
CUST-032631,107816.09,19
CUST-032633,115094.8,19
CUST-032635,4589.65,69
CUST-032636,14567.83,22
CUST-032637,31877.48,27
CUST-032638,122067.81,49
CUST-032639,170286.42,8
CUST-032640,35419.19,43
CUST-032642,30715.71,34
CUST-032643,65266.26,16
CUST-032644,11813.85,13
CUST-032645,114506.79,61
CUST-032646,43093.63,19
CUST-032647,11108.42,46
CUST-032649,60571.35,23
CUST-032650,150469.26,34
CUST-032652,23307.43,30
CUST-032653,65785.13,6
CUST-032655,514.44,47
CUST-032656,80802.0,35
CUST-032658,100203.45,48
CUST-032659,7058.6,38
CUST-032660,171554.41,38
CUST-032661,34966.61,0
CUST-032663,31993.81,75
CUST-032665,34626.71,28
CUST-032666,48020.05,54
CUST-032669,12291.31,24
CUST-032670,2675.98,38
CUST-032671,19457.57,4
CUST-032674,28293.09,21
CUST-032675,2109.2,18
CUST-032676,35962.86,26
CUST-032678,69066.1,74
CUST-032681,7020.18,50
CUST-032683,18901.33,42
CUST-032684,168617.48,41
CUST-032686,164725.68,5
CUST-032687,26955.67,13
CUST-032690,28546.75,66
CUST-032693,49714.71,29
CUST-032694,102274.0,10
CUST-032695,29210.09,31
CUST-032696,30419.29,9
CUST-032697,41581.03,34
CUST-032698,13962.19,33
CUST-032699,32148.19,48
CUST-032701,2111.78,18
CUST-032702,149832.46,29
CUST-032703,43230.4,57
CUST-032704,48426.51,72
CUST-032705,120549.86,40
CUST-032706,31919.04,19
CUST-032707,125170.44,18
CUST-032708,21833.91,0
CUST-032709,11197.88,20
CUST-032710,94803.28,20
CUST-032711,151410.5,0
CUST-032712,17161.0,49
CUST-032713,4572.54,29
CUST-032715,40726.52,45
CUST-032718,48629.17,21
CUST-032719,27532.49,44
CUST-032720,13519.97,22
CUST-032721,55300.76,21
CUST-032723,48590.85,20
CUST-032724,1275.86,18
CUST-032726,98628.85,24
CUST-032727,129281.86,1
CUST-032728,77072.25,10
CUST-032729,4678.59,19
CUST-032731,29413.95,8
CUST-032732,7066.43,24
CUST-032734,123027.96,24
CUST-032735,31174.98,49
CUST-032736,69575.68,56
CUST-032737,42356.97,6
CUST-032738,46941.16,27
CUST-032740,3596.79,17
CUST-032741,91964.8,79
CUST-032743,69408.02,1
CUST-032744,67556.04,16
CUST-032745,1804.31,5
CUST-032746,33478.74,59
CUST-032747,49346.65,36
CUST-032748,21495.73,32
CUST-032750,20760.33,32
CUST-032751,5609.68,32
CUST-032752,22346.33,5
CUST-032754,30749.61,16
CUST-032755,49863.21,27
CUST-032759,25441.59,30
CUST-032760,5045.61,44
CUST-032761,11118.54,65
CUST-032762,47955.08,70
CUST-032763,1735.27,17
CUST-032764,27199.61,33
CUST-032765,79781.0,10
CUST-032766,93987.21,28
CUST-032767,103863.8,8
CUST-032768,5506.18,46
CUST-032769,24862.44,0
CUST-032770,79236.59,32
CUST-032771,6344.47,33
CUST-032772,2769.14,50
CUST-032773,100291.94,49
CUST-032774,50576.9,34
CUST-032775,2704.17,59
CUST-032776,22431.57,0
CUST-032777,12551.67,39
CUST-032779,185916.53,4
CUST-032780,24125.98,30
CUST-032781,25518.62,25
CUST-032782,123224.45,30
CUST-032783,46561.45,18
CUST-032785,129174.22,39
CUST-032786,126330.74,40
CUST-032787,54464.0,48
CUST-032789,74616.52,60
CUST-032790,114589.44,31
CUST-032793,50085.45,16
CUST-032794,3968.24,3
CUST-032795,13435.92,6
CUST-032796,40216.53,0
CUST-032797,9635.09,8
CUST-032798,91743.59,9
CUST-032799,174994.17,43
CUST-032801,55405.23,20
CUST-032803,2048.45,0
CUST-032804,56953.92,9
CUST-032807,58447.18,20
CUST-032808,38726.14,7
CUST-032809,3697.45,79
CUST-032810,8801.15,30
CUST-032812,110307.74,23
CUST-032814,6414.16,20
CUST-032815,4566.89,12
CUST-032816,137731.47,82
CUST-032817,1927.23,10
CUST-032819,120535.8,43
CUST-032820,146668.73,24
CUST-032821,53724.0,0
CUST-032822,131376.7,31
CUST-032825,125847.0,33
CUST-032827,23030.99,40
CUST-032828,4118.76,35
CUST-032829,136065.67,50
CUST-032830,66915.0,65
CUST-032831,120361.48,13
CUST-032832,25745.22,29
CUST-032834,156324.63,39
CUST-032836,50879.34,82
CUST-032838,182283.99,15
CUST-032839,190.92,47
CUST-032840,107044.81,0
CUST-032842,35404.8,0
CUST-032843,97442.91,0
CUST-032844,45817.68,48
CUST-032845,199808.63,20
CUST-032846,31615.07,11
CUST-032847,111793.48,39
CUST-032848,44194.94,10
CUST-032849,61235.24,48
CUST-032850,61699.67,0
CUST-032851,20625.31,22
CUST-032852,101250.64,25
CUST-032853,13084.03,35
CUST-032855,95823.31,49
CUST-032856,14815.82,14
CUST-032858,6318.8,69
CUST-032860,27311.45,43
CUST-032861,48389.4,17
CUST-032862,59733.12,39
CUST-032863,13930.61,20
CUST-032864,21427.47,11
CUST-032865,127062.43,36
CUST-032866,89895.82,25
CUST-032867,122149.65,32
CUST-032868,103941.59,60
CUST-032869,2218.85,47
CUST-032871,31508.18,45
CUST-032872,8242.38,6
CUST-032873,109107.76,7
CUST-032874,2183.2,5
CUST-032875,52470.34,42
CUST-032876,77718.73,40
CUST-032877,16847.29,35
CUST-032878,2883.35,30
CUST-032880,5337.06,23
CUST-032882,21567.09,22
CUST-032883,222826.03,11
CUST-032884,173457.57,35
CUST-032886,10552.59,17
CUST-032887,2749.52,55
CUST-032888,70682.3,31
CUST-032889,60888.07,0
CUST-032890,3097.77,25
CUST-032891,36560.9,25
CUST-032893,150457.26,25
CUST-032894,38421.66,18
CUST-032895,34922.56,0
CUST-032896,57164.45,22
CUST-032897,113219.64,49
CUST-032900,3106.93,49
CUST-032901,157239.92,47
CUST-032903,27197.11,24
CUST-032904,37842.95,0
CUST-032905,76209.74,57
CUST-032906,187998.07,6
CUST-032910,427.45,40
CUST-032912,39202.79,4
CUST-032913,220509.01,49
CUST-032914,104466.62,36
CUST-032915,127793.69,35
CUST-032916,6886.57,38
CUST-032917,109004.64,23
CUST-032918,34949.85,17
CUST-032919,102674.46,31
CUST-032920,60802.94,5
CUST-032921,10262.91,31
CUST-032922,71587.65,54
CUST-032923,98650.59,57
CUST-032924,97941.67,51
CUST-032925,165305.42,0
CUST-032926,42385.54,9
CUST-032927,7095.25,0
CUST-032928,41212.55,50
CUST-032929,46374.68,35
CUST-032930,61791.24,15
CUST-032931,18647.06,26
CUST-032932,71602.8,34
CUST-032933,180140.58,5
CUST-032934,24448.49,40
CUST-032935,3544.59,8
CUST-032936,0.0,57
CUST-032937,71334.77,47
CUST-032938,13237.16,42
CUST-032940,943.7,18
CUST-032941,93051.68,32
CUST-032942,26392.58,19
CUST-032944,84390.27,15
CUST-032945,98072.78,20
CUST-032946,3819.25,47
CUST-032948,181.11,34
CUST-032950,98273.44,25
CUST-032951,103817.08,0
CUST-032952,24661.14,10
CUST-032953,98097.27,0
CUST-032955,49009.4,43
CUST-032956,22405.45,43
CUST-032959,28578.38,8
CUST-032960,15558.06,19
CUST-032961,70020.26,15
CUST-032962,114865.31,0
CUST-032963,146721.47,35
CUST-032964,14952.53,0
CUST-032965,173911.45,41
CUST-032966,38845.01,19
CUST-032967,9950.39,36
CUST-032968,85414.57,0
CUST-032969,2138.15,7
CUST-032970,16236.28,39
CUST-032971,13191.82,1
CUST-032972,40001.85,88
CUST-032973,40267.48,10
CUST-032974,71506.42,50
CUST-032975,144110.71,35
CUST-032976,88064.01,28
CUST-032978,95139.63,63
CUST-032979,56385.25,51
CUST-032981,126009.48,0
CUST-032982,124084.52,22
CUST-032983,176672.08,25
CUST-032984,92279.62,20
CUST-032985,16843.59,21
CUST-032987,141266.73,23
CUST-032988,3803.81,4
CUST-032990,38664.14,40
CUST-032991,107748.65,37
CUST-032992,7743.95,59
CUST-032993,3491.3,20
CUST-032994,133087.3,59
CUST-032995,41963.29,8
CUST-032998,104160.84,24
CUST-032999,19117.89,47
CUST-033001,77847.91,25
CUST-033002,3706.75,41
CUST-033003,168074.61,32
CUST-033004,178762.71,4
CUST-033005,41411.2,28
CUST-033006,7830.42,42
CUST-033007,60703.52,0
CUST-033008,44037.22,46
CUST-033009,28817.27,46
CUST-033013,26043.35,40
CUST-033014,204766.28,58
CUST-033015,61740.7,34
CUST-033016,2260.63,2
CUST-033017,118107.82,0
CUST-033018,3746.94,23
CUST-033019,93881.73,25
CUST-033020,16861.07,0
CUST-033021,30917.92,47
CUST-033022,1620.56,35
CUST-033023,113487.53,23
CUST-033024,127702.89,13
CUST-033025,15145.32,74
CUST-033026,99961.14,0
CUST-033027,124228.4,33
CUST-033028,14731.32,30
CUST-033030,87099.81,55
CUST-033031,33927.48,0
CUST-033032,96960.29,30
CUST-033033,9706.57,13
CUST-033035,59807.19,16
CUST-033037,2197.47,29
CUST-033038,5465.9,24
CUST-033039,58906.46,30
CUST-033040,17402.6,32
CUST-033041,47513.83,0
CUST-033042,65321.18,40
CUST-033044,1522.81,23
CUST-033045,5986.26,46
CUST-033046,17350.63,49
CUST-033048,14725.85,38
CUST-033049,22026.01,55
CUST-033050,25889.7,67
CUST-033051,74133.72,35
CUST-033053,140179.77,11
CUST-033054,32193.19,17
CUST-033055,29549.31,17
CUST-033056,30310.51,40
CUST-033058,24439.14,0
CUST-033059,44869.49,5
CUST-033060,30033.73,5
CUST-033061,20170.81,1
CUST-033062,126119.82,43
CUST-033063,73998.44,43
CUST-033064,54080.67,13
CUST-033065,18523.77,12
CUST-033066,78316.09,9
CUST-033067,25294.53,29
CUST-033069,167978.02,6
CUST-033070,42958.9,0
CUST-033072,3750.1,15
CUST-033073,60061.74,4
CUST-033074,8876.1,58
CUST-033075,109210.17,0
CUST-033076,92849.57,7
CUST-033077,6108.75,17
CUST-033078,5701.44,32
CUST-033079,3150.11,43
CUST-033080,118419.21,15
CUST-033081,98662.11,23
CUST-033082,97076.93,21
CUST-033083,120890.05,48
CUST-033085,17010.88,0
CUST-033086,44709.44,85
CUST-033087,10924.53,34
CUST-033088,3921.2,31
CUST-033092,32733.59,17
CUST-033093,10536.6,29
CUST-033094,7256.79,0
CUST-033095,45729.56,19
CUST-033096,76415.52,31
CUST-033097,141760.01,13
CUST-033098,11940.84,26
CUST-033099,21587.06,16
CUST-033100,1686.57,39
CUST-033101,16169.14,22
CUST-033102,0.0,54
CUST-033103,23971.08,32
CUST-033104,118389.35,44
CUST-033105,77796.16,51
CUST-033106,166306.55,31
CUST-033107,8796.89,37
CUST-033108,100064.98,0
CUST-033109,55477.59,79
CUST-033111,45109.87,0
CUST-033112,130623.8,0
CUST-033114,27269.88,22
CUST-033116,97036.09,21
CUST-033118,33269.3,47
CUST-033119,84780.64,35
CUST-033120,137686.66,31
CUST-033121,19094.31,7
CUST-033122,103801.87,75
CUST-033123,22056.74,48
CUST-033124,5303.4,18
CUST-033125,185437.52,7
CUST-033126,1441.48,33
CUST-033127,35464.96,16
CUST-033128,17946.07,47
CUST-033129,96475.07,7
CUST-033131,140968.36,35
CUST-033132,46092.71,46
CUST-033133,172755.41,28
CUST-033134,3298.83,7
CUST-033135,34759.96,57
CUST-033136,27366.61,10
CUST-033137,8201.76,30
CUST-033139,24850.79,45
CUST-033140,151758.49,25
CUST-033143,96295.44,12
CUST-033144,11797.05,17
CUST-033145,2194.7,46
CUST-033146,46014.33,40
CUST-033147,7705.19,25
CUST-033148,71478.01,25
CUST-033149,76148.86,4
CUST-033150,1861.97,70
CUST-033152,159194.4,0
CUST-033153,79175.34,0
CUST-033154,59327.5,14
CUST-033155,1166.9,78
CUST-033156,54121.35,32
CUST-033157,4003.58,6
CUST-033158,8987.25,74
CUST-033159,2570.15,44
CUST-033160,24157.09,32
CUST-033161,22135.8,8
CUST-033162,3464.85,89
CUST-033163,63313.2,56
CUST-033164,66607.89,19
CUST-033165,59008.53,26
CUST-033166,5063.08,57
CUST-033167,10608.17,34
CUST-033168,66998.32,15
CUST-033169,68266.12,34
CUST-033170,109033.47,31
CUST-033171,14122.59,24
CUST-033172,33579.54,59
CUST-033173,62174.9,14
CUST-033175,101305.82,0
CUST-033180,705.48,62
CUST-033182,48319.35,39
CUST-033183,206572.21,25
CUST-033185,56185.35,41
CUST-033186,8002.27,38
CUST-033187,19043.86,26
CUST-033188,137685.33,24
CUST-033189,9504.86,16
CUST-033190,2974.75,30
CUST-033191,59038.18,44
CUST-033193,36437.71,12
CUST-033194,7454.26,13
CUST-033195,121610.3,0
CUST-033196,158169.35,7
CUST-033197,65485.62,0
CUST-033198,1650.77,73
CUST-033200,131517.25,15
CUST-033201,8486.85,17
CUST-033203,5376.36,23
CUST-033204,100836.09,0
CUST-033205,19951.09,1
CUST-033206,38551.07,37
CUST-033207,132603.27,62
CUST-033208,10345.65,50
CUST-033209,9350.4,26
CUST-033210,35776.7,57
CUST-033211,3804.56,0
CUST-033213,725.36,36
CUST-033214,107846.66,31
CUST-033215,3872.43,10
CUST-033216,23579.59,18
CUST-033217,73955.13,34
CUST-033218,58138.15,61
CUST-033219,24018.2,16
CUST-033220,57854.8,5
CUST-033221,34585.73,47
CUST-033222,40942.48,16
CUST-033224,168722.87,15
CUST-033225,49820.37,24
CUST-033226,54225.29,49
CUST-033227,4017.18,0
CUST-033229,34071.21,12
CUST-033230,8079.3,9
CUST-033232,17846.84,44
CUST-033233,24030.0,0
CUST-033235,81623.1,30
CUST-033236,97200.62,55
CUST-033237,36812.25,43
CUST-033238,22173.98,34
CUST-033240,13671.29,22
CUST-033241,48594.6,27
CUST-033242,82418.5,34
CUST-033243,21632.8,0
CUST-033244,48454.18,53
CUST-033245,9447.08,22
CUST-033247,111419.2,36
CUST-033248,225349.65,49
CUST-033249,16342.05,13
CUST-033250,40978.01,18
CUST-033251,181499.35,36
CUST-033254,35267.68,30
CUST-033256,137270.77,43
CUST-033258,41403.48,0
CUST-033259,7371.94,17
CUST-033260,105864.2,6
CUST-033261,15974.95,16
CUST-033262,12042.38,58
CUST-033263,25552.9,38
CUST-033266,125778.14,31
CUST-033267,102079.72,13
CUST-033268,7529.23,32
CUST-033269,6646.03,35
CUST-033271,26212.66,19
CUST-033272,7742.64,23
CUST-033273,69391.77,56
CUST-033274,103248.6,0
CUST-033275,35595.48,25
CUST-033276,12770.83,21
CUST-033277,21137.74,45
CUST-033278,24171.92,49
CUST-033279,25297.96,4
CUST-033281,10021.78,42
CUST-033282,162448.61,41
CUST-033283,81268.64,50
CUST-033285,67593.66,82
CUST-033286,83802.43,9
CUST-033287,2514.13,33
CUST-033289,73058.93,1
CUST-033290,8064.35,53
CUST-033291,45809.78,0
CUST-033292,186268.93,0
CUST-033293,31265.83,18
CUST-033294,99991.98,21
CUST-033296,53749.01,0
CUST-033297,17928.09,12
CUST-033298,59832.4,58
CUST-033299,14624.95,21
CUST-033301,217952.9,0
CUST-033302,99071.02,17
CUST-033303,64778.09,54
CUST-033304,33848.25,2
CUST-033305,45019.63,47
CUST-033306,87515.63,66
CUST-033308,61020.31,0
CUST-033309,20070.0,2
CUST-033310,26859.64,74
CUST-033311,731.53,35
CUST-033312,121578.58,17
CUST-033313,19910.22,41
CUST-033314,132446.64,15
CUST-033315,24033.91,8
CUST-033316,86482.78,16
CUST-033317,17751.74,5
CUST-033318,43119.47,16
CUST-033319,18148.12,0
CUST-033320,13034.09,47
CUST-033321,4826.31,49
CUST-033322,63147.01,29
CUST-033324,130837.57,30
CUST-033325,56710.22,45
CUST-033326,95072.86,25
CUST-033327,2148.15,41
CUST-033328,64763.14,22
CUST-033329,19911.8,13
CUST-033330,14383.61,30
CUST-033331,61169.01,39
CUST-033332,23166.95,7
CUST-033333,12490.36,60
CUST-033334,103154.01,15
CUST-033335,58802.87,68
CUST-033336,4439.71,7
CUST-033337,6944.16,28
CUST-033338,88715.01,30
CUST-033339,33011.5,69
CUST-033340,65376.11,18
CUST-033341,5010.9,38
CUST-033342,219509.39,19
CUST-033343,14737.12,36
CUST-033344,22823.72,43
CUST-033345,138195.22,0
CUST-033346,5634.58,5
CUST-033348,15820.46,0
CUST-033350,3725.42,17
CUST-033351,70414.83,40
CUST-033352,96547.05,0
CUST-033354,141378.73,0
CUST-033355,7858.63,23
CUST-033356,80494.8,27
CUST-033357,46667.7,50
CUST-033358,37283.95,2
CUST-033359,144167.26,8
CUST-033360,83411.95,8
CUST-033361,2698.94,36
CUST-033362,105311.26,41
CUST-033363,50270.1,0
CUST-033365,207620.95,35
CUST-033366,28991.4,9
CUST-033367,19651.0,0
CUST-033368,24581.1,12
CUST-033369,10217.16,22
CUST-033370,128615.47,30
CUST-033371,2255.64,33
CUST-033372,39992.61,45
CUST-033373,38015.85,47
CUST-033374,33193.41,32
CUST-033375,42693.57,48
CUST-033376,154692.87,31
CUST-033377,61055.75,10
CUST-033378,132892.83,37
CUST-033379,84537.93,27
CUST-033380,147767.16,3
CUST-033381,10606.11,46
CUST-033382,66047.81,46
CUST-033383,593.4,34
CUST-033384,91919.08,50
CUST-033387,28766.45,8
CUST-033388,85223.63,6
CUST-033389,20345.15,68
CUST-033390,10548.94,20
CUST-033391,248864.77,7
CUST-033393,49943.52,2
CUST-033394,59308.54,24
CUST-033395,35048.08,16
CUST-033397,47208.61,23
CUST-033398,27228.84,30
CUST-033399,121064.18,25
CUST-033400,65463.49,12
CUST-033401,15014.58,0
CUST-033402,42095.9,0
CUST-033403,14059.28,28
CUST-033404,110212.14,33
CUST-033405,106795.57,39
CUST-033406,8289.05,8
CUST-033407,5611.22,41
CUST-033408,8894.98,25
CUST-033409,63026.11,17
CUST-033410,42240.42,36
CUST-033411,12968.11,63
CUST-033412,81270.32,38
CUST-033414,8310.55,29
CUST-033415,193050.03,18
CUST-033418,11730.34,6
CUST-033419,160188.8,0
CUST-033420,54003.21,48
CUST-033423,94252.95,48
CUST-033424,67345.05,29
CUST-033425,36063.7,40
CUST-033427,141621.72,16
CUST-033428,62260.23,17
CUST-033429,82102.72,43
CUST-033430,188289.63,24
CUST-033432,68242.63,52
CUST-033434,133124.37,11
CUST-033435,241158.33,47
CUST-033436,126071.9,77
CUST-033437,42146.29,14
CUST-033439,16102.14,21
CUST-033440,16981.97,30
CUST-033441,20022.15,47
CUST-033442,16056.89,9
CUST-033443,123644.27,19
CUST-033444,75465.47,0
CUST-033445,62579.03,33
CUST-033446,51500.12,45
CUST-033448,88913.71,33
CUST-033449,36727.83,29
CUST-033451,161484.3,34
CUST-033453,5544.89,22
CUST-033454,26463.7,41
CUST-033456,182906.35,0
CUST-033458,50452.22,47
CUST-033459,125915.12,59
CUST-033460,7390.2,55
CUST-033461,133615.76,0
CUST-033462,157618.64,0
CUST-033463,27204.62,47
CUST-033464,105899.63,25
CUST-033465,10567.22,48
CUST-033466,149572.5,57
CUST-033468,2069.16,25
CUST-033469,60675.98,38
CUST-033470,112212.54,24
CUST-033472,45667.76,46
CUST-033473,15886.12,40
CUST-033474,25080.35,36
CUST-033475,16907.62,23
CUST-033476,132348.48,51
CUST-033477,20018.2,17
CUST-033478,173813.81,20
CUST-033481,148716.17,61
CUST-033482,6565.46,18
CUST-033483,43664.51,41
CUST-033484,1368.26,75
CUST-033486,121080.9,34
CUST-033488,74943.36,9
CUST-033489,60285.32,32
CUST-033490,179743.96,24
CUST-033491,79856.44,37
CUST-033492,2755.47,5
CUST-033495,6625.48,4
CUST-033496,12888.47,6
CUST-033497,89943.55,15
CUST-033498,35545.55,30
CUST-033500,60329.84,21
CUST-033501,186005.4,36
CUST-033502,96141.09,8
CUST-033503,298.27,29
CUST-033504,203429.54,6
CUST-033505,88821.77,21
CUST-033506,22785.54,60
CUST-033507,3451.82,68
CUST-033508,75977.4,22
CUST-033512,207003.17,0
CUST-033514,7720.56,33
CUST-033515,101284.44,2
CUST-033518,67142.26,30
CUST-033519,76685.17,49
CUST-033520,9500.61,0
CUST-033522,118032.28,59
CUST-033523,96828.02,37
CUST-033524,123290.38,25
CUST-033526,164494.27,4
CUST-033528,124961.75,21
CUST-033529,92047.06,22
CUST-033530,26541.3,14
CUST-033531,48019.22,19
CUST-033532,38586.09,35
CUST-033533,126762.65,11
CUST-033534,99073.63,21
CUST-033535,42802.55,10
CUST-033536,16972.34,50
CUST-033537,22363.77,39
CUST-033538,3704.39,33
CUST-033539,59586.7,49
CUST-033540,35098.7,17
CUST-033542,5500.5,18
CUST-033543,35926.5,24
CUST-033545,98822.8,36
CUST-033546,64271.23,0
CUST-033547,90277.19,5
CUST-033548,263062.98,35
CUST-033549,14540.61,62
CUST-033550,7020.51,5
CUST-033551,37323.14,8
CUST-033552,45565.07,1
CUST-033553,955.56,37
CUST-033555,40539.75,6
CUST-033556,20260.81,76
CUST-033557,20199.4,15
CUST-033560,106629.6,17
CUST-033561,97657.98,31
CUST-033562,106399.01,8
CUST-033563,72484.42,2
CUST-033564,37808.02,16
CUST-033565,35059.57,14
CUST-033566,13700.78,26
CUST-033568,52491.94,16
CUST-033570,107218.14,34
CUST-033572,43258.71,12
CUST-033573,15684.03,20
CUST-033574,174490.97,9
CUST-033575,150466.82,0
CUST-033576,68567.7,41
CUST-033577,101070.0,41
CUST-033578,122294.73,0
CUST-033581,54485.55,31
CUST-033582,214541.73,0
CUST-033584,172189.53,28
CUST-033585,34541.75,45
CUST-033586,29465.71,28
CUST-033587,35007.14,2
CUST-033588,3541.91,38
CUST-033589,92650.65,0
CUST-033590,47320.03,43
CUST-033591,2604.51,17
CUST-033592,28468.52,35
CUST-033593,10595.54,25
CUST-033594,13084.99,22
CUST-033596,102218.46,21
CUST-033598,53128.3,25
CUST-033599,160813.98,6
CUST-033601,12948.51,16
CUST-033602,10234.72,65
CUST-033603,23909.33,7
CUST-033604,48920.74,34
CUST-033605,4816.99,45
CUST-033606,25362.84,33
CUST-033607,66822.91,0
CUST-033608,8835.51,30
CUST-033609,126076.94,45
CUST-033610,54919.0,16
CUST-033611,31478.66,57
CUST-033614,30211.98,40
CUST-033615,6692.73,69
CUST-033616,45103.27,49
CUST-033617,124019.39,26
CUST-033618,2350.64,28
CUST-033619,25880.27,5
CUST-033620,6598.99,32
CUST-033622,4841.1,0
CUST-033623,5137.26,24
CUST-033624,10757.09,51
CUST-033626,7473.76,34
CUST-033629,125431.52,0
CUST-033630,52125.62,25
CUST-033631,33725.98,16
CUST-033632,180131.06,29
CUST-033633,114122.24,32
CUST-033634,148756.1,0
CUST-033635,170949.76,36
CUST-033636,247503.18,40
CUST-033638,71957.43,25
CUST-033639,88045.3,27
CUST-033640,44055.33,18
CUST-033643,83106.38,5
CUST-033645,45414.55,6
CUST-033647,37844.14,27
CUST-033650,22532.19,51
CUST-033651,69276.56,47
CUST-033652,131264.27,31
CUST-033653,59057.18,28
CUST-033654,147119.21,60
CUST-033655,69299.76,22
CUST-033659,1663.22,0
CUST-033660,81346.88,32
CUST-033661,0.0,34
CUST-033662,155144.19,16
CUST-033663,93154.58,4
CUST-033664,143189.56,51
CUST-033665,78305.91,49
CUST-033666,26853.12,0
CUST-033667,37593.47,43
CUST-033668,10772.4,0
CUST-033669,5119.4,49
CUST-033671,31943.71,24
CUST-033672,51190.39,45
CUST-033673,39313.08,34
CUST-033675,129824.12,9
CUST-033677,78727.38,5
CUST-033678,143166.54,24
CUST-033679,34672.08,5
CUST-033680,62889.41,17
CUST-033682,40492.1,0
CUST-033683,10691.14,35
CUST-033684,29147.26,37
CUST-033685,53118.75,4
CUST-033686,48708.38,32
CUST-033687,5910.41,35
CUST-033688,82980.44,5
CUST-033689,55678.69,22
CUST-033690,6669.07,40
CUST-033691,22088.64,70
CUST-033692,112694.4,42
CUST-033693,1053.7,48
CUST-033694,13888.51,38
CUST-033695,165529.86,22
CUST-033696,18177.44,32
CUST-033697,44852.75,29
CUST-033698,169465.44,31
CUST-033700,2186.56,60
CUST-033701,74747.3,30
CUST-033702,23780.22,19
CUST-033703,118011.54,11
CUST-033704,29664.03,40
CUST-033706,61902.87,6
CUST-033707,51953.29,34
CUST-033708,3209.72,14
CUST-033709,68280.24,6
CUST-033710,74550.62,0
CUST-033711,252599.19,29
CUST-033712,65733.35,21
CUST-033713,3700.21,24
CUST-033715,109709.4,30
CUST-033716,27376.67,26
CUST-033717,37224.89,7
CUST-033718,35996.49,23
CUST-033719,11497.53,42
CUST-033720,6302.31,16
CUST-033721,103888.24,39
CUST-033722,21681.44,43
CUST-033723,15382.08,24
CUST-033724,1871.31,16
CUST-033725,96148.17,5
CUST-033726,81443.8,50
CUST-033728,42556.46,34
CUST-033730,190713.55,1
CUST-033731,3943.95,8
CUST-033732,34644.17,7
CUST-033733,2020.8,37
CUST-033734,55658.54,13
CUST-033735,116677.9,20
CUST-033736,2234.03,6
CUST-033737,9948.73,49
CUST-033738,25775.67,48
CUST-033739,20638.52,20
CUST-033740,6044.72,24
CUST-033741,75580.88,16
CUST-033742,28784.82,7
CUST-033743,63449.3,0
CUST-033744,14589.49,5
CUST-033745,88627.18,42
CUST-033747,16722.53,69
CUST-033748,34138.1,62
CUST-033751,3423.62,49
CUST-033752,11564.5,20
CUST-033753,51379.48,38
CUST-033755,29985.61,6
CUST-033756,6680.3,36
CUST-033757,61407.04,16
CUST-033758,44459.71,16
CUST-033759,91264.64,0
CUST-033760,17190.67,36
CUST-033761,148504.92,40
CUST-033764,177720.51,5
CUST-033765,2473.05,32
CUST-033766,3421.21,38
CUST-033767,38844.8,30
CUST-033768,58477.81,5
CUST-033769,15929.21,0
CUST-033770,32558.8,26
CUST-033771,45330.44,44
CUST-033772,64520.27,5
CUST-033773,163589.79,21
CUST-033774,76519.53,20
CUST-033775,2847.43,33
CUST-033776,7187.99,28
CUST-033777,23183.55,15
CUST-033778,125686.86,0
CUST-033779,6981.91,44
CUST-033781,165537.43,19
CUST-033782,23711.53,44
CUST-033783,45417.37,39
CUST-033784,144811.9,16
CUST-033786,11594.41,19
CUST-033787,24323.02,31
CUST-033788,4586.7,0
CUST-033791,22797.88,38
CUST-033792,89562.81,44
CUST-033793,20256.81,14
CUST-033794,11821.3,20
CUST-033795,59303.22,39
CUST-033796,9692.6,50
CUST-033797,2175.54,33
CUST-033799,39275.97,31
CUST-033800,77541.06,33
CUST-033801,16072.95,6
CUST-033802,24324.11,0
CUST-033803,104419.82,10
CUST-033804,130217.41,44
CUST-033805,66045.57,25
CUST-033806,55869.99,15
CUST-033807,175574.22,35
CUST-033810,61918.59,48
CUST-033811,33789.96,32
CUST-033812,130710.93,24
CUST-033813,92338.41,25
CUST-033814,29752.64,20
CUST-033816,91605.31,48
CUST-033817,79967.71,1
CUST-033819,83585.74,26
CUST-033820,96952.65,30
CUST-033821,112171.24,21
CUST-033823,45244.4,55
CUST-033824,53519.92,19
CUST-033825,38868.2,50
CUST-033827,26273.27,5
CUST-033828,119109.63,59
CUST-033829,913.61,70
CUST-033831,46100.61,43
CUST-033832,58404.31,74
CUST-033834,102028.89,28
CUST-033836,16633.52,34
CUST-033837,2382.68,8
CUST-033838,116737.64,22
CUST-033839,54694.42,38
CUST-033841,0.0,25
CUST-033842,96064.97,66
CUST-033843,87847.75,31
CUST-033844,115576.09,21
CUST-033845,85167.07,22
CUST-033846,23953.97,0
CUST-033847,6513.93,24
CUST-033848,0.0,40
CUST-033849,14885.79,16
CUST-033850,116572.75,39
CUST-033851,10985.72,23
CUST-033852,12684.67,33
CUST-033853,2339.59,44
CUST-033854,68450.98,22
CUST-033855,167284.94,42
CUST-033856,12378.96,0
CUST-033857,2489.46,0
CUST-033859,12879.41,0
CUST-033860,115541.17,35
CUST-033861,52306.98,20
CUST-033862,45639.99,1
CUST-033863,85580.47,25
CUST-033865,16943.12,48
CUST-033866,141045.02,45
CUST-033867,41569.08,17
CUST-033868,54886.61,19
CUST-033869,36750.34,50
CUST-033870,35837.86,47
CUST-033871,100381.72,48
CUST-033873,19182.58,22
CUST-033877,11065.98,48
CUST-033878,11962.98,16
CUST-033879,97246.39,13
CUST-033880,84656.7,23
CUST-033881,218733.44,30
CUST-033882,10525.72,27
CUST-033883,26895.73,23
CUST-033884,1926.72,37
CUST-033885,21435.6,5
CUST-033886,156254.0,44
CUST-033887,2408.42,22
CUST-033888,16408.44,0
CUST-033889,2999.17,30
CUST-033890,32699.47,6
CUST-033892,81087.01,39
CUST-033893,91253.44,49
CUST-033894,31970.37,35
CUST-033895,62638.77,27
CUST-033896,63056.25,21
CUST-033897,52216.14,13
CUST-033898,77011.25,31
CUST-033899,79986.27,36
CUST-033901,46224.9,56
CUST-033903,18703.18,1
CUST-033906,5420.54,24
CUST-033907,9511.17,45
CUST-033908,111302.17,23
CUST-033909,180399.52,6
CUST-033910,3807.87,45
CUST-033911,4792.8,44
CUST-033912,471.55,0
CUST-033914,17771.94,30
CUST-033915,73410.35,31
CUST-033916,137500.26,0
CUST-033917,7410.62,27
CUST-033919,6180.65,69
CUST-033920,14088.27,10
CUST-033921,39830.73,20
CUST-033923,10593.38,16
CUST-033924,40125.78,8
CUST-033925,9082.77,4
CUST-033926,31590.18,18
CUST-033927,75488.16,44
CUST-033928,16880.38,19
CUST-033929,84299.47,26
CUST-033930,165158.97,32
CUST-033931,29746.61,30
CUST-033933,66030.42,15
CUST-033934,41609.57,0
CUST-033935,17775.24,0
CUST-033936,11770.98,39
CUST-033938,17264.84,41
CUST-033939,8847.78,2
CUST-033940,13524.27,40
CUST-033941,165645.67,35
CUST-033942,9812.56,22
CUST-033944,5904.44,21
CUST-033945,39177.8,35
CUST-033948,0.0,82
CUST-033949,21958.7,40
CUST-033950,68634.8,25
CUST-033951,5572.4,33
CUST-033952,119360.13,33
CUST-033953,7392.51,61
CUST-033954,110341.81,1
CUST-033955,825.86,56
CUST-033956,70423.1,12
CUST-033957,49179.06,12
CUST-033958,73116.21,30
CUST-033959,34198.29,0
CUST-033960,17905.56,71
CUST-033961,51702.3,0
CUST-033962,145331.25,45
CUST-033963,33028.48,30
CUST-033964,43104.37,76
CUST-033965,102467.9,21
CUST-033966,53605.99,0
CUST-033967,84118.65,34
CUST-033968,8892.35,0
CUST-033969,109876.4,29
CUST-033970,1289.61,0
CUST-033971,74522.35,24
CUST-033972,22426.94,23
CUST-033973,111675.49,68
CUST-033974,199049.05,30
CUST-033975,12153.9,31
CUST-033976,26644.77,23
CUST-033978,37469.45,9
CUST-033980,120077.75,30
CUST-033981,7973.34,22
CUST-033983,74993.18,45
CUST-033984,105305.31,27
CUST-033987,82504.15,15
CUST-033988,114351.18,19
CUST-033989,58782.94,20
CUST-033990,48727.34,33
CUST-033991,148340.17,41
CUST-033992,14758.3,24
CUST-033993,45445.5,32
CUST-033994,15743.02,6
CUST-033995,187537.57,0
CUST-033996,261.42,35
CUST-033997,8697.11,17
CUST-033998,9512.19,33
CUST-033999,107235.16,24
CUST-034000,39013.01,0
CUST-034001,48333.54,29
CUST-034002,76542.23,8
CUST-034004,56763.48,30
CUST-034006,6385.37,19
CUST-034007,60733.32,12
CUST-034009,53782.53,42
CUST-034011,100317.75,0
CUST-034012,105261.73,1
CUST-034013,115652.02,23
CUST-034014,51269.64,24
CUST-034016,114770.35,48
CUST-034017,85687.12,25
CUST-034018,45616.53,49
CUST-034019,17851.73,9
CUST-034020,16094.84,40
CUST-034021,3833.52,5
CUST-034022,154253.82,42
CUST-034023,132875.63,0
CUST-034024,45506.22,71
CUST-034026,44906.53,7
CUST-034027,56339.08,9
CUST-034028,16668.78,33
CUST-034029,5515.96,6
CUST-034031,3572.15,50
CUST-034032,2386.53,21
CUST-034033,17357.58,21
CUST-034034,17089.47,0
CUST-034035,71569.9,6
CUST-034037,67569.63,9
CUST-034039,6388.69,49
CUST-034040,318.86,14
CUST-034041,69892.13,0
CUST-034042,97151.32,23
CUST-034043,115676.53,0
CUST-034044,5695.39,0
CUST-034045,99395.24,23
CUST-034046,19117.53,5
CUST-034048,76015.6,52
CUST-034049,14947.58,6
CUST-034050,50784.37,26
CUST-034051,17804.0,87
CUST-034052,22167.44,48
CUST-034053,33050.74,47
CUST-034055,21632.11,20
CUST-034056,19460.68,7
CUST-034057,65287.94,7
CUST-034058,6429.56,45
CUST-034059,113379.51,4
CUST-034061,8817.34,30
CUST-034062,41457.85,46
CUST-034064,43016.5,40
CUST-034065,40305.46,23
CUST-034066,1693.14,47
CUST-034067,98197.58,9
CUST-034068,85941.35,20
CUST-034069,85151.67,10
CUST-034070,56232.53,7
CUST-034071,152059.41,21
CUST-034072,13009.66,23
CUST-034073,5452.36,25
CUST-034074,123796.36,24
CUST-034075,100560.14,7
CUST-034077,42476.66,25
CUST-034078,20543.3,32
CUST-034079,33762.51,0
CUST-034081,91742.22,12
CUST-034084,83871.76,32
CUST-034085,22013.18,30
CUST-034086,113242.14,30
CUST-034087,8774.64,0
CUST-034088,23672.43,10
CUST-034090,12864.45,4
CUST-034091,38120.19,17
CUST-034092,109205.18,6
CUST-034093,145044.99,30
CUST-034094,70512.33,0
CUST-034095,121538.8,66
CUST-034096,3526.35,10
CUST-034098,67644.88,49
CUST-034099,50890.59,0
CUST-034100,51958.19,27
CUST-034101,63231.8,33
CUST-034102,3522.89,10
CUST-034103,11907.28,1
CUST-034104,35403.24,57
CUST-034105,30650.78,16
CUST-034106,40410.68,25
CUST-034107,6734.38,18
CUST-034109,78048.03,40
CUST-034110,10591.73,52
CUST-034112,33656.64,22
CUST-034113,117398.89,24
CUST-034116,28266.38,30
CUST-034117,25458.83,17
CUST-034120,121397.88,0
CUST-034121,5789.95,44
CUST-034122,171057.83,44
CUST-034123,102456.24,18
CUST-034124,34291.1,40
CUST-034125,3838.3,21
CUST-034126,99709.07,39
CUST-034127,4133.67,25
CUST-034128,2325.98,4
CUST-034129,96618.4,15
CUST-034130,126642.26,42
CUST-034131,58635.0,10
CUST-034132,105023.48,0
CUST-034133,4782.38,0
CUST-034134,95409.38,21
CUST-034135,48285.68,65
CUST-034136,14956.83,33
CUST-034137,41458.36,33
CUST-034139,675.33,6
CUST-034140,11681.87,10
CUST-034141,3461.56,50
CUST-034142,96418.36,48
CUST-034143,25093.81,19
CUST-034144,4108.31,16
CUST-034147,70509.08,1
CUST-034148,92271.22,22
CUST-034149,33667.85,45
CUST-034150,1717.49,15
CUST-034151,2806.61,20
CUST-034152,10685.76,31
CUST-034153,65475.58,18
CUST-034154,182343.48,23
CUST-034156,11697.48,31
CUST-034157,28204.72,51
CUST-034158,42740.05,15
CUST-034159,7646.91,7
CUST-034160,56417.47,18
CUST-034161,134361.84,23
CUST-034162,40627.18,38
CUST-034164,65960.23,16
CUST-034165,146676.11,43
CUST-034167,9198.71,31
CUST-034168,85142.65,0
CUST-034169,55202.92,34
CUST-034170,3764.31,44
CUST-034171,32776.39,20
CUST-034172,47176.94,0
CUST-034173,4171.07,0
CUST-034175,27132.83,9
CUST-034176,19487.38,66
CUST-034178,88986.43,25
CUST-034179,212371.33,22
CUST-034181,99517.71,0
CUST-034182,42102.76,35
CUST-034183,20047.71,5
CUST-034184,4191.93,17
CUST-034186,301.86,54
CUST-034188,1107.0,43
CUST-034189,7563.29,33
CUST-034190,12348.0,6
CUST-034191,6225.83,56
CUST-034193,11693.05,7
CUST-034194,102863.43,48
CUST-034196,16619.77,33
CUST-034197,86140.01,23
CUST-034199,94408.11,0
CUST-034200,32520.79,0
CUST-034201,1051.42,0
CUST-034203,16896.85,18
CUST-034205,56044.2,56
CUST-034206,66129.69,15
CUST-034207,36903.29,0
CUST-034208,29196.2,70
CUST-034209,67792.11,40
CUST-034210,31522.41,10
CUST-034212,11430.16,32
CUST-034214,10048.73,24
CUST-034215,27831.7,6
CUST-034216,70364.1,51
CUST-034217,22772.33,37
CUST-034218,8780.53,11
CUST-034220,41606.76,35
CUST-034221,61125.2,15
CUST-034222,1098.45,40
CUST-034223,27499.04,20
CUST-034225,505.95,31
CUST-034226,9187.98,9
CUST-034227,40673.87,30
CUST-034228,7341.49,22
CUST-034229,35716.14,31
CUST-034230,189313.7,67
CUST-034231,26466.28,42
CUST-034232,22545.65,62
CUST-034234,1075.68,7
CUST-034236,41404.83,22
CUST-034238,10019.32,4
CUST-034239,134749.03,36
CUST-034240,18929.6,34
CUST-034242,35265.17,10
CUST-034243,1384.55,40
CUST-034244,15315.08,40
CUST-034245,98817.85,0
CUST-034246,9580.88,62
CUST-034247,33840.71,41
CUST-034248,11330.75,49
CUST-034249,22149.11,41
CUST-034250,34398.02,8
CUST-034251,22550.48,0
CUST-034252,53193.0,32
CUST-034253,948.46,72
CUST-034254,5353.35,10
CUST-034255,20277.33,0
CUST-034256,5362.16,44
CUST-034257,21399.86,0
CUST-034258,56373.2,8
CUST-034259,151165.23,20
CUST-034260,6471.44,18
CUST-034261,95831.33,23
CUST-034262,103464.56,12
CUST-034263,17460.38,39
CUST-034264,166681.63,33
CUST-034265,2956.65,10
CUST-034266,43380.65,0
CUST-034267,70488.6,24
CUST-034269,1652.72,44
CUST-034270,41066.82,48
CUST-034271,63403.65,11
CUST-034272,39207.66,13
CUST-034273,127859.96,8
CUST-034274,34224.42,43
CUST-034275,13988.55,31
CUST-034276,54180.67,43
CUST-034277,36672.91,89
CUST-034278,46892.03,42
CUST-034279,46968.48,31
CUST-034280,127786.15,4
CUST-034282,19007.61,10
CUST-034283,34448.3,29
CUST-034284,47255.9,2
CUST-034285,217805.02,20
CUST-034286,82121.63,30
CUST-034287,71750.28,48
CUST-034288,49998.05,46
CUST-034289,155.88,36
CUST-034290,4101.69,30
CUST-034291,19973.79,68
CUST-034292,48609.35,0
CUST-034294,5154.74,0
CUST-034295,146352.9,32
CUST-034296,81728.81,46
CUST-034297,6080.33,58
CUST-034298,14831.92,32
CUST-034300,73264.32,0
CUST-034301,53690.73,10
CUST-034302,24411.74,17
CUST-034303,12561.89,37
CUST-034304,54011.08,38
CUST-034306,56385.62,46
CUST-034310,19077.76,37
CUST-034312,51561.19,42
CUST-034313,5003.32,49
CUST-034314,7575.33,57
CUST-034315,44052.03,68
CUST-034316,6085.36,19
CUST-034317,66961.53,34
CUST-034318,1377.54,51
CUST-034319,9159.21,50
CUST-034320,148008.58,18
CUST-034321,64277.65,58
CUST-034322,35754.32,0
CUST-034323,2992.26,41
CUST-034324,83930.26,33
CUST-034325,2802.62,21
CUST-034326,27369.09,8
CUST-034327,6845.4,4
CUST-034328,146924.17,35
CUST-034329,87396.47,48
CUST-034330,126.63,62
CUST-034332,122781.06,50
CUST-034333,17301.28,18
CUST-034334,45440.81,7
CUST-034336,7442.61,0
CUST-034337,59653.74,9
CUST-034338,89169.74,0
CUST-034339,6369.68,0
CUST-034340,18602.66,49
CUST-034342,22245.1,5
CUST-034343,23980.96,12
CUST-034344,124526.28,40
CUST-034345,138439.06,9
CUST-034346,11887.98,31
CUST-034347,31984.09,9
CUST-034348,39406.12,25
CUST-034350,120733.77,58
CUST-034351,242969.98,16
CUST-034352,136329.47,31
CUST-034354,22558.41,18
CUST-034357,32985.16,35
CUST-034358,7947.07,37
CUST-034359,60138.81,41
CUST-034360,141962.19,15
CUST-034361,38978.13,18
CUST-034362,2472.23,18
CUST-034363,59196.57,10
CUST-034364,105163.7,8
CUST-034365,12461.55,23
CUST-034367,63118.08,36
CUST-034368,97899.88,17
CUST-034369,142422.1,38
CUST-034370,144640.29,20
CUST-034371,8194.48,45
CUST-034372,51462.58,0
CUST-034373,31614.91,30
CUST-034375,34084.17,13
CUST-034376,113131.11,19
CUST-034377,73604.86,24
CUST-034378,29774.82,20
CUST-034379,7661.54,56
CUST-034382,123478.27,11
CUST-034383,35406.48,0
CUST-034384,99604.23,49
CUST-034385,32925.71,58
CUST-034386,14828.45,42
CUST-034387,46997.61,6
CUST-034388,137089.06,32
CUST-034389,5902.59,70
CUST-034390,61580.19,12
CUST-034391,132884.39,34
CUST-034392,26634.48,0
CUST-034394,98223.12,7
CUST-034395,27931.57,1
CUST-034396,163756.9,17
CUST-034397,2744.58,45
CUST-034398,105356.54,1
CUST-034399,4081.74,0
CUST-034400,25868.21,60
CUST-034401,41142.89,0
CUST-034404,52287.2,21
CUST-034405,1644.64,73
CUST-034406,7065.86,43
CUST-034407,167824.9,18
CUST-034409,78574.41,27
CUST-034410,64303.47,23
CUST-034412,906.11,26
CUST-034413,11895.54,17
CUST-034414,137447.24,45
CUST-034415,5777.75,35
CUST-034417,131035.61,32
CUST-034419,164203.27,60
CUST-034421,5353.88,57
CUST-034422,178187.34,32
CUST-034423,31972.08,19
CUST-034424,169334.51,0
CUST-034425,91521.74,8
CUST-034426,115087.92,61
CUST-034431,16403.87,30
CUST-034433,75801.2,46
CUST-034434,164920.42,36
CUST-034435,3502.22,8
CUST-034436,137453.46,20
CUST-034437,2269.57,67
CUST-034438,73498.21,0
CUST-034439,168479.31,32
CUST-034441,66407.33,20
CUST-034442,32962.7,0
CUST-034443,75757.62,57
CUST-034446,96575.58,20
CUST-034447,141308.84,75
CUST-034448,184633.98,59
CUST-034450,51116.69,23
CUST-034451,48522.96,35
CUST-034452,32875.56,23
CUST-034453,28529.39,30
CUST-034454,85286.14,19
CUST-034455,93196.43,36
CUST-034456,28483.12,25
CUST-034458,7560.31,0
CUST-034459,154679.44,53
CUST-034460,5426.44,24
CUST-034461,120084.29,34
CUST-034462,65398.29,39
CUST-034463,25305.23,31
CUST-034464,105181.95,13
CUST-034465,72601.61,5
CUST-034467,38933.69,56
CUST-034468,127716.19,33
CUST-034469,10639.62,32
CUST-034470,49074.59,4
CUST-034471,15827.07,50
CUST-034473,19718.91,29
CUST-034475,119981.11,33
CUST-034476,62785.27,3
CUST-034477,17483.32,28
CUST-034478,4727.88,17
CUST-034479,31230.36,6
CUST-034480,1618.35,53
CUST-034481,23562.78,60
CUST-034482,46370.91,21
CUST-034484,13571.69,46
CUST-034485,26981.69,59
CUST-034486,162437.64,18
CUST-034487,871.44,6
CUST-034488,6164.13,22
CUST-034490,36347.24,0
CUST-034492,8376.7,0
CUST-034493,70926.6,27
CUST-034494,26534.84,19
CUST-034495,48249.9,0
CUST-034497,92166.06,26
CUST-034498,44044.41,45
CUST-034501,124578.89,0
CUST-034502,21398.68,9
CUST-034503,55050.84,16
CUST-034504,54129.18,17
CUST-034505,35880.49,23
CUST-034506,27102.12,8
CUST-034507,2222.07,31
CUST-034509,14510.36,28
CUST-034510,57119.59,6
CUST-034511,82129.32,72
CUST-034512,165899.5,0
CUST-034513,61868.39,44
CUST-034518,18085.51,8
CUST-034519,41230.18,27
CUST-034520,5885.24,10
CUST-034521,18484.43,27
CUST-034522,65199.35,34
CUST-034524,3171.58,35
CUST-034525,1357.56,56
CUST-034526,14311.44,15
CUST-034527,17345.96,19
CUST-034528,16732.16,45
CUST-034530,6352.69,48
CUST-034531,277178.27,65
CUST-034532,5188.83,33
CUST-034533,37069.51,17
CUST-034534,58401.72,19
CUST-034538,87910.18,8
CUST-034539,65156.34,74
CUST-034540,363.47,6
CUST-034541,31884.79,35
CUST-034543,22771.44,23
CUST-034545,83762.55,40
CUST-034546,136291.21,2
CUST-034547,51805.12,18
CUST-034549,40887.88,9
CUST-034550,184843.98,22
CUST-034551,50642.25,75
CUST-034553,132903.24,8
CUST-034554,970.75,35
CUST-034555,42107.65,59
CUST-034556,20674.82,0
CUST-034557,107888.31,5
CUST-034558,14443.03,11
CUST-034559,75391.32,0
CUST-034561,116457.39,36
CUST-034563,117445.79,0
CUST-034564,7175.9,20
CUST-034565,11853.52,35
CUST-034566,57565.49,54
CUST-034567,160598.33,23
CUST-034569,697.14,39
CUST-034570,115238.23,49
CUST-034571,87584.55,34
CUST-034574,18689.93,0
CUST-034575,123857.68,21
CUST-034576,23095.84,31
CUST-034577,102118.63,49
CUST-034578,11307.67,0
CUST-034579,10169.75,48
CUST-034580,44653.7,70
CUST-034582,3955.11,32
CUST-034584,54627.1,25
CUST-034585,30905.68,40
CUST-034586,62044.42,14
CUST-034587,2120.94,8
CUST-034588,46111.42,25
CUST-034589,735.67,53
CUST-034590,102631.01,1
CUST-034592,8520.48,11
CUST-034593,162589.43,22
CUST-034594,110499.33,38
CUST-034595,43717.34,14
CUST-034596,39632.49,38
CUST-034597,4492.94,61
CUST-034598,71755.85,1
CUST-034599,53641.11,58
CUST-034600,12621.54,40
CUST-034601,29653.75,27
CUST-034602,21459.23,34
CUST-034603,10205.35,80
CUST-034604,131991.92,25
CUST-034605,129760.61,73
CUST-034606,81416.09,7
CUST-034607,0.0,27
CUST-034608,31164.81,9
CUST-034609,62992.67,37
CUST-034610,54798.93,60
CUST-034611,31218.69,5
CUST-034612,50027.86,20
CUST-034613,6987.65,39
CUST-034615,48345.28,32
CUST-034617,70355.48,28
CUST-034618,89699.67,34
CUST-034619,24651.16,11
CUST-034620,57863.79,9
CUST-034621,129653.05,43
CUST-034622,35092.82,20
CUST-034623,66085.71,32
CUST-034625,39683.4,38
CUST-034626,49026.15,15
CUST-034628,24541.0,44
CUST-034629,119396.07,8
CUST-034630,33638.91,21
CUST-034631,32282.68,64
CUST-034632,156316.15,35
CUST-034633,14209.42,34
CUST-034634,5610.64,43
CUST-034636,151364.75,9
CUST-034637,64858.11,27
CUST-034638,71864.69,19
CUST-034639,2309.65,35
CUST-034640,100505.04,62
CUST-034641,2942.83,26
CUST-034642,105690.9,31
CUST-034643,31896.92,41
CUST-034645,12287.76,13
CUST-034646,44441.81,42
CUST-034647,133312.35,13
CUST-034649,100757.44,22
CUST-034650,65491.72,44
CUST-034651,41404.95,59
CUST-034652,169023.48,0
CUST-034653,11423.98,35
CUST-034654,154932.9,27
CUST-034655,35104.09,0
CUST-034656,28738.22,10
CUST-034657,128758.03,47
CUST-034659,84537.85,17
CUST-034661,60126.77,59
CUST-034662,33170.66,7
CUST-034663,79325.68,17
CUST-034664,60906.73,35
CUST-034665,70069.58,33
CUST-034666,55483.2,56
CUST-034667,3161.03,7
CUST-034669,38155.81,7
CUST-034670,32641.78,40
CUST-034671,121806.97,34
CUST-034672,49178.11,6
CUST-034673,60547.72,5
CUST-034674,26360.16,12
CUST-034675,100496.25,0
CUST-034676,49506.79,23
CUST-034677,17597.26,26
CUST-034678,28497.65,16
CUST-034679,136636.61,35
CUST-034680,19386.36,26
CUST-034682,91752.22,45
CUST-034683,37001.27,0
CUST-034684,4491.94,77
CUST-034685,4778.14,55
CUST-034686,18250.43,12
CUST-034687,203674.24,35
CUST-034688,100705.14,0
CUST-034689,1627.93,18
CUST-034690,7376.41,39
CUST-034693,71053.94,58
CUST-034694,41815.12,30
CUST-034696,123115.95,10
CUST-034697,129931.13,7
CUST-034699,28507.92,29
CUST-034700,33003.1,0
CUST-034701,11557.13,24
CUST-034702,7766.68,28
CUST-034703,102732.45,38
CUST-034704,72877.8,23
CUST-034705,53471.63,25
CUST-034706,20732.76,37
CUST-034707,45821.28,36
CUST-034708,125738.42,7
CUST-034709,10315.44,65
CUST-034711,133311.04,22
CUST-034712,3091.64,45
CUST-034713,230642.36,36
CUST-034715,92190.83,30
CUST-034716,38738.29,36
CUST-034717,92065.63,42
CUST-034718,736.42,50
CUST-034719,130587.28,28
CUST-034721,98469.08,0
CUST-034722,45984.19,17
CUST-034723,20416.26,0
CUST-034724,145846.96,43
CUST-034725,137238.58,15
CUST-034726,33286.1,45
CUST-034728,48041.39,18
CUST-034729,21651.57,5
CUST-034730,46165.63,33
CUST-034731,101927.91,33
CUST-034732,45356.43,17
CUST-034733,24642.5,26
CUST-034734,88819.17,67
CUST-034736,25852.12,11
CUST-034738,195081.13,13
CUST-034739,12983.27,12
CUST-034740,18972.4,36
CUST-034741,62.74,51
CUST-034742,10022.46,31
CUST-034743,7206.75,65
CUST-034744,4235.62,50
CUST-034745,65061.79,72
CUST-034746,25858.86,15
CUST-034748,31697.1,9
CUST-034749,31818.91,39
CUST-034751,491.08,1
CUST-034752,99130.7,38
CUST-034754,182909.81,0
CUST-034755,60877.7,34
CUST-034757,33114.01,15
CUST-034759,135489.7,8
CUST-034761,77263.55,33
CUST-034762,159246.52,25
CUST-034763,5438.95,22
CUST-034764,47776.13,49
CUST-034765,5252.91,22
CUST-034766,13199.33,42
CUST-034767,36353.0,17
CUST-034769,55379.74,42
CUST-034771,10553.64,23
CUST-034772,78558.1,47
CUST-034773,4647.42,0
CUST-034774,43926.29,8
CUST-034775,6492.21,21
CUST-034776,159149.04,38
CUST-034777,154090.36,21
CUST-034778,74275.32,20
CUST-034779,140094.68,40
CUST-034780,1031.6,30
CUST-034781,35766.75,52
CUST-034782,13025.87,12
CUST-034783,34991.26,2
CUST-034784,16601.14,16
CUST-034785,47976.84,34
CUST-034786,19470.09,33
CUST-034787,8745.04,11
CUST-034788,25861.65,5
CUST-034789,17369.73,46
CUST-034791,183498.04,45
CUST-034793,115585.96,37
CUST-034794,56829.5,24
CUST-034795,67152.35,55
CUST-034796,36120.31,50
CUST-034798,136144.52,0
CUST-034801,77344.71,50
CUST-034802,33309.6,30
CUST-034803,37441.63,25
CUST-034804,1669.51,82
CUST-034805,1176.51,0
CUST-034806,69902.04,55
CUST-034807,33960.66,61
CUST-034808,108648.27,4
CUST-034809,30537.95,20
CUST-034810,9536.24,20
CUST-034811,115746.41,6
CUST-034812,72646.45,48
CUST-034813,24258.69,39
CUST-034814,34974.3,42
CUST-034815,118605.84,0
CUST-034816,28837.03,48
CUST-034817,175796.7,20
CUST-034818,94897.43,1
CUST-034819,35021.37,19
CUST-034820,10958.52,1
CUST-034821,111596.12,48
CUST-034823,98458.67,27
CUST-034824,42664.97,10
CUST-034827,38337.94,34
CUST-034828,30966.81,24
CUST-034829,102286.99,22
CUST-034831,84919.48,44
CUST-034832,110348.76,45
CUST-034833,201866.46,0
CUST-034834,60835.74,9
CUST-034836,9862.41,15
CUST-034837,81434.39,18
CUST-034838,7922.05,34
CUST-034839,26617.72,33
CUST-034840,100412.61,18
CUST-034841,22862.66,44
CUST-034842,50793.99,24
CUST-034843,74873.94,7
CUST-034844,29460.31,35
CUST-034845,9966.39,15
CUST-034847,45564.76,22
CUST-034849,9077.08,13
CUST-034850,13615.87,35
CUST-034851,49184.0,26
CUST-034852,35666.37,0
CUST-034853,11369.67,10
CUST-034854,242688.37,19
CUST-034857,104963.44,24
CUST-034860,98318.35,38
CUST-034861,84638.38,49
CUST-034863,67010.01,42
CUST-034864,49875.52,30
CUST-034865,2497.63,20
CUST-034866,168524.03,30
CUST-034867,3989.63,22
CUST-034868,30350.6,27
CUST-034869,47074.37,8
CUST-034870,24322.05,22
CUST-034872,13459.79,4
CUST-034873,181066.65,5
CUST-034874,6940.28,26
CUST-034875,72350.2,16
CUST-034876,27621.02,17
CUST-034877,216882.42,9
CUST-034878,122570.88,42
CUST-034879,18935.04,2
CUST-034880,657.06,25
CUST-034881,13980.59,4
CUST-034882,65804.34,16
CUST-034885,39633.71,32
CUST-034887,138706.44,38
CUST-034888,60504.51,22
CUST-034889,3839.62,40
CUST-034890,30742.28,34
CUST-034891,16195.17,0
CUST-034893,20504.88,34
CUST-034894,11893.29,0
CUST-034896,89847.16,0
CUST-034898,45220.68,50
CUST-034899,10786.67,24
CUST-034900,83741.7,43
CUST-034901,6669.39,7
CUST-034902,142650.29,20
CUST-034904,141074.61,24
CUST-034905,21049.11,0
CUST-034906,266377.28,46
CUST-034908,9367.29,5
CUST-034909,29655.98,29
CUST-034910,8297.0,63
CUST-034911,36617.9,37
CUST-034912,33704.16,41
CUST-034913,20849.21,10
CUST-034915,64177.0,48
CUST-034917,3937.1,0
CUST-034918,41282.98,28
CUST-034919,73567.92,25
CUST-034920,1003.31,0
CUST-034923,186877.74,24
CUST-034924,169789.32,55
CUST-034925,10786.71,49
CUST-034926,39801.91,24
CUST-034927,108052.0,27
CUST-034929,32789.48,12
CUST-034930,50915.6,46
CUST-034933,8740.36,50
CUST-034934,69253.82,0
CUST-034935,104541.05,49
CUST-034936,59967.01,43
CUST-034937,151466.97,39
CUST-034938,5248.55,0
CUST-034939,24343.24,6
CUST-034942,17328.22,31
CUST-034943,56622.09,0
CUST-034944,186517.67,9
CUST-034945,56693.71,50
CUST-034946,25090.74,0
CUST-034947,21144.64,0
CUST-034948,8868.45,33
CUST-034949,134418.9,5
CUST-034950,7571.34,43
CUST-034951,64606.51,64
CUST-034952,119363.97,18
CUST-034953,74814.69,25
CUST-034954,135104.03,33
CUST-034955,1096.38,45
CUST-034956,125894.29,38
CUST-034957,231595.48,19
CUST-034958,26515.51,47
CUST-034959,3108.42,35
CUST-034960,65095.84,49
CUST-034961,86912.64,0
CUST-034962,222643.98,19
CUST-034965,59475.47,16
CUST-034967,41982.57,32
CUST-034968,11304.78,8
CUST-034969,17029.95,35
CUST-034971,4839.67,19
CUST-034972,5928.53,34
CUST-034973,133569.29,47
CUST-034974,18136.5,21
CUST-034975,14526.33,12
CUST-034978,120335.63,24
CUST-034979,152608.88,27
CUST-034980,36638.92,29
CUST-034981,96330.6,32
CUST-034982,4436.81,8
CUST-034985,77743.72,4
CUST-034987,75580.43,36
CUST-034988,45461.32,50
CUST-034989,53119.82,29
CUST-034990,37258.62,12
CUST-034991,78461.61,25
CUST-034993,40849.86,35
CUST-034994,657.86,38
CUST-034995,9535.49,9
CUST-034997,10761.25,43
CUST-034998,62955.17,19
CUST-034999,12641.35,29
CUST-035000,67548.15,9
CUST-035001,51020.73,43
CUST-035002,36879.45,24
CUST-035004,66595.22,4
CUST-035005,8867.09,48
CUST-035006,99679.49,6
CUST-035007,82072.26,47
CUST-035008,5993.42,5
CUST-035009,80562.46,24
CUST-035011,56734.79,25
CUST-035012,16207.28,13
CUST-035013,26640.35,46
CUST-035014,149803.54,48
CUST-035015,59826.1,25
CUST-035016,12881.44,15
CUST-035017,98168.88,40
CUST-035018,171200.13,11
CUST-035019,7226.05,37
CUST-035020,43439.17,10
CUST-035021,43284.81,38
CUST-035024,38050.76,50
CUST-035025,128393.77,19
CUST-035026,23085.27,21
CUST-035028,1906.04,50
CUST-035029,33974.06,2
CUST-035030,27565.73,0
CUST-035031,20016.09,23
CUST-035032,100152.5,29
CUST-035035,4516.22,19
CUST-035036,70447.67,48
CUST-035037,15924.24,48
CUST-035039,59532.32,34
CUST-035040,1707.11,53
CUST-035041,11726.49,66
CUST-035044,54095.74,11
CUST-035045,2756.71,32
CUST-035046,14618.01,11
CUST-035047,80048.31,23
CUST-035049,30359.38,72
CUST-035050,47978.17,26
CUST-035051,22231.51,10
CUST-035052,12157.56,21
CUST-035053,110618.07,78
CUST-035054,67660.44,43
CUST-035055,6281.64,45
CUST-035056,3229.04,12
CUST-035058,32032.39,13
CUST-035060,78247.08,7
CUST-035061,3553.99,21
CUST-035063,43868.4,79
CUST-035064,93316.59,27
CUST-035065,47256.95,35
CUST-035067,57876.64,4
CUST-035068,5321.59,36
CUST-035069,15820.07,44
CUST-035070,48564.13,0
CUST-035071,12366.36,38
CUST-035073,71727.55,20
CUST-035074,50586.72,30
CUST-035077,67489.12,47
CUST-035078,35564.75,71
CUST-035079,156920.68,6
CUST-035080,166822.06,19
CUST-035081,22021.0,54
CUST-035082,138782.08,14
CUST-035083,83993.27,69
CUST-035085,10272.52,0
CUST-035086,4351.2,24
CUST-035087,7181.54,54
CUST-035089,40288.51,45
CUST-035090,22189.17,22
CUST-035091,51995.36,41
CUST-035092,40128.4,12
CUST-035093,37593.37,25
CUST-035094,121071.24,25
CUST-035096,12386.32,50
CUST-035097,55730.22,14
CUST-035098,49498.92,46
CUST-035099,134690.19,18
CUST-035100,5601.27,74
CUST-035101,54886.29,22
CUST-035103,3178.86,9
CUST-035104,51973.82,10
CUST-035106,100478.93,34
CUST-035107,19226.88,9
CUST-035108,224540.43,60
CUST-035110,8947.72,47
CUST-035111,81058.05,55
CUST-035112,105065.23,6
CUST-035113,38779.84,17
CUST-035114,116907.28,9
CUST-035115,50918.03,32
CUST-035117,20363.46,17
CUST-035118,97727.44,55
CUST-035119,16447.19,39
CUST-035121,133229.37,59
CUST-035122,75903.56,28
CUST-035123,71011.24,34
CUST-035124,41693.49,25
CUST-035125,101021.21,29
CUST-035126,72234.77,31
CUST-035127,6065.01,0
CUST-035128,3614.19,0
CUST-035129,9095.93,9
CUST-035131,24874.4,41
CUST-035132,31949.83,40
CUST-035133,5253.97,2
CUST-035134,14726.15,39
CUST-035135,34254.46,8
CUST-035136,111557.11,19
CUST-035137,2656.63,25
CUST-035139,34481.29,29
CUST-035140,28884.98,27
CUST-035141,36274.33,33
CUST-035142,2576.98,6
CUST-035143,58576.65,54
CUST-035145,94671.33,70
CUST-035146,84445.15,23
CUST-035147,100585.13,50
CUST-035151,8566.24,21
CUST-035153,11521.54,33
CUST-035154,18496.88,24
CUST-035155,59405.4,5
CUST-035156,852.47,0
CUST-035157,4720.31,45
CUST-035158,13043.16,0
CUST-035159,13686.21,44
CUST-035161,95142.78,49
CUST-035162,53648.24,80
CUST-035163,56996.13,13
CUST-035164,97370.87,32
CUST-035165,6552.32,37
CUST-035166,68880.94,31
CUST-035168,112530.54,17
CUST-035169,10094.0,44
CUST-035170,85884.98,21
CUST-035171,116013.88,24
CUST-035172,144632.03,33
CUST-035174,314.06,16
CUST-035175,2530.05,29
CUST-035176,63506.91,19
CUST-035178,4128.91,30
CUST-035179,113222.52,7
CUST-035180,120955.0,15
CUST-035181,31364.49,38
CUST-035182,106025.64,8
CUST-035184,51861.81,53
CUST-035185,19716.08,34
CUST-035186,96696.7,35
CUST-035187,11089.61,9
CUST-035188,544.2,27
CUST-035189,109279.81,35
CUST-035190,85319.8,0
CUST-035191,28725.93,7
CUST-035192,16162.88,0
CUST-035193,2007.66,23
CUST-035194,111841.48,40
CUST-035196,7101.39,58
CUST-035197,19587.55,40
CUST-035199,3500.23,0
CUST-035200,86479.55,34
CUST-035201,13468.44,35
CUST-035202,254897.47,18
CUST-035204,17907.96,47
CUST-035206,22358.33,20
CUST-035207,80276.24,40
CUST-035208,165213.73,12
CUST-035209,54735.56,43
CUST-035210,35656.09,5
CUST-035212,25094.9,20
CUST-035213,86691.03,1
CUST-035214,12392.37,47
CUST-035215,151026.99,58
CUST-035216,27290.12,16
CUST-035217,1299.04,28
CUST-035218,37699.34,30
CUST-035220,25262.66,33
CUST-035222,135726.17,48
CUST-035223,42227.48,5
CUST-035224,50117.87,50
CUST-035225,6114.13,19
CUST-035226,84522.02,21
CUST-035227,81762.01,49
CUST-035228,189520.49,0
CUST-035229,16338.53,30
CUST-035230,85114.59,38
CUST-035231,66081.4,22
CUST-035232,93650.72,43
CUST-035233,0.0,42
CUST-035234,35616.07,12
CUST-035235,3171.2,22
CUST-035237,101571.91,25
CUST-035238,9077.88,39
CUST-035240,17993.62,23
CUST-035241,27824.14,23
CUST-035242,129359.13,0
CUST-035243,90145.1,17
CUST-035244,28088.09,41
CUST-035246,42598.57,36
CUST-035248,9677.14,33
CUST-035252,43094.98,2
CUST-035253,16250.13,16
CUST-035254,17796.4,61
CUST-035255,31832.67,26
CUST-035256,70826.01,20
CUST-035257,11375.86,16
CUST-035258,82505.41,10
CUST-035259,28453.8,35
CUST-035260,4324.5,31
CUST-035261,29879.44,40
CUST-035262,51518.31,44
CUST-035263,177354.28,28
CUST-035265,105693.97,40
CUST-035266,78449.54,59
CUST-035267,61886.63,18
CUST-035269,55381.63,39
CUST-035270,46214.74,53
CUST-035271,45798.49,42
CUST-035272,83743.6,10
CUST-035273,104761.05,20
CUST-035274,5701.11,2
CUST-035276,110365.25,39
CUST-035278,30867.06,7
CUST-035279,12866.39,0
CUST-035281,62972.58,3
CUST-035282,115325.19,32
CUST-035283,14479.8,0
CUST-035284,9259.28,48
CUST-035285,23940.74,46
CUST-035286,125577.98,49
CUST-035287,71503.6,16
CUST-035288,138322.29,59
CUST-035289,147403.89,17
CUST-035290,68820.6,0
CUST-035291,162419.5,15
CUST-035292,182655.71,40
CUST-035293,97545.26,8
CUST-035294,1807.27,0
CUST-035295,43095.9,74
CUST-035296,1725.72,21
CUST-035297,52515.41,18
CUST-035298,38529.06,31
CUST-035299,26995.04,8
CUST-035300,116176.58,34
CUST-035302,12455.59,34
CUST-035304,50373.87,30
CUST-035305,140003.77,73
CUST-035307,27354.83,23
CUST-035308,36041.33,22
CUST-035310,1801.84,20
CUST-035311,68534.31,15
CUST-035312,97037.94,10
CUST-035313,99783.95,8
CUST-035315,9234.12,30
CUST-035316,9717.11,13
CUST-035319,79095.1,49
CUST-035320,41977.99,1
CUST-035321,270.37,5
CUST-035322,1857.88,19
CUST-035323,38773.09,31
CUST-035324,9182.11,44
CUST-035325,35864.25,77
CUST-035326,39059.31,11
CUST-035327,87925.67,29
CUST-035328,17045.6,58
CUST-035329,111169.16,8
CUST-035331,33813.07,8
CUST-035332,1693.47,44
CUST-035334,203316.0,47
CUST-035335,6021.72,18
CUST-035336,149948.97,19
CUST-035337,5259.96,53
CUST-035338,28325.41,10
CUST-035339,25516.14,33
CUST-035340,125184.46,0
CUST-035341,90426.22,13
CUST-035342,5090.51,20
CUST-035343,5993.2,23
CUST-035344,2359.85,11
CUST-035345,20113.08,59
CUST-035346,6727.1,50
CUST-035347,123902.04,35
CUST-035348,61011.62,40
CUST-035349,1152.38,19
CUST-035350,101394.28,37
CUST-035355,1711.42,42
CUST-035356,96829.4,55
CUST-035357,36604.39,72
CUST-035358,174797.57,17
CUST-035359,102050.24,52
CUST-035360,48710.28,16
CUST-035361,19398.38,35
CUST-035362,2270.09,2
CUST-035363,33764.9,46
CUST-035365,178427.58,41
CUST-035366,39635.99,33
CUST-035368,26935.31,0
CUST-035369,42066.44,26
CUST-035370,37866.48,75
CUST-035371,20795.67,42
CUST-035372,21715.09,9
CUST-035373,27158.86,17
CUST-035375,247619.46,21
CUST-035376,9342.34,13
CUST-035377,11823.74,0
CUST-035378,22237.74,59
CUST-035379,18907.67,46
CUST-035380,39950.42,35
CUST-035381,172894.83,34
CUST-035382,89627.75,19
CUST-035383,16745.56,23
CUST-035384,6171.86,24
CUST-035385,6794.91,15
CUST-035387,20829.25,6
CUST-035389,146704.21,1
CUST-035390,170027.87,27
CUST-035391,589.9,51
CUST-035392,23700.44,48
CUST-035393,11318.68,38
CUST-035394,17314.7,65
CUST-035395,6460.96,2
CUST-035396,131696.99,0
CUST-035397,23124.69,0
CUST-035398,29153.06,32
CUST-035399,37017.26,48
CUST-035400,32798.69,4
CUST-035401,2484.96,6
CUST-035402,8775.16,55
CUST-035403,2610.98,35
CUST-035404,2023.7,19
CUST-035405,13719.04,21
CUST-035406,1619.7,5
CUST-035408,89126.1,21
CUST-035409,80383.83,50
CUST-035410,13846.94,0
CUST-035411,21770.04,2
CUST-035412,6972.26,49
CUST-035415,82689.8,0
CUST-035417,3109.03,20
CUST-035418,32048.3,23
CUST-035419,17575.52,42
CUST-035421,24827.15,10
CUST-035422,72093.52,20
CUST-035423,32942.84,45
CUST-035424,1762.94,33
CUST-035425,95628.73,0
CUST-035426,121025.37,20
CUST-035427,40090.32,46
CUST-035428,42285.91,19
CUST-035429,39924.45,0
CUST-035431,3580.92,6
CUST-035432,9932.1,15
CUST-035434,18246.27,15
CUST-035435,172798.68,58
CUST-035436,12980.18,44
CUST-035437,10766.08,30
CUST-035439,8466.87,25
CUST-035440,44003.18,30
CUST-035441,3718.71,84
CUST-035442,117086.83,42
CUST-035443,76012.87,34
CUST-035444,93764.01,35
CUST-035445,92093.75,6
CUST-035446,19875.62,18
CUST-035447,23280.99,21
CUST-035448,87899.62,31
CUST-035450,19829.65,0
CUST-035451,24468.66,0
CUST-035452,6017.41,17
CUST-035453,46603.91,9
CUST-035454,11858.55,43
CUST-035455,11089.97,75
CUST-035456,34960.22,20
CUST-035457,8961.41,9
CUST-035458,31501.25,0
CUST-035460,223137.78,5
CUST-035462,128019.09,4
CUST-035464,47189.23,27
CUST-035465,150490.08,17
CUST-035466,16902.84,63
CUST-035467,33545.73,9
CUST-035468,314.36,54
CUST-035469,89420.95,33
CUST-035470,42064.1,15
CUST-035471,22929.3,18
CUST-035472,26462.71,59
CUST-035473,16324.44,53
CUST-035475,8728.61,27
CUST-035476,71173.31,4
CUST-035477,29137.82,58
CUST-035478,7048.71,29
CUST-035480,9037.35,1
CUST-035482,24579.49,5
CUST-035483,5900.09,26
CUST-035484,125959.51,51
CUST-035485,81085.54,0
CUST-035486,55381.68,6
CUST-035488,54864.58,3
CUST-035489,18407.44,26
CUST-035490,25576.25,27
CUST-035491,20487.8,22
CUST-035494,5014.02,3
CUST-035498,66517.81,7
CUST-035501,27012.92,71
CUST-035502,110410.91,26
CUST-035503,66313.99,38
CUST-035504,32230.82,7
CUST-035505,169575.04,25
CUST-035507,159601.92,36
CUST-035508,61019.26,10
CUST-035510,155793.78,34
CUST-035511,138823.25,15
CUST-035512,92410.67,0
CUST-035513,25090.97,23
CUST-035515,120813.98,25
CUST-035516,43994.53,5
CUST-035517,56424.99,12
CUST-035518,118471.87,41
CUST-035519,660.25,15
CUST-035520,84350.14,20
CUST-035521,65351.11,14
CUST-035522,72185.78,85
CUST-035523,7372.4,32
CUST-035524,45191.98,47
CUST-035525,31982.45,0
CUST-035526,60395.34,0
CUST-035527,4896.93,0
CUST-035529,17671.22,0
CUST-035530,144509.78,32
CUST-035531,50624.75,21
CUST-035532,24230.19,5
CUST-035534,29059.59,21
CUST-035535,31019.75,10
CUST-035537,10191.97,8
CUST-035538,163787.91,15
CUST-035539,64782.89,0
CUST-035542,14338.07,15
CUST-035544,40908.69,41
CUST-035545,146923.44,6
CUST-035546,138295.41,33
CUST-035548,142960.23,29
CUST-035549,21785.5,0
CUST-035551,104749.99,7
CUST-035552,94257.56,0
CUST-035554,25969.53,46
CUST-035555,38899.29,21
CUST-035556,1422.54,37
CUST-035557,21068.61,23
CUST-035559,5707.41,19
CUST-035560,659.77,41
CUST-035561,6816.23,34
CUST-035562,2102.54,60
CUST-035563,31953.92,39
CUST-035564,232728.87,18
CUST-035565,185879.43,22
CUST-035566,22852.93,46
CUST-035567,95975.9,13
CUST-035569,122257.26,31
CUST-035571,22312.21,46
CUST-035574,42627.39,52
CUST-035576,54075.03,20
CUST-035578,146944.5,13
CUST-035580,120286.23,35
CUST-035582,12278.27,30
CUST-035583,21365.44,37
CUST-035584,104882.92,5
CUST-035585,18911.92,47
CUST-035586,2416.2,30
CUST-035587,124642.82,8
CUST-035588,159964.12,5
CUST-035589,54716.34,37
CUST-035590,34047.33,4
CUST-035591,94849.94,50
CUST-035592,26476.27,57
CUST-035593,19252.25,45
CUST-035594,109032.73,27
CUST-035595,29601.58,38
CUST-035596,69396.81,0
CUST-035597,29141.74,6
CUST-035598,5989.63,24
CUST-035599,4512.75,0
CUST-035600,6345.27,10
CUST-035603,40877.5,19
CUST-035604,171380.64,24
CUST-035605,203940.87,31
CUST-035606,2337.85,21
CUST-035607,67577.92,10
CUST-035609,64446.47,0
CUST-035611,53817.02,33
CUST-035612,20839.19,50
CUST-035613,4949.39,25
CUST-035614,41878.52,42
CUST-035615,32564.6,0
CUST-035616,112491.89,24
CUST-035617,11450.63,43
CUST-035618,14116.08,9
CUST-035619,8910.96,0
CUST-035623,126109.45,30
CUST-035624,55205.84,28
CUST-035625,158626.39,0
CUST-035626,55545.55,35
CUST-035627,130665.96,1
CUST-035629,48605.79,5
CUST-035630,8231.86,0
CUST-035632,18697.52,21
CUST-035633,18706.25,50
CUST-035635,11216.21,35
CUST-035636,4719.91,22
CUST-035637,121195.62,36
CUST-035638,44954.26,30
CUST-035639,75220.96,33
CUST-035640,89188.84,38
CUST-035641,25728.29,1
CUST-035642,3100.5,15
CUST-035644,16877.75,28
CUST-035646,102031.93,16
CUST-035647,85694.93,9
CUST-035649,25338.53,10
CUST-035650,17837.72,1
CUST-035651,81892.92,37
CUST-035652,140507.46,23
CUST-035653,101209.23,65
CUST-035654,127357.33,37
CUST-035655,5101.31,52
CUST-035656,8803.86,0
CUST-035657,179190.79,41
CUST-035658,40733.28,22
CUST-035659,16283.5,0
CUST-035660,162444.9,23
CUST-035661,58276.31,8
CUST-035662,33111.96,14
CUST-035663,171439.57,7
CUST-035664,45028.81,21
CUST-035667,24933.69,30
CUST-035668,10788.49,7
CUST-035669,66823.52,39
CUST-035671,122899.15,9
CUST-035672,60067.86,55
CUST-035673,16006.97,23
CUST-035674,58079.55,33
CUST-035676,130195.16,9
CUST-035677,18918.0,6
CUST-035678,134840.98,22
CUST-035680,32691.05,37
CUST-035681,5608.78,49
CUST-035682,100024.22,27
CUST-035683,4270.03,45
CUST-035684,50696.84,7
CUST-035685,26263.95,0
CUST-035686,35256.26,64
CUST-035687,42262.51,46
CUST-035688,76488.31,24
CUST-035691,27529.74,5
CUST-035693,80435.59,45
CUST-035694,199.85,26
CUST-035695,4505.35,20
CUST-035696,19596.92,35
CUST-035697,51144.09,49
CUST-035698,14690.74,47
CUST-035699,149670.3,36
CUST-035700,26543.95,25
CUST-035701,46759.38,13
CUST-035702,19308.02,48
CUST-035703,118049.34,1
CUST-035704,1331.98,12
CUST-035705,19414.51,33
CUST-035707,25358.19,34
CUST-035708,128488.19,41
CUST-035709,27266.32,18
CUST-035710,23764.73,21
CUST-035711,7362.56,24
CUST-035712,69959.48,0
CUST-035713,49713.19,42
CUST-035714,40369.52,1
CUST-035715,2836.19,28
CUST-035717,90660.92,12
CUST-035718,152281.51,23
CUST-035719,5078.34,46
CUST-035722,62654.94,0
CUST-035723,45342.27,27
CUST-035724,1943.49,25
CUST-035725,13696.97,5
CUST-035726,41828.63,29
CUST-035727,3988.23,27
CUST-035728,14648.94,48
CUST-035729,6417.29,88
CUST-035730,113197.12,22
CUST-035732,11147.61,31
CUST-035733,93827.54,22
CUST-035734,1961.0,36
CUST-035735,94377.24,0
CUST-035736,60824.53,23
CUST-035738,38345.96,40
CUST-035739,13910.25,23
CUST-035740,71420.27,40
CUST-035741,123538.74,16
CUST-035742,55093.27,3
CUST-035743,90838.99,70
CUST-035744,81333.88,46
CUST-035745,16603.59,0
CUST-035746,127680.84,60
CUST-035747,23325.0,0
CUST-035748,139103.51,34
CUST-035749,15588.93,36
CUST-035750,0.0,43
CUST-035751,8879.16,10
CUST-035753,751.5,64
CUST-035754,89521.45,29
CUST-035755,15199.98,9
CUST-035756,85947.39,0
CUST-035757,51381.7,56
CUST-035758,105169.2,20
CUST-035759,37872.85,6
CUST-035761,30754.51,15
CUST-035762,14841.58,0
CUST-035766,33494.54,12
CUST-035767,148746.01,20
CUST-035768,81782.57,3
CUST-035769,104155.21,0
CUST-035770,18434.07,39
CUST-035771,29726.53,0
CUST-035772,6141.92,46
CUST-035773,16302.05,32
CUST-035774,38158.3,23
CUST-035775,43097.92,0
CUST-035776,164918.77,48
CUST-035777,66182.1,48
CUST-035778,1505.36,13
CUST-035783,1169.4,70
CUST-035784,27729.33,19
CUST-035785,42442.32,0
CUST-035786,69799.91,19
CUST-035787,104381.52,16
CUST-035788,57334.62,26
CUST-035789,60155.7,32
CUST-035790,3592.99,55
CUST-035791,9071.58,33
CUST-035792,60255.78,0
CUST-035793,130547.43,0
CUST-035794,65463.9,5
CUST-035795,3404.99,6
CUST-035796,140893.03,23
CUST-035797,61262.36,9
CUST-035798,91608.75,32
CUST-035799,2358.02,14
CUST-035800,79300.11,40
CUST-035801,173724.96,25
CUST-035802,7082.26,16
CUST-035803,7983.42,20
CUST-035804,19158.22,0
CUST-035805,24396.27,19
CUST-035806,119865.49,19
CUST-035807,70552.17,35
CUST-035809,81314.69,5
CUST-035810,15797.35,74
CUST-035811,8972.11,31
CUST-035813,69015.21,37
CUST-035815,46539.63,34
CUST-035816,60995.91,39
CUST-035817,24880.58,58
CUST-035819,12906.05,41
CUST-035821,17510.02,16
CUST-035822,18149.15,34
CUST-035823,39038.21,0
CUST-035824,23426.25,19
CUST-035826,15969.31,21
CUST-035827,13901.54,53
CUST-035828,13415.85,0
CUST-035829,7497.26,14
CUST-035830,29627.79,0
CUST-035831,172789.41,41
CUST-035833,55920.27,36
CUST-035835,107254.64,13
CUST-035836,24203.45,64
CUST-035837,67001.02,5
CUST-035838,37010.35,25
CUST-035839,68634.14,41
CUST-035841,131531.56,0
CUST-035842,25615.74,0
CUST-035843,43509.19,5
CUST-035844,29199.38,35
CUST-035845,134951.69,8
CUST-035846,81654.67,16
CUST-035848,64174.66,37
CUST-035850,54802.69,21
CUST-035851,76960.59,41
CUST-035852,152732.11,34
CUST-035854,40531.84,16
CUST-035855,63429.09,19
CUST-035856,23308.21,43
CUST-035857,11396.66,8
CUST-035858,151750.48,28
CUST-035860,92843.84,9
CUST-035863,18650.52,0
CUST-035864,113711.28,70
CUST-035865,73615.42,0
CUST-035866,64957.66,14
CUST-035868,11367.68,6
CUST-035869,17101.48,0
CUST-035870,53993.53,27
CUST-035872,12454.57,63
CUST-035873,204275.61,35
CUST-035874,140173.95,46
CUST-035875,104942.83,11
CUST-035877,9123.09,17
CUST-035878,84885.52,8
CUST-035879,26787.29,17
CUST-035880,140913.09,40
CUST-035881,6820.2,30
CUST-035882,33403.6,48
CUST-035883,113162.8,28
CUST-035884,3877.15,38
CUST-035886,151953.01,20
CUST-035887,17909.01,30
CUST-035888,30172.51,33
CUST-035889,13571.1,64
CUST-035890,111497.62,15
CUST-035891,99144.24,34
CUST-035892,260383.17,6
CUST-035893,147659.19,14
CUST-035894,1266.7,38
CUST-035895,93345.1,63
CUST-035896,60976.21,44
CUST-035898,72945.41,17
CUST-035899,144335.57,12
CUST-035900,43728.09,48
CUST-035901,7089.58,22
CUST-035902,5761.61,54
CUST-035904,16279.87,0
CUST-035905,29445.39,5
CUST-035906,99836.25,33
CUST-035909,4632.44,8
CUST-035910,76925.29,18
CUST-035912,11510.2,23
CUST-035913,28880.74,50
CUST-035914,2601.56,19
CUST-035915,37887.61,8
CUST-035916,35855.8,0
CUST-035917,6002.78,44
CUST-035918,120727.64,28
CUST-035919,192310.2,42
CUST-035920,11420.08,22
CUST-035921,33456.83,6
CUST-035922,67825.83,34
CUST-035923,53047.48,62
CUST-035924,73870.23,48
CUST-035925,52015.39,31
CUST-035926,63857.16,31
CUST-035927,0.0,51
CUST-035929,41282.16,8
CUST-035930,16653.21,26
CUST-035931,44310.32,41
CUST-035932,80705.36,20
CUST-035933,122255.07,5
CUST-035934,10100.72,9
CUST-035935,88454.27,0
CUST-035936,53901.95,36
CUST-035937,18239.5,15
CUST-035938,43531.58,48
CUST-035939,1482.97,12
CUST-035940,40496.73,22
CUST-035941,35225.8,20
CUST-035942,32002.31,6
CUST-035944,84812.83,0
CUST-035945,173691.04,7
CUST-035946,60409.12,11
CUST-035947,52270.95,0
CUST-035948,108225.59,7
CUST-035949,27709.34,48
CUST-035950,59737.5,8
CUST-035951,49913.68,3
CUST-035952,51159.37,27
CUST-035953,37493.94,6
CUST-035954,84699.12,10
CUST-035955,1694.61,43
CUST-035957,121724.35,40
CUST-035958,68362.29,30
CUST-035959,76773.37,15
CUST-035960,59538.48,26
CUST-035961,107465.69,64
CUST-035962,10574.61,0
CUST-035964,207119.52,31
CUST-035966,3353.79,37
CUST-035967,23916.37,0
CUST-035968,646.75,49
CUST-035970,23426.25,34
CUST-035971,98397.22,0
CUST-035972,60195.43,23
CUST-035974,23417.6,9
CUST-035977,9076.75,7
CUST-035978,143284.06,26
CUST-035979,97907.1,8
CUST-035982,190355.99,53
CUST-035984,120579.79,51
CUST-035985,5106.45,22
CUST-035986,60339.57,15
CUST-035987,114914.82,14
CUST-035988,73869.77,65
CUST-035989,3377.51,20
CUST-035990,27627.9,65
CUST-035991,11286.08,58
CUST-035993,75332.33,37
CUST-035994,27591.16,48
CUST-035995,167044.68,18
CUST-035996,17717.3,25
CUST-035997,117333.1,10
CUST-035998,75762.65,0
CUST-035999,93252.69,0
CUST-036000,112293.51,49
CUST-036001,19463.75,7
CUST-036002,206247.28,9
CUST-036003,4039.98,44
CUST-036006,31735.08,1
CUST-036007,17445.64,24
CUST-036008,15377.35,43
CUST-036009,142186.99,8
CUST-036010,74799.74,43
CUST-036011,39864.43,19
CUST-036012,219899.34,8
CUST-036014,132162.94,30
CUST-036015,3158.75,23
CUST-036016,13722.62,20
CUST-036017,58749.15,28
CUST-036018,145434.12,6
CUST-036019,86768.75,48
CUST-036020,40300.92,15
CUST-036021,66445.9,10
CUST-036022,39516.85,53
CUST-036023,181337.68,48
CUST-036024,212.29,65
CUST-036025,111304.43,0
CUST-036026,12480.46,29
CUST-036027,32998.07,9
CUST-036028,211990.37,23
CUST-036029,28217.15,17
CUST-036031,10520.93,28
CUST-036032,116910.89,47
CUST-036034,16620.67,33
CUST-036035,13148.52,9
CUST-036036,7604.52,10
CUST-036037,101284.44,15
CUST-036038,11179.78,35
CUST-036039,177084.39,10
CUST-036041,22195.54,41
CUST-036042,3426.34,18
CUST-036044,139622.79,61
CUST-036047,2751.88,54
CUST-036048,89634.59,41
CUST-036049,64892.31,5
CUST-036052,5705.32,21
CUST-036054,38676.69,33
CUST-036055,1726.13,49
CUST-036059,142877.87,0
CUST-036060,6679.94,8
CUST-036061,48882.96,45
CUST-036062,14473.18,3
CUST-036063,17065.01,72
CUST-036064,96877.52,25
CUST-036065,232148.94,40
CUST-036066,46504.85,57
CUST-036067,63272.81,37
CUST-036069,110409.08,13
CUST-036070,96870.81,36
CUST-036071,100744.59,25
CUST-036072,69058.13,0
CUST-036075,39415.83,34
CUST-036076,110749.87,60
CUST-036077,13568.63,50
CUST-036078,12491.69,9
CUST-036081,24362.26,39
CUST-036082,610.86,38
CUST-036085,117116.23,26
CUST-036086,18918.0,51
CUST-036088,95392.55,49
CUST-036089,0.0,61
CUST-036090,27577.4,44
CUST-036091,43763.69,21
CUST-036092,53546.1,7
CUST-036094,174101.94,42
CUST-036095,105184.18,34
CUST-036096,27401.44,61
CUST-036098,90129.79,34
CUST-036099,10907.97,6
CUST-036100,36875.44,61
CUST-036101,11336.09,33
CUST-036102,110686.51,23
CUST-036103,137891.0,32
CUST-036104,43206.61,39
CUST-036105,6939.29,49
CUST-036106,91820.11,40
CUST-036107,94324.13,47
CUST-036108,115303.86,45
CUST-036109,18301.88,16
CUST-036110,2534.37,55
CUST-036111,248.34,21
CUST-036112,68614.68,0
CUST-036114,75685.18,63
CUST-036115,3336.79,35
CUST-036116,164.57,59
CUST-036117,85824.14,0
CUST-036118,9527.62,8
CUST-036120,25331.63,38
CUST-036122,6143.6,16
CUST-036124,11518.5,0
CUST-036125,21552.75,36
CUST-036126,28832.06,58
CUST-036127,49041.31,43
CUST-036130,53482.18,63
CUST-036131,21370.45,50
CUST-036132,39556.09,23
CUST-036133,25452.25,18
CUST-036134,48315.08,59
CUST-036135,0.0,76
CUST-036136,70329.04,50
CUST-036137,122973.49,8
CUST-036138,108660.71,46
CUST-036139,6163.9,10
CUST-036140,1849.74,0
CUST-036141,114305.55,53
CUST-036142,130056.59,15
CUST-036143,181886.73,0
CUST-036144,1684.56,22
CUST-036145,5155.62,66
CUST-036146,172855.6,33
CUST-036147,93282.94,24
CUST-036148,229416.56,0
CUST-036149,73135.91,24
CUST-036150,3166.06,53
CUST-036151,112550.99,27
CUST-036152,80360.33,2
CUST-036154,1607.94,67
CUST-036155,10190.37,43
CUST-036156,19215.64,20
CUST-036157,0.0,30
CUST-036158,12838.72,0
CUST-036159,35104.62,32
CUST-036160,114885.55,38
CUST-036161,11968.32,8
CUST-036162,124086.45,33
CUST-036163,2730.89,35
CUST-036164,48943.28,10
CUST-036167,68730.92,5
CUST-036170,7130.41,52
CUST-036172,154148.56,40
CUST-036173,17781.71,6
CUST-036174,67266.56,7
CUST-036175,28640.95,22
CUST-036176,43709.39,13
CUST-036177,122180.91,52
CUST-036178,84064.62,9
CUST-036179,31551.37,10
CUST-036180,14443.76,57
CUST-036182,93543.94,29
CUST-036183,69581.96,0
CUST-036185,59093.64,7
CUST-036186,17574.26,22
CUST-036187,47825.51,39
CUST-036188,7388.84,45
CUST-036189,7267.59,32
CUST-036190,121255.1,50
CUST-036192,37962.61,35
CUST-036193,17564.21,15
CUST-036194,93549.02,49
CUST-036195,107296.82,33
CUST-036196,23917.33,26
CUST-036197,38445.18,31
CUST-036199,180681.1,0
CUST-036200,84895.77,13
CUST-036201,133386.19,57
CUST-036202,104498.43,61
CUST-036203,143969.15,10
CUST-036204,180134.15,41
CUST-036206,16535.88,3
CUST-036209,52390.41,25
CUST-036210,73797.89,0
CUST-036211,21003.09,1
CUST-036213,82897.17,33
CUST-036214,71643.86,15
CUST-036215,255.6,75
CUST-036216,37060.01,0
CUST-036217,63427.28,5
CUST-036218,40816.71,0
CUST-036219,123462.07,19
CUST-036220,24121.73,1
CUST-036221,83105.11,9
CUST-036222,248774.62,55
CUST-036223,18020.74,23
CUST-036224,3762.91,34
CUST-036225,58767.93,5
CUST-036226,69407.97,35
CUST-036227,8835.74,0
CUST-036229,18026.76,23
CUST-036230,22269.97,64
CUST-036234,37676.94,56
CUST-036235,43085.92,19
CUST-036237,79441.76,15
CUST-036238,7537.73,7
CUST-036239,4210.24,6
CUST-036240,0.0,41
CUST-036241,233180.86,11
CUST-036242,70434.87,37
CUST-036244,32196.72,17
CUST-036245,39234.72,10
CUST-036246,48386.21,22
CUST-036247,15928.37,37
CUST-036248,79134.6,23
CUST-036249,7951.89,0
CUST-036250,26541.32,0
CUST-036253,33597.46,33
CUST-036255,138365.37,25
CUST-036256,47522.42,65
CUST-036257,22773.12,38
CUST-036259,60322.93,0
CUST-036260,78383.75,32
CUST-036262,94528.44,7
CUST-036263,100796.23,5
CUST-036264,65868.7,25
CUST-036265,132213.21,33
CUST-036266,94010.66,67
CUST-036269,56077.29,41
CUST-036270,37690.21,33
CUST-036271,12956.36,60
CUST-036273,7425.49,20
CUST-036275,17439.56,37
CUST-036276,70890.12,31
CUST-036277,20928.81,62
CUST-036278,78026.6,18
CUST-036280,80866.2,0
CUST-036281,39299.56,36
CUST-036282,15552.49,32
CUST-036283,320.55,50
CUST-036284,17112.27,0
CUST-036285,30662.86,13
CUST-036287,2510.11,30
CUST-036290,34357.15,90
CUST-036292,25594.91,4
CUST-036293,82802.37,15
CUST-036294,10704.83,31
CUST-036295,33460.25,32
CUST-036296,10377.94,47
CUST-036298,45704.47,24
CUST-036299,25718.95,30
CUST-036301,55952.59,29
CUST-036303,155859.72,18
CUST-036304,101243.7,30
CUST-036305,37496.12,40
CUST-036307,56357.86,29
CUST-036308,34266.18,45
CUST-036309,36836.92,46
CUST-036311,55534.46,0
CUST-036312,70667.13,0
CUST-036313,4201.26,23
CUST-036314,1459.3,26
CUST-036315,35930.37,16
CUST-036316,96270.19,33
CUST-036318,12870.17,34
CUST-036319,41194.07,26
CUST-036320,85376.06,18
CUST-036321,4431.63,28
CUST-036322,163127.07,9
CUST-036323,43848.47,55
CUST-036324,66795.33,49
CUST-036325,83376.13,11
CUST-036327,30849.98,1
CUST-036328,56010.55,46
CUST-036329,27358.03,74
CUST-036331,128812.99,48
CUST-036332,103943.6,20
CUST-036333,59535.47,19
CUST-036334,111521.29,24
CUST-036336,128989.05,10
CUST-036337,134699.19,51
CUST-036338,38216.11,19
CUST-036339,45273.92,0
CUST-036340,139356.56,25
CUST-036341,133553.42,0
CUST-036344,145954.2,36
CUST-036345,37386.77,15
CUST-036348,13894.8,7
CUST-036349,52637.06,4
CUST-036351,127267.89,64
CUST-036352,76248.29,0
CUST-036354,77580.59,18
CUST-036356,90280.98,5
CUST-036357,69003.65,31
CUST-036358,662.18,52
CUST-036359,39206.55,41
CUST-036361,6787.02,30
CUST-036362,15051.22,56
CUST-036363,8230.78,42
CUST-036364,26796.13,35
CUST-036365,39108.76,37
CUST-036366,48627.32,44
CUST-036367,0.0,93
CUST-036368,62999.86,21
CUST-036369,29412.58,48
CUST-036370,51746.84,45
CUST-036371,113212.69,70
CUST-036372,0.0,13
CUST-036373,71708.36,47
CUST-036374,13954.85,11
CUST-036375,45213.91,30
CUST-036376,13616.87,72
CUST-036377,102763.47,32
CUST-036378,10225.82,69
CUST-036379,1155.73,30
CUST-036380,29828.29,0
CUST-036381,1367.21,69
CUST-036382,87986.5,52
CUST-036383,44413.22,9
CUST-036384,46014.61,12
CUST-036385,1130.81,46
CUST-036386,46647.66,25
CUST-036387,51570.25,25
CUST-036388,0.0,68
CUST-036389,10876.5,5
CUST-036390,34698.59,31
CUST-036391,65016.77,25
CUST-036392,6842.62,49
CUST-036393,139353.43,24
CUST-036394,94315.5,43
CUST-036395,12418.78,47
CUST-036396,36296.16,36
CUST-036397,177.98,25
CUST-036398,20784.78,5
CUST-036399,60008.62,23
CUST-036401,138585.27,35
CUST-036402,2633.96,63
CUST-036403,10405.79,16
CUST-036404,16625.53,21
CUST-036405,5473.52,9
CUST-036406,128015.11,50
CUST-036407,117.33,47
CUST-036409,7938.39,7
CUST-036410,39192.52,21
CUST-036411,16345.89,30
CUST-036413,2178.47,0
CUST-036414,87704.38,0
CUST-036416,5552.29,45
CUST-036417,49136.89,43
CUST-036420,11970.93,53
CUST-036422,54002.74,25
CUST-036423,44575.69,0
CUST-036425,29790.81,32
CUST-036426,27211.8,34
CUST-036427,37793.34,20
CUST-036428,82940.94,32
CUST-036429,7717.02,5
CUST-036430,31615.05,24
CUST-036431,154570.49,25
CUST-036432,979.15,46
CUST-036433,10023.41,30
CUST-036434,106093.0,15
CUST-036435,5061.9,24
CUST-036436,26956.37,0
CUST-036439,4553.57,5
CUST-036440,8206.99,43
CUST-036442,89052.77,76
CUST-036443,51540.7,64
CUST-036445,99611.57,15
CUST-036446,13355.84,17
CUST-036447,28511.39,16
CUST-036452,59023.26,21
CUST-036453,61365.85,64
CUST-036454,3052.31,0
CUST-036456,26246.25,11
CUST-036457,33618.93,35
CUST-036458,37133.94,11
CUST-036460,1757.03,41
CUST-036461,140486.46,36
CUST-036462,70893.13,42
CUST-036464,6683.61,61
CUST-036465,3156.44,42
CUST-036467,17211.0,33
CUST-036469,3797.7,57
CUST-036470,3037.77,40
CUST-036471,86109.39,23
CUST-036472,101778.55,0
CUST-036473,61870.23,42
CUST-036474,46336.87,22
CUST-036475,12823.18,1
CUST-036476,2455.96,0
CUST-036477,46537.17,5
CUST-036478,3408.57,24
CUST-036480,80226.25,5
CUST-036482,82355.24,33
CUST-036483,15927.51,19
CUST-036484,49992.26,20
CUST-036485,32191.45,18
CUST-036486,6427.26,24
CUST-036487,77382.65,10
CUST-036488,119934.02,23
CUST-036489,27038.75,0
CUST-036490,21541.72,9
CUST-036491,5428.51,0
CUST-036492,500.5,39
CUST-036494,17907.95,55
CUST-036495,85029.21,23
CUST-036496,10872.77,57
CUST-036497,86253.07,38
CUST-036498,13090.48,73
CUST-036499,14138.49,9
CUST-036504,39888.94,42
CUST-036505,22177.84,62
CUST-036506,26181.87,31
CUST-036507,23838.64,60
CUST-036508,89480.52,24
CUST-036509,12705.32,7
CUST-036510,64567.94,47
CUST-036511,107965.46,6
CUST-036513,2553.24,22
CUST-036514,9343.49,37
CUST-036515,67309.35,9
CUST-036516,63915.87,0
CUST-036517,198141.88,0
CUST-036518,28263.01,39
CUST-036519,81814.28,39
CUST-036520,166581.01,12
CUST-036523,66970.22,0
CUST-036527,30554.83,38
CUST-036528,22736.19,25
CUST-036530,67498.48,59
CUST-036531,116744.0,12
CUST-036532,8304.95,17
CUST-036534,9871.29,48
CUST-036535,101262.7,16
CUST-036537,105453.87,47
CUST-036539,2828.47,41
CUST-036540,1549.85,47
CUST-036541,67046.08,42
CUST-036542,126600.82,49
CUST-036543,46660.58,24
CUST-036544,55109.15,49
CUST-036545,67828.36,0
CUST-036546,4459.6,42
CUST-036547,108829.78,49
CUST-036548,48680.37,49
CUST-036549,75704.47,16
CUST-036552,0.0,52
CUST-036553,35262.31,60
CUST-036554,22251.67,34
CUST-036555,265023.95,59
CUST-036556,110381.79,19
CUST-036557,41796.36,40
CUST-036559,7262.6,3
CUST-036560,111846.73,0
CUST-036562,122983.41,19
CUST-036563,38102.56,18
CUST-036564,208714.92,0
CUST-036565,24352.21,0
CUST-036567,23039.92,30
CUST-036568,106696.27,32
CUST-036569,25526.59,48
CUST-036570,13694.17,19
CUST-036571,203309.45,42
CUST-036572,89785.76,10
CUST-036573,27690.78,10
CUST-036574,68851.7,53
CUST-036575,38976.25,48
CUST-036576,42968.85,31
CUST-036577,43633.71,29
CUST-036578,75996.68,49
CUST-036579,35346.27,0
CUST-036580,1376.07,19
CUST-036581,103531.99,52
CUST-036583,17471.82,37
CUST-036584,162426.9,31
CUST-036585,2740.05,48
CUST-036587,116296.58,9
CUST-036588,29002.35,28
CUST-036589,48184.26,0
CUST-036591,69877.83,5
CUST-036592,17415.9,5
CUST-036593,65134.82,23
CUST-036594,22352.42,0
CUST-036595,23122.07,15
CUST-036596,51456.52,73
CUST-036599,41648.3,29
CUST-036601,2564.67,18
CUST-036603,95284.95,0
CUST-036604,22746.29,19
CUST-036605,43234.7,55
CUST-036606,24885.91,38
CUST-036607,91921.11,65
CUST-036608,69882.11,72
CUST-036610,137835.37,18
CUST-036611,45350.97,56
CUST-036612,53287.85,0
CUST-036613,127592.33,0
CUST-036614,14093.97,49
CUST-036615,43237.28,36
CUST-036618,193489.59,39
CUST-036619,53406.91,59
CUST-036621,45259.02,0
CUST-036622,8490.11,34
CUST-036623,61232.21,4
CUST-036624,56763.91,46
CUST-036625,54749.34,8
CUST-036626,98779.68,6
CUST-036627,249392.37,1
CUST-036628,176337.21,0
CUST-036629,11518.31,7
CUST-036631,7109.25,6
CUST-036632,1593.95,31
CUST-036633,19065.38,17
CUST-036634,26090.22,43
CUST-036635,31958.36,10
CUST-036636,51906.34,35
CUST-036637,96328.65,21
CUST-036638,7333.15,58
CUST-036640,8761.28,10
CUST-036641,94513.89,57
CUST-036643,127871.65,24
CUST-036644,45872.28,2
CUST-036645,50589.5,26
CUST-036646,2574.05,32
CUST-036647,10474.64,0
CUST-036648,127917.4,40
CUST-036649,28914.48,11
CUST-036650,90669.41,33
CUST-036651,5120.43,46
CUST-036652,22499.58,62
CUST-036653,5834.67,75
CUST-036654,15394.87,48
CUST-036656,12827.88,20
CUST-036657,15525.42,22
CUST-036658,6451.04,9
CUST-036659,69939.74,0
CUST-036660,25441.7,22
CUST-036661,49190.78,7
CUST-036662,5028.54,46
CUST-036663,9661.88,16
CUST-036664,47099.79,8
CUST-036665,9779.75,70
CUST-036666,81128.78,68
CUST-036668,56756.01,57
CUST-036669,46955.01,0
CUST-036671,26209.61,23
CUST-036672,33819.28,40
CUST-036674,44575.98,20
CUST-036675,132415.81,0
CUST-036676,2364.39,66
CUST-036678,56192.0,15
CUST-036679,78065.93,35
CUST-036680,7354.76,40
CUST-036681,230942.52,6
CUST-036682,212244.13,0
CUST-036683,98415.9,42
CUST-036684,24795.43,11
CUST-036685,89664.29,40
CUST-036686,27734.79,20
CUST-036687,28916.23,25
CUST-036689,165400.99,30
CUST-036690,164988.59,35
CUST-036693,206515.91,22
CUST-036694,68894.18,45
CUST-036695,44877.33,11
CUST-036696,64334.94,48
CUST-036699,136110.94,3
CUST-036700,23140.46,34
CUST-036701,133214.29,20
CUST-036702,120657.19,64
CUST-036703,90891.22,67
CUST-036704,14662.57,45
CUST-036705,10286.86,16
CUST-036706,189303.05,6
CUST-036707,21745.37,2
CUST-036708,198984.92,6
CUST-036709,6991.14,41
CUST-036710,73663.91,30
CUST-036711,7298.25,6
CUST-036712,42284.09,13
CUST-036713,82693.0,60
CUST-036714,38632.93,41
CUST-036715,96576.41,39
CUST-036716,13856.94,31
CUST-036719,1137.86,34
CUST-036721,15099.44,7
CUST-036722,3651.92,53
CUST-036723,45683.61,21
CUST-036724,8654.69,68
CUST-036725,44897.34,22
CUST-036726,5212.76,13
CUST-036727,29778.16,34
CUST-036728,15113.26,30
CUST-036729,256864.9,24
CUST-036730,43800.82,33
CUST-036731,12115.87,49
CUST-036732,76078.54,37
CUST-036733,88425.2,8
CUST-036734,100199.35,41
CUST-036735,36694.08,30
CUST-036736,80944.09,24
CUST-036737,159371.95,0
CUST-036738,72979.1,8
CUST-036739,42708.02,48
CUST-036740,85661.42,48
CUST-036741,3737.53,0
CUST-036742,1648.28,54
CUST-036743,99263.81,24
CUST-036744,44423.47,0
CUST-036745,60678.98,9
CUST-036746,198815.49,30
CUST-036748,413.29,28
CUST-036751,113583.73,46
CUST-036752,144288.31,45
CUST-036754,39521.23,4
CUST-036756,73529.75,80
CUST-036757,11303.04,0
CUST-036758,73643.21,67
CUST-036759,35825.67,4
CUST-036761,23604.76,0
CUST-036762,223204.72,30
CUST-036765,866.61,25
CUST-036766,42892.82,1
CUST-036767,222274.05,9
CUST-036768,22397.52,6
CUST-036769,20837.39,19
CUST-036770,163559.69,2
CUST-036771,50014.37,44
CUST-036772,31054.42,16
CUST-036773,13738.59,9
CUST-036775,55731.67,24
CUST-036777,13243.25,2
CUST-036778,57001.48,0
CUST-036780,44429.88,24
CUST-036781,5150.38,21
CUST-036783,24665.1,29
CUST-036784,4417.78,0
CUST-036785,99009.58,60
CUST-036786,29129.78,20
CUST-036788,10659.99,28
CUST-036789,83220.41,8
CUST-036791,62805.01,8
CUST-036792,87574.31,5
CUST-036794,20945.5,80
CUST-036795,119588.41,23
CUST-036796,39892.42,19
CUST-036798,36354.12,7
CUST-036799,42772.94,25
CUST-036800,122668.38,63
CUST-036801,165747.1,24
CUST-036802,43104.48,56
CUST-036803,109718.63,50
CUST-036805,64827.1,27
CUST-036806,106929.42,6
CUST-036807,28209.79,18
CUST-036808,19610.41,6
CUST-036810,85895.46,20
CUST-036811,40142.21,10
CUST-036812,190311.02,0
CUST-036813,1079.14,25
CUST-036816,159045.25,27
CUST-036817,19071.71,4
CUST-036818,1927.57,32
CUST-036819,1630.89,9
CUST-036820,80782.99,44
CUST-036821,62956.42,47
CUST-036822,83617.55,44
CUST-036823,29969.06,48
CUST-036825,31959.44,12
CUST-036826,17054.37,18
CUST-036827,75981.86,28
CUST-036828,46278.62,18
CUST-036829,28700.88,54
CUST-036831,105225.47,60
CUST-036832,54404.26,5
CUST-036834,216318.14,40
CUST-036835,2264.83,13
CUST-036837,47778.62,25
CUST-036838,176909.88,7
CUST-036839,25699.94,20
CUST-036840,42897.63,22
CUST-036841,106591.83,5
CUST-036842,7277.05,32
CUST-036844,47466.25,60
CUST-036845,2635.71,9
CUST-036846,209254.06,10
CUST-036847,29880.99,1
CUST-036848,11827.95,48
CUST-036849,58675.17,0
CUST-036850,173830.52,48
CUST-036851,15643.24,22
CUST-036852,148751.13,32
CUST-036853,33189.2,8
CUST-036854,67949.72,17
CUST-036855,18184.97,31
CUST-036856,51421.74,39
CUST-036857,143677.77,19
CUST-036858,2340.85,44
CUST-036859,21611.85,7
CUST-036860,44965.45,0
CUST-036861,63936.55,20
CUST-036862,7574.92,33
CUST-036863,34187.19,48
CUST-036864,23116.26,42
CUST-036865,150169.88,48
CUST-036866,51375.87,14
CUST-036867,6245.87,10
CUST-036868,170233.8,0
CUST-036869,64136.55,0
CUST-036871,108951.34,47
CUST-036872,15458.21,7
CUST-036873,66296.12,20
CUST-036876,20113.74,2
CUST-036877,6959.67,33
CUST-036878,133067.09,47
CUST-036879,96808.78,44
CUST-036881,75305.81,42
CUST-036883,52768.01,43
CUST-036884,3280.58,34
CUST-036886,58923.74,0
CUST-036887,76575.56,71
CUST-036888,37074.89,0
CUST-036889,18805.38,0
CUST-036890,2341.27,47
CUST-036892,52632.03,30
CUST-036893,61285.2,0
CUST-036895,161135.76,9
CUST-036897,28181.46,8
CUST-036898,49933.39,29
CUST-036899,16568.35,1
CUST-036900,41103.09,41
CUST-036902,195923.14,23
CUST-036903,33743.57,17
CUST-036904,64524.55,1
CUST-036905,4494.89,65
CUST-036906,41230.96,41
CUST-036907,138310.2,7
CUST-036908,115294.95,62
CUST-036909,27353.73,17
CUST-036910,68464.98,39
CUST-036911,39299.92,48
CUST-036912,3272.7,11
CUST-036913,30993.74,0
CUST-036914,22968.65,6
CUST-036915,81019.88,58
CUST-036916,75297.35,35
CUST-036917,74604.68,42
CUST-036920,47279.9,1
CUST-036922,8079.14,6
CUST-036923,139427.42,45
CUST-036924,99704.76,63
CUST-036926,216262.16,10
CUST-036927,10905.4,14
CUST-036929,27743.91,36
CUST-036930,43752.18,0
CUST-036931,13784.66,65
CUST-036932,206015.12,8
CUST-036933,18134.82,0
CUST-036934,8405.52,14
CUST-036936,70898.16,30
CUST-036937,61462.54,46
CUST-036938,17034.88,8
CUST-036939,80335.58,25
CUST-036940,123923.57,33
CUST-036941,79710.75,0
CUST-036942,48105.61,25
CUST-036943,18218.82,0
CUST-036944,62383.62,43
CUST-036945,25244.91,21
CUST-036946,16629.3,38
CUST-036947,39688.16,0
CUST-036949,22769.27,41
CUST-036950,130301.63,34
CUST-036951,30295.16,65
CUST-036952,7691.04,17
CUST-036953,117058.21,20
CUST-036954,98090.12,0
CUST-036955,7627.78,0
CUST-036956,1453.13,41
CUST-036958,21957.59,55
CUST-036960,25160.74,0
CUST-036961,11721.76,50
CUST-036962,108703.15,14
CUST-036963,7274.4,17
CUST-036964,57728.37,6
CUST-036965,2205.35,6
CUST-036966,8161.11,3
CUST-036967,57348.71,0
CUST-036968,11489.13,62
CUST-036969,139639.8,34
CUST-036970,21891.05,63
CUST-036971,5818.67,13
CUST-036972,22928.8,50
CUST-036973,87623.65,20
CUST-036974,63984.25,21
CUST-036975,2292.83,49
CUST-036976,89721.05,21
CUST-036977,62573.93,71
CUST-036978,71606.45,0
CUST-036979,14824.37,12
CUST-036980,147313.73,21
CUST-036981,95164.83,24
CUST-036982,103304.35,33
CUST-036983,175007.7,33
CUST-036984,4021.57,28
CUST-036985,14072.78,62
CUST-036986,80534.8,47
CUST-036987,18329.53,23
CUST-036988,30609.44,40
CUST-036989,140791.97,61
CUST-036991,188946.25,41
CUST-036992,93025.11,30
CUST-036993,152461.52,0
CUST-036994,21228.96,5
CUST-036995,4184.3,31
CUST-036997,15331.52,11
CUST-037000,6023.42,19
CUST-037001,143288.98,64
CUST-037002,35333.08,5
CUST-037003,63017.64,19
CUST-037004,65243.72,24
CUST-037005,69982.31,62
CUST-037006,57046.43,20
CUST-037007,6687.56,84
CUST-037009,569.01,42
CUST-037012,2270.0,24
CUST-037013,5005.15,0
CUST-037015,68847.32,4
CUST-037016,150044.39,36
CUST-037017,14190.74,24
CUST-037018,9540.65,0
CUST-037019,78648.3,58
CUST-037020,9090.6,40
CUST-037021,214905.18,2
CUST-037022,3649.22,0
CUST-037026,10112.42,13
CUST-037027,178214.14,15
CUST-037030,795.66,43
CUST-037031,187517.89,14
CUST-037033,1703.46,45
CUST-037034,77584.67,0
CUST-037035,169754.84,5
CUST-037036,42382.81,37
CUST-037037,105301.22,2
CUST-037038,154551.22,23
CUST-037039,6790.96,24
CUST-037040,60061.29,21
CUST-037041,29374.57,22
CUST-037042,21029.33,18
CUST-037044,121697.68,51
CUST-037045,191720.38,32
CUST-037046,0.0,75
CUST-037047,38623.76,42
CUST-037048,90791.91,20
CUST-037051,128741.46,9
CUST-037052,30378.79,31
CUST-037053,45328.08,23
CUST-037054,62483.66,13
CUST-037055,125858.57,11
CUST-037056,19522.22,56
CUST-037057,8715.21,0
CUST-037059,48654.22,15
CUST-037061,48683.16,16
CUST-037063,180803.98,22
CUST-037064,79506.49,29
CUST-037065,152423.82,23
CUST-037066,11674.01,15
CUST-037067,166689.67,9
CUST-037068,67908.44,25
CUST-037069,73767.59,26
CUST-037071,82457.94,0
CUST-037072,51731.25,7
CUST-037073,57222.53,5
CUST-037074,4665.07,21
CUST-037075,207663.71,23
CUST-037076,182339.75,0
CUST-037077,19168.06,5
CUST-037078,29826.88,10
CUST-037080,200465.88,5
CUST-037081,132684.8,15
CUST-037082,11219.82,14
CUST-037086,47352.75,9
CUST-037089,85370.26,0
CUST-037090,100838.52,15
CUST-037091,39720.11,41
CUST-037093,92375.71,13
CUST-037094,109672.72,0
CUST-037095,102446.18,7
CUST-037098,132959.14,41
CUST-037099,71727.27,17
CUST-037100,30517.98,31
CUST-037101,127426.79,28
CUST-037102,157702.66,56
CUST-037103,111832.91,12
CUST-037105,94446.4,0
CUST-037107,62134.99,49
CUST-037108,8225.31,0
CUST-037109,67482.48,64
CUST-037111,248733.86,49
CUST-037112,98972.7,14
CUST-037113,102889.54,32
CUST-037114,63463.58,16
CUST-037115,47598.92,35
CUST-037116,37658.36,31
CUST-037117,2184.48,73
CUST-037118,26508.31,41
CUST-037119,190457.51,28
CUST-037120,58609.42,25
CUST-037123,19641.25,7
CUST-037124,75963.67,1
CUST-037125,42165.36,19
CUST-037126,20675.03,62
CUST-037127,41662.48,18
CUST-037128,10923.95,32
CUST-037129,4199.71,31
CUST-037130,75510.64,24
CUST-037131,18032.72,15
CUST-037132,26297.41,34
CUST-037133,161146.03,11
CUST-037134,26419.46,20
CUST-037135,16233.51,7
CUST-037136,59943.82,0
CUST-037137,7359.51,25
CUST-037139,46567.71,35
CUST-037141,180876.56,49
CUST-037143,2021.79,19
CUST-037144,3375.7,16
CUST-037145,25060.73,18
CUST-037146,102288.35,18
CUST-037147,72105.84,15
CUST-037148,37898.96,9
CUST-037149,7513.66,3
CUST-037151,169963.69,14
CUST-037152,776.4,28
CUST-037153,32018.86,26
CUST-037154,187055.71,4
CUST-037156,15893.98,24
CUST-037158,8664.49,25
CUST-037159,47198.76,47
CUST-037160,33179.92,0
CUST-037161,147823.12,0
CUST-037162,1205.97,73
CUST-037163,72075.2,33
CUST-037164,20302.06,18
CUST-037165,130692.59,21
CUST-037166,20978.14,0
CUST-037167,38501.32,54
CUST-037168,189217.97,32
CUST-037169,36469.08,39
CUST-037170,595.66,20
CUST-037171,45360.01,19
CUST-037172,108606.12,33
CUST-037175,70276.25,48
CUST-037176,9126.76,23
CUST-037177,112985.21,0
CUST-037178,4570.72,0
CUST-037179,8970.15,5
CUST-037180,2515.91,16
CUST-037181,19950.71,9
CUST-037183,132484.02,29
CUST-037185,10769.71,10
CUST-037186,13391.66,34
CUST-037187,106062.78,41
CUST-037191,51935.49,27
CUST-037192,2476.8,16
CUST-037193,105002.5,48
CUST-037195,128006.96,11
CUST-037197,127698.03,8
CUST-037198,26540.36,0
CUST-037199,33271.61,33
CUST-037201,20287.37,18
CUST-037202,28432.48,23
CUST-037204,8057.7,30
CUST-037205,143624.88,25
CUST-037206,20855.3,21
CUST-037207,108698.97,15
CUST-037208,124148.22,11
CUST-037209,41978.26,57
CUST-037210,79317.2,22
CUST-037211,49277.58,21
CUST-037212,73971.13,35
CUST-037213,20429.0,0
CUST-037216,67118.8,18
CUST-037217,106860.41,19
CUST-037220,93391.69,77
CUST-037221,98013.29,57
CUST-037222,14483.57,0
CUST-037225,112687.74,24
CUST-037227,11359.41,7
CUST-037228,35781.66,45
CUST-037229,12743.22,20
CUST-037230,12750.19,0
CUST-037231,31152.74,36
CUST-037232,8610.11,34
CUST-037233,15532.95,21
CUST-037234,29112.33,30
CUST-037235,3322.24,51
CUST-037236,26472.68,5
CUST-037239,94535.47,18
CUST-037240,153691.23,42
CUST-037241,253789.94,68
CUST-037242,53523.98,2
CUST-037243,119023.91,28
CUST-037244,22505.04,40
CUST-037245,94446.49,39
CUST-037246,61888.9,6
CUST-037247,16123.38,24
CUST-037248,331.18,38
CUST-037249,102236.07,29
CUST-037250,56214.84,57
CUST-037252,24125.61,14
CUST-037253,24807.8,52
CUST-037254,60608.6,23
CUST-037255,4732.58,42
CUST-037257,45208.11,48
CUST-037258,4126.59,52
CUST-037259,69158.15,30
CUST-037260,8771.9,20
CUST-037261,101821.35,47
CUST-037262,38610.59,22
CUST-037263,69096.86,25
CUST-037264,12982.59,23
CUST-037265,16893.83,0
CUST-037266,85270.59,0
CUST-037267,148169.79,7
CUST-037269,34489.98,72
CUST-037270,109391.03,12
CUST-037271,66758.23,22
CUST-037272,326.09,38
CUST-037273,100493.91,0
CUST-037275,300.06,9
CUST-037276,12822.67,44
CUST-037277,17695.72,2
CUST-037279,27009.25,0
CUST-037280,3683.18,49
CUST-037282,143513.13,23
CUST-037283,42058.35,0
CUST-037284,129040.64,12
CUST-037286,9418.48,32
CUST-037288,59502.85,24
CUST-037289,74408.5,0
CUST-037290,0.0,100
CUST-037291,47198.12,15
CUST-037292,3007.57,24
CUST-037293,35268.96,50
CUST-037294,6030.99,0
CUST-037295,181311.0,31
CUST-037298,213211.91,45
CUST-037299,136032.85,32
CUST-037300,56725.16,19
CUST-037302,86364.66,41
CUST-037303,45997.29,10
CUST-037304,38028.04,46
CUST-037305,20731.63,15
CUST-037306,7803.62,40
CUST-037307,41874.48,0
CUST-037310,5076.67,28
CUST-037311,40051.62,0
CUST-037312,4133.93,46
CUST-037314,101058.35,26
CUST-037315,114174.08,32
CUST-037317,5537.65,35
CUST-037318,128767.25,12
CUST-037319,30350.09,0
CUST-037320,4773.94,5
CUST-037321,23589.88,28
CUST-037323,111854.6,59
CUST-037324,9795.68,17
CUST-037325,70198.4,16
CUST-037326,100377.33,0
CUST-037328,487.47,22
CUST-037329,55737.31,19
CUST-037330,180376.24,9
CUST-037331,62958.37,24
CUST-037334,46531.53,14
CUST-037335,56547.63,28
CUST-037336,130905.11,33
CUST-037337,545.91,26
CUST-037338,11996.85,1
CUST-037339,27907.82,22
CUST-037340,5086.84,6
CUST-037342,155906.94,82
CUST-037343,25166.67,39
CUST-037344,94082.13,0
CUST-037345,26982.67,49
CUST-037346,38714.9,8
CUST-037347,51932.01,33
CUST-037348,13986.58,43
CUST-037349,31098.75,42
CUST-037352,10144.2,68
CUST-037353,57760.17,6
CUST-037355,64245.71,82
CUST-037356,145193.6,71
CUST-037357,33419.38,21
CUST-037358,54596.55,9
CUST-037359,1962.28,17
CUST-037360,11058.5,48
CUST-037361,70154.29,0
CUST-037362,166446.28,7
CUST-037363,1678.15,35
CUST-037364,68060.74,22
CUST-037365,71405.18,18
CUST-037366,13635.33,0
CUST-037367,16348.75,25
CUST-037368,17263.27,39
CUST-037369,41878.33,21
CUST-037371,0.0,79
CUST-037372,163272.89,46
CUST-037373,44128.54,26
CUST-037374,49224.21,13
CUST-037375,18700.64,38
CUST-037376,110568.78,40
CUST-037377,137200.61,29
CUST-037378,39987.35,33
CUST-037379,111452.36,24
CUST-037381,244921.78,30
CUST-037382,103506.64,34
CUST-037383,1580.87,36
CUST-037384,67324.75,13
CUST-037385,55890.54,32
CUST-037386,132956.01,47
CUST-037387,8456.61,6
CUST-037388,10490.9,38
CUST-037389,95880.33,53
CUST-037390,2229.21,11
CUST-037391,40093.78,0
CUST-037392,62960.5,41
CUST-037393,52226.62,13
CUST-037394,1434.23,3
CUST-037395,3044.28,4
CUST-037396,102960.92,45
CUST-037397,24811.98,9
CUST-037398,1785.4,24
CUST-037402,155405.55,23
CUST-037403,73251.38,18
CUST-037404,16740.22,39
CUST-037406,217478.6,35
CUST-037407,7474.85,24
CUST-037408,832.86,62
CUST-037409,87462.6,10
CUST-037410,13752.2,28
CUST-037411,18127.61,11
CUST-037412,170325.2,34
CUST-037413,81134.37,47
CUST-037414,2033.1,43
CUST-037416,4591.96,29
CUST-037417,27285.73,33
CUST-037419,7982.21,31
CUST-037420,65581.85,45
CUST-037421,10363.48,69
CUST-037423,22838.0,10
CUST-037425,84257.51,38
CUST-037426,42190.69,60
CUST-037427,62727.86,4
CUST-037428,89469.0,17
CUST-037430,100426.44,0
CUST-037431,43370.69,20
CUST-037432,87562.58,22
CUST-037433,102934.78,50
CUST-037434,32518.12,27
CUST-037436,3872.05,3
CUST-037437,92078.21,58
CUST-037438,80780.75,0
CUST-037439,20775.59,32
CUST-037440,15915.79,65
CUST-037441,2196.15,24
CUST-037442,162588.72,4
CUST-037443,38293.65,14
CUST-037444,66025.52,47
CUST-037445,102867.71,72
CUST-037447,25174.84,20
CUST-037449,14782.48,6
CUST-037450,43307.58,15
CUST-037452,140914.27,73
CUST-037455,39864.91,59
CUST-037457,27205.31,10
CUST-037458,16448.95,2
CUST-037459,10494.81,0
CUST-037460,104670.59,55
CUST-037462,119075.07,43
CUST-037463,14409.66,0
CUST-037464,41738.23,13
CUST-037465,40630.62,56
CUST-037466,6592.97,20
CUST-037467,43953.94,7
CUST-037468,72963.78,7
CUST-037469,1887.68,49
CUST-037470,82897.19,9
CUST-037471,11631.33,25
CUST-037472,56746.27,17
CUST-037473,55046.31,38
CUST-037474,4725.11,30
CUST-037475,29598.61,21
CUST-037477,157683.98,47
CUST-037478,59258.17,6
CUST-037479,9674.99,22
CUST-037480,114536.86,20
CUST-037481,59876.35,16
CUST-037482,17944.77,43
CUST-037483,24380.21,19
CUST-037484,30925.26,31
CUST-037486,11589.75,23
CUST-037487,4498.56,62
CUST-037488,4906.98,0
CUST-037489,27651.7,34
CUST-037490,6903.05,63
CUST-037491,120234.02,9
CUST-037492,96307.78,29
CUST-037493,151311.85,50
CUST-037494,40947.29,39
CUST-037495,9914.25,7
CUST-037496,168278.4,11
CUST-037497,6583.63,34
CUST-037498,14423.62,25
CUST-037499,63813.94,53
CUST-037501,23896.61,31
CUST-037502,33477.83,8
CUST-037503,13534.75,48
CUST-037504,34144.91,15
CUST-037505,11421.6,70
CUST-037506,67091.44,0
CUST-037507,15051.05,23
CUST-037508,31673.12,13
CUST-037509,74269.4,23
CUST-037510,11502.68,27
CUST-037511,2823.03,19
CUST-037512,19134.31,23
CUST-037513,51471.84,47
CUST-037514,32381.4,34
CUST-037515,12908.0,48
CUST-037516,91741.71,9
CUST-037522,99388.73,28
CUST-037523,80859.11,62
CUST-037524,82023.95,30
CUST-037525,87103.17,25
CUST-037526,7530.03,40
CUST-037527,111635.02,34
CUST-037528,3337.83,63
CUST-037529,15807.52,28
CUST-037530,140115.85,5
CUST-037531,18460.64,14
CUST-037532,113780.28,15
CUST-037534,85733.44,0
CUST-037535,2958.93,28
CUST-037536,43074.63,44
CUST-037537,197557.1,34
CUST-037538,262.47,30
CUST-037540,421.15,10
CUST-037541,4611.19,27
CUST-037542,597.6,45
CUST-037543,22109.34,27
CUST-037545,8867.88,20
CUST-037546,108402.17,34
CUST-037547,143418.16,72
CUST-037548,42183.68,17
CUST-037549,126667.42,5
CUST-037550,64629.53,0
CUST-037551,43643.15,28
CUST-037552,64618.48,0
CUST-037553,171365.86,60
CUST-037554,35404.8,21
CUST-037555,58029.42,36
CUST-037556,157053.36,70
CUST-037558,7867.1,15
CUST-037559,0.0,15
CUST-037561,154311.86,45
CUST-037562,31933.48,48
CUST-037563,119236.57,8
CUST-037564,62150.59,35
CUST-037565,18275.81,26
CUST-037567,137442.81,0
CUST-037568,146841.5,0
CUST-037569,12681.49,3
CUST-037570,6644.29,71
CUST-037571,24026.77,60
CUST-037572,83613.75,60
CUST-037573,33005.82,73
CUST-037574,2203.85,54
CUST-037575,36604.96,10
CUST-037576,5940.27,27
CUST-037577,57689.06,15
CUST-037579,18405.13,0
CUST-037580,10049.67,2
CUST-037583,41067.9,8
CUST-037584,10765.8,45
CUST-037585,193999.66,3
CUST-037588,6005.58,48
CUST-037589,8171.09,33
CUST-037590,15966.85,2
CUST-037591,42168.37,64
CUST-037592,66941.45,47
CUST-037593,23952.02,35
CUST-037594,21911.92,32
CUST-037595,102695.85,32
CUST-037597,145442.91,23
CUST-037598,32808.13,29
CUST-037599,91309.56,0
CUST-037600,11060.69,16
CUST-037601,143789.38,9
CUST-037603,1811.69,6
CUST-037604,148413.57,24
CUST-037605,60732.85,24
CUST-037606,33245.01,42
CUST-037607,50167.04,7
CUST-037608,17283.46,35
CUST-037609,27662.03,36
CUST-037610,68581.03,19
CUST-037611,49911.03,4
CUST-037612,76130.08,27
CUST-037614,98249.1,15
CUST-037615,41878.69,6
CUST-037616,140567.32,18
CUST-037618,112959.05,23
CUST-037619,21593.16,55
CUST-037620,35636.02,38
CUST-037621,124250.41,53
CUST-037622,0.0,59
CUST-037624,31070.52,47
CUST-037626,34763.48,0
CUST-037627,41150.52,8
CUST-037628,7435.7,8
CUST-037630,28279.99,0
CUST-037632,3664.73,8
CUST-037633,41078.67,35
CUST-037634,79312.86,40
CUST-037635,116068.45,45
CUST-037636,4642.13,49
CUST-037638,6752.22,0
CUST-037640,20385.12,5
CUST-037641,46114.67,0
CUST-037642,130264.79,35
CUST-037643,19897.41,57
CUST-037644,36621.67,35
CUST-037645,14102.45,63
CUST-037646,74731.99,10
CUST-037647,4921.15,43
CUST-037650,26034.19,46
CUST-037651,41275.27,25
CUST-037652,59110.29,61
CUST-037654,48662.15,60
CUST-037657,98724.27,50
CUST-037658,52422.84,31
CUST-037659,62384.95,0
CUST-037660,51069.63,52
CUST-037661,2424.65,33
CUST-037662,13644.65,24
CUST-037663,50892.85,0
CUST-037664,59923.98,43
CUST-037665,15008.35,55
CUST-037666,62868.53,15
CUST-037667,153808.64,63
CUST-037668,155241.18,26
CUST-037670,148724.32,5
CUST-037671,155627.69,33
CUST-037672,29882.72,3
CUST-037673,743.49,6
CUST-037674,133935.88,41
CUST-037675,139635.36,43
CUST-037676,18995.95,0
CUST-037677,36777.22,64
CUST-037678,60958.86,8
CUST-037679,22297.07,8
CUST-037680,43922.49,9
CUST-037681,11586.01,32
CUST-037682,81690.38,47
CUST-037683,8293.37,46
CUST-037684,89475.66,75
CUST-037685,104601.21,21
CUST-037686,5519.92,0
CUST-037688,135325.13,17
CUST-037689,176211.73,7
CUST-037690,23753.9,38
CUST-037691,12513.82,79
CUST-037692,101440.68,25
CUST-037694,66403.86,16
CUST-037695,60518.35,20
CUST-037696,65848.64,48
CUST-037697,1214.37,8
CUST-037698,17192.33,35
CUST-037699,60567.02,50
CUST-037700,190935.77,72
CUST-037701,32708.38,30
CUST-037702,32795.54,35
CUST-037703,120695.69,1
CUST-037704,18778.92,5
CUST-037706,95445.55,0
CUST-037707,57513.88,10
CUST-037708,7081.64,37
CUST-037709,34349.92,40
CUST-037710,8501.99,32
CUST-037711,12190.27,21
CUST-037712,128499.34,20
CUST-037714,31370.39,22
CUST-037716,836.06,49
CUST-037717,9897.24,40
CUST-037718,54716.3,27
CUST-037719,181787.76,34
CUST-037720,43310.86,13
CUST-037721,148886.32,14
CUST-037722,22365.65,1
CUST-037723,34972.71,31
CUST-037724,89114.73,65
CUST-037725,44888.56,23
CUST-037726,66531.57,25
CUST-037727,0.0,40
CUST-037728,34715.41,58
CUST-037729,146714.44,9
CUST-037730,50214.13,30
CUST-037731,21058.67,43
CUST-037732,6316.26,12
CUST-037733,12844.66,16
CUST-037734,183150.55,46
CUST-037735,7482.32,44
CUST-037736,11846.61,28
CUST-037738,131701.75,0
CUST-037739,63922.87,22
CUST-037741,103624.75,71
CUST-037742,65813.59,57
CUST-037743,9608.78,6
CUST-037744,4322.05,0
CUST-037745,14413.21,41
CUST-037748,48841.08,16
CUST-037749,200657.38,6
CUST-037751,230195.76,26
CUST-037752,16916.95,0
CUST-037754,115447.37,50
CUST-037756,36601.03,24
CUST-037757,6874.8,31
CUST-037758,74197.29,6
CUST-037759,14444.72,7
CUST-037762,52848.73,30
CUST-037763,132595.21,20
CUST-037764,110992.28,55
CUST-037765,147719.65,50
CUST-037767,153932.91,19
CUST-037769,8183.99,23
CUST-037770,31821.51,0
CUST-037771,1641.07,59
CUST-037773,19265.05,11
CUST-037775,154803.55,76
CUST-037776,5124.29,2
CUST-037778,18799.2,0
CUST-037779,37453.87,0
CUST-037780,118167.63,22
CUST-037781,37220.49,29
CUST-037782,72217.33,41
CUST-037783,45924.11,1
CUST-037784,17730.26,9
CUST-037785,30008.43,38
CUST-037788,35980.48,6
CUST-037789,7342.09,46
CUST-037790,2363.32,24
CUST-037791,10769.72,0
CUST-037792,37381.87,5
CUST-037793,7033.44,49
CUST-037794,583.38,26
CUST-037796,109301.86,4
CUST-037798,15378.79,75
CUST-037799,74625.56,42
CUST-037800,159035.24,22
CUST-037802,7205.74,9
CUST-037803,184361.91,11
CUST-037804,112034.7,24
CUST-037805,20022.43,29
CUST-037806,73137.87,7
CUST-037807,637.19,58
CUST-037808,40646.1,25
CUST-037810,16219.01,13
CUST-037813,19826.65,26
CUST-037814,50985.02,32
CUST-037815,67611.45,15
CUST-037816,1917.24,21
CUST-037817,57674.59,23
CUST-037819,72201.1,22
CUST-037820,4861.8,19
CUST-037821,7418.6,48
CUST-037823,8095.56,0
CUST-037824,41083.75,0
CUST-037825,203445.41,42
CUST-037826,170958.21,6
CUST-037827,8869.31,42
CUST-037829,39871.72,8
CUST-037830,33115.94,44
CUST-037831,69826.01,15
CUST-037832,88294.58,0
CUST-037833,896.0,31
CUST-037835,3600.3,17
CUST-037836,96417.22,8
CUST-037838,19223.78,16
CUST-037840,52300.99,31
CUST-037841,65748.94,20
CUST-037842,113769.97,46
CUST-037843,38052.02,25
CUST-037844,40083.89,40
CUST-037845,16195.75,6
CUST-037846,63829.59,32
CUST-037847,87941.48,47
CUST-037848,68172.46,2
CUST-037849,35446.43,31
CUST-037850,59091.1,19
CUST-037851,31860.6,6
CUST-037852,37991.37,33
CUST-037853,71701.56,36
CUST-037854,5673.56,40
CUST-037855,44673.23,32
CUST-037856,46523.5,43
CUST-037857,78943.35,3
CUST-037858,74542.65,11
CUST-037859,2555.38,46
CUST-037860,17162.61,64
CUST-037861,39085.28,33
CUST-037862,177258.81,35
CUST-037863,128157.36,63
CUST-037864,130624.99,49
CUST-037866,14866.79,55
CUST-037868,24489.42,0
CUST-037870,158143.49,2
CUST-037871,23042.27,59
CUST-037872,9020.78,22
CUST-037873,29897.04,11
CUST-037874,23209.68,49
CUST-037875,15884.96,32
CUST-037876,52100.4,47
CUST-037877,2076.76,0
CUST-037878,20809.98,45
CUST-037879,139864.86,18
CUST-037880,4466.29,23
CUST-037881,1075.21,11
CUST-037882,64582.69,21
CUST-037883,82204.13,5
CUST-037884,170881.42,64
CUST-037885,19834.71,10
CUST-037886,2912.15,43
CUST-037887,96371.83,10
CUST-037888,147073.46,46
CUST-037889,108483.34,24
CUST-037890,50997.45,32
CUST-037891,3354.13,62
CUST-037893,105817.8,33
CUST-037894,28010.49,0
CUST-037895,146407.56,32
CUST-037896,83102.6,0
CUST-037897,112692.12,0
CUST-037898,5814.38,8
CUST-037899,20251.9,29
CUST-037900,238736.77,43
CUST-037901,1884.02,64
CUST-037902,70909.41,59
CUST-037903,53698.38,25
CUST-037904,97043.87,18
CUST-037905,21584.37,8
CUST-037906,26291.66,0
CUST-037907,83419.62,17
CUST-037908,182130.85,18
CUST-037909,71369.44,33
CUST-037910,129476.08,13
CUST-037911,137620.61,31
CUST-037912,62417.61,13
CUST-037913,35857.69,44
CUST-037915,35714.54,5
CUST-037917,43834.57,9
CUST-037918,71899.33,48
CUST-037920,15337.83,20
CUST-037921,61752.01,48
CUST-037922,132970.99,29
CUST-037923,65641.18,0
CUST-037924,1328.42,15
CUST-037925,55528.1,24
CUST-037927,76458.93,31
CUST-037928,53866.82,13
CUST-037929,151986.56,33
CUST-037930,70994.87,6
CUST-037931,16935.02,19
CUST-037933,14668.96,4
CUST-037934,25144.11,36
CUST-037935,19751.34,65
CUST-037936,58969.29,79
CUST-037937,29758.35,21
CUST-037938,135377.14,0
CUST-037939,132491.35,48
CUST-037940,12566.05,10
CUST-037941,57669.06,32
CUST-037942,44741.33,51
CUST-037943,91471.71,23
CUST-037944,19480.48,24
CUST-037946,4585.54,49
CUST-037947,86271.11,15
CUST-037948,69906.06,37
CUST-037949,34421.35,33
CUST-037950,21486.86,16
CUST-037951,69749.54,23
CUST-037952,54991.15,0
CUST-037953,24216.74,59
CUST-037954,116995.95,40
CUST-037955,37810.83,62
CUST-037956,25231.21,24
CUST-037957,63349.54,59
CUST-037958,17907.71,60
CUST-037959,42412.94,6
CUST-037960,12747.03,0
CUST-037961,29188.35,10
CUST-037963,118632.52,30
CUST-037964,170766.77,18
CUST-037965,17183.14,73
CUST-037966,41701.35,18
CUST-037967,12051.14,0
CUST-037968,11807.15,47
CUST-037970,3695.47,44
CUST-037973,91351.28,36
CUST-037974,69799.34,36
CUST-037979,1223.14,15
CUST-037980,36453.89,16
CUST-037981,73122.89,35
CUST-037983,117960.98,11
CUST-037984,65787.79,19
CUST-037985,109053.27,47
CUST-037986,148658.08,49
CUST-037987,43092.18,6
CUST-037988,9417.89,56
CUST-037989,1867.53,47
CUST-037990,3821.11,47
CUST-037991,122299.09,34
CUST-037992,154396.02,25
CUST-037993,54933.03,49
CUST-037994,94296.03,29
CUST-037995,5146.66,48
CUST-037996,49193.91,56
CUST-037997,113482.02,67
CUST-037998,9373.97,41
CUST-037999,111298.91,53
CUST-038000,155018.03,6
CUST-038001,13345.89,67
CUST-038002,17975.85,16
CUST-038005,16088.0,20
CUST-038006,33478.49,40
CUST-038007,77794.31,89
CUST-038008,31392.11,0
CUST-038009,10209.37,56
CUST-038010,54890.91,5
CUST-038011,206588.89,47
CUST-038012,4505.03,61
CUST-038013,14143.8,40
CUST-038014,75269.26,35
CUST-038015,31425.04,34
CUST-038016,22246.03,35
CUST-038017,5148.21,32
CUST-038018,59157.29,18
CUST-038020,4555.1,19
CUST-038022,17055.5,0
CUST-038023,220985.72,50
CUST-038024,53651.07,39
CUST-038025,1455.55,50
CUST-038026,48957.64,41
CUST-038027,22664.13,36
CUST-038028,45906.53,22
CUST-038029,41841.13,0
CUST-038030,129602.83,56
CUST-038031,3134.51,8
CUST-038032,6568.03,0
CUST-038033,4750.95,24
CUST-038034,133058.88,0
CUST-038035,13290.34,33
CUST-038036,9330.24,6
CUST-038038,199445.23,50
CUST-038039,81103.89,70
CUST-038040,21744.1,45
CUST-038041,151857.66,20
CUST-038042,168334.11,49
CUST-038044,115096.99,24
CUST-038045,49923.21,20
CUST-038046,71511.32,27
CUST-038047,51343.45,6
CUST-038049,188552.11,62
CUST-038050,22628.49,30
CUST-038051,24873.92,15
CUST-038052,50131.71,42
CUST-038053,4578.7,46
CUST-038054,20444.24,32
CUST-038055,39681.73,34
CUST-038056,110049.87,19
CUST-038057,21279.95,34
CUST-038059,164824.99,18
CUST-038061,23673.57,30
CUST-038063,8683.29,56
CUST-038064,25760.02,50
CUST-038066,47041.59,5
CUST-038067,38627.9,42
CUST-038068,110703.11,61
CUST-038069,109583.07,11
CUST-038070,1641.07,38
CUST-038071,154.8,41
CUST-038072,172713.61,38
CUST-038074,39264.84,45
CUST-038075,61544.92,48
CUST-038076,1785.04,35
CUST-038079,114412.53,16
CUST-038080,15308.53,48
CUST-038082,30801.56,0
CUST-038083,78186.38,7
CUST-038084,24621.27,12
CUST-038085,143078.94,46
CUST-038086,108011.84,50
CUST-038087,56390.8,69
CUST-038088,9387.56,20
CUST-038089,75509.16,39
CUST-038090,843.46,0
CUST-038091,64200.26,46
CUST-038092,3843.0,18
CUST-038093,151381.3,7
CUST-038094,79164.68,42
CUST-038095,12722.85,17
CUST-038096,20201.7,1
CUST-038097,136.96,30
CUST-038098,124499.3,37
CUST-038099,4261.0,38
CUST-038101,96021.07,5
CUST-038102,156754.21,33
CUST-038103,97784.03,33
CUST-038105,28546.32,22
CUST-038106,90404.14,19
CUST-038107,12850.47,23
CUST-038108,65394.06,7
CUST-038109,117245.46,21
CUST-038111,146521.14,20
CUST-038112,59988.25,16
CUST-038113,20334.39,48
CUST-038114,22919.0,73
CUST-038115,8594.21,18
CUST-038116,167463.48,0
CUST-038117,5480.7,31
CUST-038118,28538.28,13
CUST-038119,2545.08,40
CUST-038120,11384.0,41
CUST-038121,3566.7,28
CUST-038122,31966.4,7
CUST-038123,17558.47,4
CUST-038124,9907.15,22
CUST-038125,10874.82,31
CUST-038126,169203.11,45
CUST-038127,73205.25,12
CUST-038128,46905.71,25
CUST-038129,35131.69,42
CUST-038131,55062.07,31
CUST-038132,47998.08,10
CUST-038133,41884.38,0
CUST-038134,1598.08,41
CUST-038135,38345.88,13
CUST-038136,40362.13,8
CUST-038137,103746.42,24
CUST-038138,20288.87,20
CUST-038139,49426.29,15
CUST-038140,207408.81,47
CUST-038141,6947.12,17
CUST-038142,110928.03,10
CUST-038143,16532.41,11
CUST-038144,100254.78,20
CUST-038146,20172.94,64
CUST-038147,72270.6,0
CUST-038149,38673.48,32
CUST-038150,6583.08,47
CUST-038152,3190.19,4
CUST-038155,1126.78,22
CUST-038156,6661.28,34
CUST-038157,23025.04,7
CUST-038158,94911.37,30
CUST-038159,68168.64,75
CUST-038160,29759.06,22
CUST-038162,22040.84,40
CUST-038164,43085.72,37
CUST-038165,18320.32,52
CUST-038166,202697.46,35
CUST-038167,63210.99,53
CUST-038168,11648.09,24
CUST-038169,5840.8,27
CUST-038170,26635.72,28
CUST-038171,81609.6,31
CUST-038172,91791.72,0
CUST-038175,71276.27,45
CUST-038176,30667.11,40
CUST-038177,145039.83,1
CUST-038178,76830.47,48
CUST-038179,10322.89,27
CUST-038180,106134.02,52
CUST-038181,15562.7,7
CUST-038182,78750.19,36
CUST-038184,150663.85,33
CUST-038185,119482.68,27
CUST-038186,953.16,10
CUST-038187,24182.64,7
CUST-038189,105281.39,22
CUST-038190,169643.57,17
CUST-038192,165322.26,69
CUST-038193,175618.44,11
CUST-038194,231861.59,38
CUST-038195,52317.16,10
CUST-038197,59436.16,26
CUST-038198,42496.78,34
CUST-038200,18291.7,22
CUST-038201,133237.68,0
CUST-038204,23952.01,5
CUST-038205,0.0,13
CUST-038206,77905.06,2
CUST-038207,47717.21,37
CUST-038209,121089.92,66
CUST-038210,58599.66,9
CUST-038211,20913.56,50
CUST-038212,73179.11,39
CUST-038213,62043.83,23
CUST-038214,152136.92,31
CUST-038216,12380.36,41
CUST-038217,115300.85,18
CUST-038218,94457.79,0
CUST-038219,73833.77,9
CUST-038220,95604.67,33
CUST-038221,157195.57,7
CUST-038222,11919.45,0
CUST-038223,561.38,70
CUST-038224,10917.77,18
CUST-038225,63646.62,44
CUST-038226,22000.23,65
CUST-038227,3692.86,33
CUST-038228,179125.1,5
CUST-038229,99630.45,48
CUST-038230,58945.49,74
CUST-038231,65986.69,25
CUST-038232,19841.28,31
CUST-038234,91922.66,47
CUST-038236,48891.73,10
CUST-038237,139402.57,0
CUST-038239,25751.64,33
CUST-038240,6931.02,31
CUST-038241,34831.89,68
CUST-038244,17750.77,12
CUST-038245,67600.68,0
CUST-038246,1069.39,0
CUST-038247,29243.69,29
CUST-038249,4785.71,32
CUST-038251,120892.07,0
CUST-038252,17888.05,37
CUST-038253,21688.27,55
CUST-038254,58634.45,45
CUST-038255,61832.29,0
CUST-038256,27448.29,34
CUST-038257,72366.71,64
CUST-038258,19599.83,35
CUST-038259,34532.67,0
CUST-038260,37836.58,27
CUST-038263,60633.3,56
CUST-038264,34024.63,18
CUST-038266,51782.17,0
CUST-038267,10618.72,18
CUST-038268,14392.26,35
CUST-038269,82518.27,0
CUST-038271,86436.07,6
CUST-038272,171996.06,50
CUST-038273,82819.6,10
CUST-038274,16201.74,35
CUST-038277,50370.71,41
CUST-038278,118317.6,72
CUST-038279,47084.24,31
CUST-038281,5170.93,18
CUST-038282,37017.72,34
CUST-038284,110803.03,52
CUST-038285,99172.8,0
CUST-038286,103131.81,20
CUST-038287,500.52,0
CUST-038288,24790.15,1
CUST-038289,13850.02,47
CUST-038291,154860.65,11
CUST-038292,87841.14,5
CUST-038294,64262.79,6
CUST-038296,36251.7,16
CUST-038299,127767.47,0
CUST-038300,25191.56,35
CUST-038301,4288.12,43
CUST-038303,29639.83,11
CUST-038304,12329.45,9
CUST-038305,36337.84,0
CUST-038306,10151.91,53
CUST-038309,3334.24,7
CUST-038312,38045.92,57
CUST-038313,3141.16,9
CUST-038315,57244.25,46
CUST-038316,46332.91,73
CUST-038317,16874.64,32
CUST-038318,183681.12,38
CUST-038320,134433.12,0
CUST-038321,124228.67,38
CUST-038322,60492.97,10
CUST-038323,23772.55,36
CUST-038324,203396.49,37
CUST-038325,34186.11,50
CUST-038328,25677.07,16
CUST-038329,32637.32,35
CUST-038330,10081.09,8
CUST-038334,59719.72,1
CUST-038335,4963.94,30
CUST-038337,7483.88,7
CUST-038339,3636.83,49
CUST-038340,8644.37,21
CUST-038343,38213.39,24
CUST-038345,4635.45,0
CUST-038346,1345.67,35
CUST-038347,213856.96,27
CUST-038348,21557.41,23
CUST-038349,10569.33,26
CUST-038350,7068.86,25
CUST-038352,86104.25,21
CUST-038353,42107.7,16
CUST-038354,133304.64,0
CUST-038355,78207.12,30
CUST-038356,122239.78,0
CUST-038357,26407.08,25
CUST-038358,11432.58,31
CUST-038361,43065.82,30
CUST-038362,32426.81,28
CUST-038363,66843.27,22
CUST-038364,46892.3,56
CUST-038365,25031.57,60
CUST-038368,242511.18,20
CUST-038369,1410.81,16
CUST-038370,40686.56,6
CUST-038372,14132.66,8
CUST-038373,17330.81,57
CUST-038375,12341.11,6
CUST-038377,15542.82,23
CUST-038379,34636.51,0
CUST-038380,98823.11,45
CUST-038381,74997.26,15
CUST-038383,75930.61,19
CUST-038384,49445.0,19
CUST-038385,37384.5,10
CUST-038388,13055.39,46
CUST-038390,2077.62,59
CUST-038391,44672.96,9
CUST-038393,21212.21,10
CUST-038394,60788.11,9
CUST-038396,5014.93,61
CUST-038397,14980.41,31
CUST-038398,150179.35,55
CUST-038399,20034.13,33
CUST-038401,2342.07,28
CUST-038402,36811.96,5
CUST-038403,32617.83,45
CUST-038405,121331.47,20
CUST-038406,10617.12,15
CUST-038408,81611.39,18
CUST-038409,29674.68,0
CUST-038410,102437.02,44
CUST-038411,133935.75,7
CUST-038412,14891.92,35
CUST-038413,110193.21,17
CUST-038414,5566.54,24
CUST-038415,73502.6,5
CUST-038417,3467.51,33
CUST-038418,104070.3,22
CUST-038419,23509.55,22
CUST-038421,13460.52,36
CUST-038422,29054.84,20
CUST-038424,190600.72,47
CUST-038425,274114.94,38
CUST-038426,9374.89,25
CUST-038428,59572.83,49
CUST-038429,28390.55,45
CUST-038430,84958.0,0
CUST-038431,185716.97,29
CUST-038433,83509.35,46
CUST-038434,76551.11,0
CUST-038435,11424.99,21
CUST-038436,13011.43,19
CUST-038437,7717.85,42
CUST-038438,8569.56,33
CUST-038439,17586.39,30
CUST-038440,152191.55,12
CUST-038441,35558.79,0
CUST-038442,24006.26,24
CUST-038443,4370.27,15
CUST-038444,175673.41,35
CUST-038445,72943.35,12
CUST-038446,36064.34,43
CUST-038447,78415.38,49
CUST-038448,3121.1,26
CUST-038449,79554.65,12
CUST-038451,107508.04,20
CUST-038452,54299.13,5
CUST-038453,118362.71,52
CUST-038454,125370.28,2
CUST-038455,103403.78,46
CUST-038456,43351.81,39
CUST-038457,53405.82,56
CUST-038458,135163.46,36
CUST-038459,39822.19,8
CUST-038460,1290.71,1
CUST-038461,18851.41,54
CUST-038463,12876.17,24
CUST-038465,12049.1,49
CUST-038467,14743.33,78
CUST-038468,97395.67,25
CUST-038470,3539.83,32
CUST-038471,16731.14,7
CUST-038472,118427.92,22
CUST-038474,5473.96,81
CUST-038475,8239.27,33
CUST-038476,146333.67,45
CUST-038477,89917.42,9
CUST-038478,2735.71,64
CUST-038480,93917.12,33
CUST-038481,62991.71,30
CUST-038482,99930.31,50
CUST-038483,79976.29,0
CUST-038484,54870.95,16
CUST-038485,152478.37,25
CUST-038487,3181.34,87
CUST-038489,4121.96,17
CUST-038490,2821.96,12
CUST-038493,30045.06,10
CUST-038494,46128.69,48
CUST-038495,7721.04,37
CUST-038498,175286.27,30
CUST-038499,44297.1,32
CUST-038501,67833.55,39
CUST-038502,21129.16,23
CUST-038503,230443.02,21
CUST-038504,84595.86,0
CUST-038505,118767.92,44
CUST-038506,65737.21,48
CUST-038507,29222.37,8
CUST-038508,12277.53,54
CUST-038509,27442.22,37
CUST-038510,36554.81,33
CUST-038511,80304.83,0
CUST-038512,21710.96,16
CUST-038514,72012.85,24
CUST-038516,72780.99,7
CUST-038517,5543.17,6
CUST-038518,106172.56,18
CUST-038519,157636.68,5
CUST-038520,39760.06,23
CUST-038521,64895.06,10
CUST-038522,130319.22,25
CUST-038523,655.16,71
CUST-038524,35285.03,43
CUST-038525,59169.3,40
CUST-038526,23571.85,34
CUST-038527,87074.26,35
CUST-038528,22606.52,6
CUST-038529,53372.8,42
CUST-038530,34353.1,61
CUST-038531,40509.91,0
CUST-038532,84994.3,37
CUST-038535,53765.54,0
CUST-038536,116933.21,17
CUST-038538,6385.17,32
CUST-038539,80364.33,59
CUST-038540,11755.4,10
CUST-038541,47867.39,47
CUST-038542,17828.17,9
CUST-038544,76580.17,30
CUST-038546,107883.59,0
CUST-038547,62511.1,31
CUST-038548,66154.99,0
CUST-038549,5163.77,71
CUST-038550,13309.25,33
CUST-038553,46140.39,42
CUST-038554,44267.35,23
CUST-038555,2647.42,10
CUST-038557,106374.47,0
CUST-038558,43062.03,48
CUST-038559,18618.24,8
CUST-038560,49075.26,8
CUST-038561,140188.1,16
CUST-038563,149772.74,0
CUST-038564,65101.25,37
CUST-038566,183.52,20
CUST-038567,130627.14,45
CUST-038569,32401.63,20
CUST-038570,131032.87,63
CUST-038571,2663.82,67
CUST-038572,13159.81,33
CUST-038574,42783.87,16
CUST-038575,38675.81,5
CUST-038576,6914.0,18
CUST-038577,132564.26,35
CUST-038578,6167.59,55
CUST-038579,100768.93,64
CUST-038582,117.96,44
CUST-038583,9419.74,31
CUST-038584,190967.0,20
CUST-038585,1513.28,21
CUST-038586,39273.23,1
CUST-038587,52790.42,0
CUST-038590,14442.49,32
CUST-038591,138770.85,37
CUST-038592,54051.86,42
CUST-038594,2426.48,57
CUST-038596,74958.06,33
CUST-038597,24255.63,32
CUST-038598,71386.31,0
CUST-038599,69539.59,66
CUST-038600,120513.66,21
CUST-038601,69380.44,50
CUST-038602,22498.58,33
CUST-038603,58501.46,39
CUST-038605,13487.97,14
CUST-038606,48520.94,30
CUST-038607,2584.27,39
CUST-038608,40991.56,13
CUST-038609,87919.39,16
CUST-038610,63160.95,5
CUST-038612,147257.35,63
CUST-038613,73798.77,33
CUST-038614,150313.76,0
CUST-038615,31241.98,34
CUST-038616,49668.68,0
CUST-038617,13460.66,68
CUST-038618,67187.46,46
CUST-038619,55989.09,0
CUST-038620,7088.71,1
CUST-038621,43217.17,30
CUST-038622,2819.95,37
CUST-038623,164355.58,26
CUST-038624,33888.13,30
CUST-038625,80218.46,7
CUST-038626,55410.9,47
CUST-038627,104645.85,59
CUST-038628,133623.8,9
CUST-038629,2753.73,15
CUST-038630,1839.42,25
CUST-038631,1477.72,15
CUST-038632,15358.55,29
CUST-038633,2715.96,15
CUST-038634,27073.61,6
CUST-038635,71139.01,34
CUST-038636,31359.19,9
CUST-038637,55854.27,30
CUST-038638,11056.84,17
CUST-038639,45822.1,10
CUST-038640,75750.82,40
CUST-038641,42634.86,33
CUST-038642,93675.98,20
CUST-038643,10526.93,11
CUST-038644,21011.47,41
CUST-038645,71596.95,0
CUST-038646,31318.02,45
CUST-038647,125250.78,10
CUST-038650,86280.96,62
CUST-038651,72300.92,0
CUST-038652,7925.84,10
CUST-038653,16820.04,0
CUST-038654,1422.58,9
CUST-038656,51257.86,0
CUST-038657,9057.77,5
CUST-038658,136446.74,49
CUST-038659,78602.26,0
CUST-038660,143402.51,31
CUST-038661,28832.28,34
CUST-038662,41347.89,17
CUST-038663,7398.07,3
CUST-038664,21697.12,18
CUST-038665,156.2,13
CUST-038666,103404.98,9
CUST-038667,4896.85,30
CUST-038668,2700.24,0
CUST-038669,10082.2,62
CUST-038670,212758.48,48
CUST-038672,10077.8,6
CUST-038673,50121.8,2
CUST-038674,68253.09,47
CUST-038675,1814.81,34
CUST-038676,2938.07,50
CUST-038677,138199.72,16
CUST-038678,1932.31,30
CUST-038679,44212.21,17
CUST-038680,33701.76,49
CUST-038681,32941.38,28
CUST-038682,85560.22,14
CUST-038683,122086.16,0
CUST-038684,11942.88,48
CUST-038685,51754.35,18
CUST-038686,137945.5,17
CUST-038687,33557.91,40
CUST-038688,118725.08,52
CUST-038689,2824.64,0
CUST-038690,5538.99,0
CUST-038693,12709.55,57
CUST-038694,171694.38,3
CUST-038695,15641.02,12
CUST-038697,15832.61,35
CUST-038698,25398.13,42
CUST-038699,95547.54,44
CUST-038700,69092.94,20
CUST-038702,145282.47,9
CUST-038703,7272.95,20
CUST-038704,51478.58,50
CUST-038705,31288.39,21
CUST-038708,51263.75,44
CUST-038710,5078.89,30
CUST-038711,1521.0,59
CUST-038712,42179.47,47
CUST-038713,16725.74,35
CUST-038714,61755.1,48
CUST-038715,2437.27,15
CUST-038716,2699.04,46
CUST-038717,31344.88,8
CUST-038718,31746.95,22
CUST-038719,37894.37,49
CUST-038720,11972.39,0
CUST-038721,76205.2,35
CUST-038722,67200.52,56
CUST-038724,2984.45,44
CUST-038725,2379.49,75
CUST-038726,17490.12,38
CUST-038727,69350.61,31
CUST-038728,24370.56,23
CUST-038729,2324.42,7
CUST-038730,29823.39,49
CUST-038733,36981.72,29
CUST-038734,59019.08,35
CUST-038736,16921.97,49
CUST-038737,29334.83,5
CUST-038738,62208.96,57
CUST-038739,75809.57,10
CUST-038740,35084.75,17
CUST-038741,15050.98,0
CUST-038743,88732.1,23
CUST-038744,53034.49,7
CUST-038745,89049.55,8
CUST-038746,183030.04,18
CUST-038747,13892.05,34
CUST-038749,137846.34,20
CUST-038750,157321.97,36
CUST-038751,10691.7,39
CUST-038752,23784.26,16
CUST-038753,10506.41,61
CUST-038754,48871.3,15
CUST-038755,59873.23,30
CUST-038756,225455.66,5
CUST-038757,111407.97,27
CUST-038758,53410.54,8
CUST-038760,3318.56,38
CUST-038761,177361.82,47
CUST-038762,13768.81,0
CUST-038763,7459.26,11
CUST-038764,95684.95,22
CUST-038765,232933.62,73
CUST-038766,24140.69,21
CUST-038767,8195.87,30
CUST-038768,151598.7,30
CUST-038769,158757.07,57
CUST-038771,15814.04,68
CUST-038772,15468.64,12
CUST-038773,375.17,51
CUST-038774,14804.08,21
CUST-038775,16101.26,9
CUST-038776,20854.54,8
CUST-038778,114857.44,27
CUST-038779,1444.66,4
CUST-038780,26130.22,13
CUST-038781,9082.26,0
CUST-038782,118067.06,32
CUST-038784,143980.6,6
CUST-038785,103033.88,42
CUST-038786,75796.71,6
CUST-038787,184283.3,2
CUST-038788,10056.1,47
CUST-038791,54687.05,23
CUST-038794,38764.07,2
CUST-038795,161636.29,21
CUST-038796,31087.39,19
CUST-038799,11896.39,29
CUST-038800,57004.24,3
CUST-038802,11546.97,11
CUST-038803,41827.13,46
CUST-038805,15519.94,8
CUST-038807,5570.77,23
CUST-038808,29513.39,43
CUST-038810,90731.87,0
CUST-038811,18274.05,21
CUST-038812,16083.09,41
CUST-038813,50452.34,37
CUST-038814,18336.23,7
CUST-038815,6932.61,55
CUST-038816,124709.82,1
CUST-038817,144300.2,16
CUST-038819,62300.92,42
CUST-038821,68740.16,29
CUST-038822,46871.15,18
CUST-038825,136247.46,28
CUST-038826,69062.05,43
CUST-038827,11666.38,16
CUST-038828,13130.73,24
CUST-038829,52456.58,42
CUST-038830,48214.06,34
CUST-038831,98660.52,9
CUST-038833,187730.72,11
CUST-038834,101284.08,78
CUST-038835,57280.65,8
CUST-038836,9992.48,49
CUST-038837,64480.22,36
CUST-038839,122115.06,34
CUST-038840,59917.13,38
CUST-038841,182465.42,45
CUST-038842,245.7,34
CUST-038843,15075.89,28
CUST-038844,6416.36,39
CUST-038846,25405.08,46
CUST-038847,106243.99,30
CUST-038848,133279.09,50
CUST-038850,6137.38,0
CUST-038851,1024.01,48
CUST-038852,32445.0,64
CUST-038853,37075.54,24
CUST-038854,52125.82,23
CUST-038856,39745.63,21
CUST-038857,131945.59,2
CUST-038859,29004.64,19
CUST-038860,56652.36,32
CUST-038861,9302.78,9
CUST-038862,54161.76,29
CUST-038863,25276.92,6
CUST-038866,155884.82,20
CUST-038867,121945.94,0
CUST-038868,110025.11,60
CUST-038869,101939.19,24
CUST-038871,7451.73,0
CUST-038872,21442.23,39
CUST-038876,89810.59,31
CUST-038877,94302.62,50
CUST-038880,9562.92,19
CUST-038882,61935.0,18
CUST-038883,31598.73,34
CUST-038884,52859.73,32
CUST-038886,25292.87,15
CUST-038888,50661.83,41
CUST-038890,52579.65,33
CUST-038891,174880.91,1
CUST-038892,0.0,33
CUST-038893,163868.33,18
CUST-038894,129220.31,0
CUST-038896,2060.56,45
CUST-038897,9367.06,0
CUST-038898,114276.63,23
CUST-038899,67491.69,6
CUST-038901,82005.08,27
CUST-038905,48992.79,39
CUST-038907,16459.49,7
CUST-038908,11827.92,8
CUST-038909,133326.26,22
CUST-038910,198532.45,32
CUST-038911,124991.34,25
CUST-038913,180380.52,36
CUST-038914,43027.96,50
CUST-038915,10037.61,19
CUST-038916,152800.27,39
CUST-038918,1561.15,0
CUST-038923,16010.43,20
CUST-038927,68683.25,6
CUST-038928,93914.68,47
CUST-038929,1080.3,25
CUST-038932,64431.84,15
CUST-038933,74710.1,33
CUST-038935,31643.94,61
CUST-038936,12364.42,56
CUST-038937,71181.62,11
CUST-038941,200693.76,43
CUST-038943,40278.42,37
CUST-038944,18053.36,40
CUST-038945,41674.45,43
CUST-038946,26973.3,34
CUST-038947,88645.53,10
CUST-038948,274333.56,25
CUST-038950,12712.37,45
CUST-038952,3853.29,44
CUST-038953,57552.62,10
CUST-038954,15913.16,41
CUST-038956,312.47,43
CUST-038957,26787.24,22
CUST-038958,83782.19,0
CUST-038959,6945.33,26
CUST-038961,122195.69,49
CUST-038962,11655.8,0
CUST-038963,2459.87,3
CUST-038964,20443.37,8
CUST-038965,143032.67,32
CUST-038966,40786.26,67
CUST-038967,158337.14,40
CUST-038968,57904.76,23
CUST-038969,62029.51,0
CUST-038970,37717.42,0
CUST-038971,7784.51,63
CUST-038972,7664.46,0
CUST-038973,39788.1,60
CUST-038975,6764.57,53
CUST-038976,10354.16,50
CUST-038978,175961.35,0
CUST-038980,112597.41,8
CUST-038981,4668.04,77
CUST-038982,3848.35,7
CUST-038983,74372.48,22
CUST-038985,29359.5,37
CUST-038986,29996.81,14
CUST-038987,37299.04,46
CUST-038988,57991.71,34
CUST-038989,202816.16,5
CUST-038990,83210.69,14
CUST-038991,18211.34,59
CUST-038992,10077.1,15
CUST-038993,197319.8,14
CUST-038994,62040.77,36
CUST-038995,95973.5,0
CUST-038996,53316.99,62
CUST-038997,15617.85,34
CUST-038998,7852.93,30
CUST-039000,48588.98,36
CUST-039001,56092.82,30
CUST-039002,26828.29,45
CUST-039003,2759.81,0
CUST-039004,6849.61,49
CUST-039005,36412.4,18
CUST-039007,43046.23,0
CUST-039008,7950.08,45
CUST-039009,62118.01,37
CUST-039010,15194.78,46
CUST-039011,95206.33,47
CUST-039014,36495.55,45
CUST-039015,147624.19,22
CUST-039016,114334.53,4
CUST-039019,106016.63,1
CUST-039020,5034.1,22
CUST-039021,11154.43,0
CUST-039022,4179.7,56
CUST-039023,57727.22,15
CUST-039024,62054.11,16
CUST-039025,26839.46,49
CUST-039026,138024.72,15
CUST-039027,76974.55,26
CUST-039028,1998.05,0
CUST-039029,13874.19,34
CUST-039030,51555.36,0
CUST-039031,92546.67,71
CUST-039032,42400.12,0
CUST-039033,44931.6,22
CUST-039034,9489.5,38
CUST-039035,63437.3,0
CUST-039036,109024.16,24
CUST-039037,14569.08,5
CUST-039038,18772.57,50
CUST-039039,33767.39,25
CUST-039041,3510.01,28
CUST-039042,4960.46,7
CUST-039043,28967.9,45
CUST-039045,14099.46,7
CUST-039046,59088.17,75
CUST-039047,108726.27,28
CUST-039048,11064.41,30
CUST-039049,33869.95,20
CUST-039050,68978.24,8
CUST-039051,3001.12,78
CUST-039052,93329.6,5
CUST-039053,38355.13,0
CUST-039056,5676.16,0
CUST-039057,103181.12,50
CUST-039058,63943.47,24
CUST-039063,115245.72,24
CUST-039064,93759.57,44
CUST-039065,5202.44,30
CUST-039066,4380.73,27
CUST-039067,122918.21,18
CUST-039068,26361.84,15
CUST-039069,66791.19,11
CUST-039070,31757.51,25
CUST-039071,2181.05,8
CUST-039072,84990.07,0
CUST-039074,24037.95,13
CUST-039075,125167.07,9
CUST-039076,104283.34,48
CUST-039078,36691.24,0
CUST-039079,63465.69,23
CUST-039081,2860.53,10
CUST-039082,16904.62,31
CUST-039083,224659.92,4
CUST-039085,31467.07,1
CUST-039086,11817.61,12
CUST-039087,174661.82,9
CUST-039088,194116.12,5
CUST-039089,67409.9,37
CUST-039091,25931.84,52
CUST-039092,83512.58,70
CUST-039094,24586.82,33
CUST-039095,36547.0,3
CUST-039096,26650.8,44
CUST-039097,2869.54,30
CUST-039099,9178.2,32
CUST-039100,4425.0,44
CUST-039103,21616.86,0
CUST-039104,183731.61,6
CUST-039105,5499.56,15
CUST-039106,40908.61,25
CUST-039107,2944.4,47
CUST-039108,43521.69,9
CUST-039111,5989.45,48
CUST-039112,175876.52,29
CUST-039113,76702.1,7
CUST-039115,19786.07,6
CUST-039116,95430.95,48
CUST-039117,135843.34,34
CUST-039118,47546.4,46
CUST-039119,58909.65,0
CUST-039120,98003.87,41
CUST-039121,51934.59,48
CUST-039122,6756.53,20
CUST-039123,1392.96,20
CUST-039124,95354.42,30
CUST-039125,104776.27,0
CUST-039126,101366.4,43
CUST-039128,21694.29,22
CUST-039129,4009.09,80
CUST-039130,22311.54,57
CUST-039131,40623.53,30
CUST-039132,97893.57,30
CUST-039133,30088.73,12
CUST-039134,4024.15,33
CUST-039137,73312.19,57
CUST-039138,152099.39,54
CUST-039139,8555.01,39
CUST-039140,140399.42,44
CUST-039141,0.0,39
CUST-039143,15104.96,40
CUST-039145,92065.31,2
CUST-039147,25234.44,45
CUST-039148,26813.4,34
CUST-039149,43023.42,73
CUST-039150,77209.04,57
CUST-039151,28326.94,33
CUST-039152,1462.48,9
CUST-039153,126532.9,24
CUST-039154,13907.28,18
CUST-039155,109722.05,32
CUST-039156,29859.03,24
CUST-039157,1745.61,32
CUST-039158,15097.37,48
CUST-039159,69591.19,63
CUST-039160,60013.97,18
CUST-039161,59241.62,62
CUST-039162,13094.97,23
CUST-039165,19102.26,24
CUST-039166,37664.66,0
CUST-039167,13269.96,25
CUST-039168,66253.77,12
CUST-039170,4170.35,16
CUST-039171,69057.22,71
CUST-039172,4168.15,9
CUST-039173,15558.2,46
CUST-039175,67532.28,48
CUST-039176,89554.09,0
CUST-039177,11491.71,26
CUST-039178,27404.86,36
CUST-039179,105183.38,25
CUST-039180,522.67,0
CUST-039181,30360.24,85
CUST-039182,140309.43,17
CUST-039183,11590.98,34
CUST-039184,10522.68,60
CUST-039185,138808.3,57
CUST-039186,127681.22,40
CUST-039188,313.24,43
CUST-039189,12432.5,16
CUST-039190,44164.76,31
CUST-039193,83961.34,16
CUST-039194,15887.11,41
CUST-039195,71234.42,20
CUST-039196,35648.4,49
CUST-039198,107418.93,62
CUST-039199,6608.31,17
CUST-039200,2934.56,57
CUST-039201,48837.19,45
CUST-039202,79156.67,5
CUST-039204,62902.59,26
CUST-039205,32887.11,40
CUST-039206,72737.19,7
CUST-039207,10314.79,33
CUST-039208,1715.28,55
CUST-039210,62040.2,56
CUST-039211,162807.18,47
CUST-039213,21999.45,47
CUST-039214,142827.07,18
CUST-039215,9987.51,71
CUST-039216,56074.61,6
CUST-039218,95942.98,15
CUST-039219,30261.51,20
CUST-039221,44223.55,20
CUST-039222,13313.38,18
CUST-039225,33766.22,22
CUST-039226,82837.43,42
CUST-039227,20313.09,36
CUST-039229,22004.41,52
CUST-039233,142230.35,20
CUST-039234,107080.06,29
CUST-039235,15781.74,15
CUST-039236,54967.4,20
CUST-039237,4550.22,23
CUST-039238,7040.0,7
CUST-039240,11470.84,54
CUST-039241,198325.38,47
CUST-039243,17149.03,16
CUST-039244,43766.77,57
CUST-039245,223882.94,36
CUST-039246,79042.11,36
CUST-039248,63925.8,22
CUST-039250,19961.27,52
CUST-039252,60728.27,60
CUST-039253,3767.18,24
CUST-039254,105496.28,57
CUST-039255,117588.71,39
CUST-039256,59779.1,11
CUST-039257,81234.83,0
CUST-039258,48946.97,42
CUST-039259,943.42,23
CUST-039260,82757.95,0
CUST-039261,68908.92,72
CUST-039262,126786.17,46
CUST-039263,21291.54,1
CUST-039264,18887.24,16
CUST-039265,64891.96,18
CUST-039267,7000.53,6
CUST-039268,79726.59,1
CUST-039269,145267.06,46
CUST-039270,92192.26,24
CUST-039271,23515.3,18
CUST-039272,50722.18,23
CUST-039275,18835.26,8
CUST-039276,19927.71,25
CUST-039277,95315.57,22
CUST-039278,37611.35,43
CUST-039279,86020.03,49
CUST-039280,25649.65,44
CUST-039281,63711.66,35
CUST-039282,122093.57,0
CUST-039283,88201.72,22
CUST-039284,19801.28,1
CUST-039285,53121.24,25
CUST-039286,30749.45,12
CUST-039287,47604.3,33
CUST-039288,137772.1,52
CUST-039289,46150.01,6
CUST-039290,66942.2,24
CUST-039291,28208.37,23
CUST-039292,37891.85,43
CUST-039293,2785.13,32
CUST-039294,4317.09,35
CUST-039295,12295.92,56
CUST-039296,106981.64,5
CUST-039297,65839.07,29
CUST-039298,16519.11,6
CUST-039299,57119.64,15
CUST-039300,25743.22,12
CUST-039303,8463.06,48
CUST-039305,117319.0,28
CUST-039306,6608.93,22
CUST-039307,201970.49,0
CUST-039308,5358.51,18
CUST-039309,3351.28,65
CUST-039310,10349.85,20
CUST-039311,116102.42,19
CUST-039312,42863.56,55
CUST-039313,121379.99,33
CUST-039314,36384.72,23
CUST-039316,61883.38,18
CUST-039317,104820.34,38
CUST-039318,18033.73,32
CUST-039319,63984.49,15
CUST-039320,79010.1,2
CUST-039321,75050.53,5
CUST-039322,37134.51,22
CUST-039324,1496.09,70
CUST-039325,15919.44,29
CUST-039326,112201.53,54
CUST-039327,89186.11,19
CUST-039330,28197.22,9
CUST-039331,44225.12,11
CUST-039332,16606.82,65
CUST-039333,55099.68,40
CUST-039334,145874.41,0
CUST-039335,36967.83,34
CUST-039336,5730.95,36
CUST-039337,2812.88,18
CUST-039338,42592.06,32
CUST-039339,6763.64,0
CUST-039340,75369.32,57
CUST-039341,112953.13,34
CUST-039342,179833.54,55
CUST-039343,17899.7,19
CUST-039344,6260.22,18
CUST-039345,129652.81,15
CUST-039347,172339.37,30
CUST-039348,49877.44,16
CUST-039349,62861.39,58
CUST-039350,15416.43,50
CUST-039351,34933.23,36
CUST-039352,15530.77,21
CUST-039354,142450.97,4
CUST-039355,105940.02,67
CUST-039356,39083.63,17
CUST-039359,24778.94,38
CUST-039360,141542.16,48
CUST-039361,48709.45,33
CUST-039362,9692.57,1
CUST-039364,67539.85,32
CUST-039366,165277.67,46
CUST-039367,10502.25,26
CUST-039368,232481.93,30
CUST-039369,0.0,27
CUST-039370,118888.92,39
CUST-039371,7201.04,37
CUST-039372,79925.51,20
CUST-039373,110207.41,32
CUST-039374,106719.62,24
CUST-039375,46102.65,4
CUST-039377,126563.0,34
CUST-039378,188800.51,7
CUST-039379,39125.64,29
CUST-039380,49579.41,18
CUST-039383,130186.04,50
CUST-039385,17464.83,0
CUST-039386,11334.35,13
CUST-039387,11623.46,78
CUST-039389,74285.68,15
CUST-039391,28622.19,48
CUST-039392,89509.24,39
CUST-039395,114583.64,28
CUST-039396,42072.47,16
CUST-039397,69879.54,0
CUST-039399,155357.1,24
CUST-039400,107081.01,0
CUST-039401,28316.54,46
CUST-039402,68977.0,25
CUST-039403,22512.67,44
CUST-039404,25080.17,15
CUST-039405,32292.59,21
CUST-039406,36613.9,55
CUST-039407,137003.59,38
CUST-039408,153824.49,21
CUST-039409,92510.59,8
CUST-039410,214670.52,17
CUST-039411,65142.54,5
CUST-039412,18114.45,7
CUST-039413,243619.77,17
CUST-039414,167137.9,22
CUST-039415,2835.98,6
CUST-039416,22589.08,1
CUST-039417,28265.98,34
CUST-039418,25833.15,48
CUST-039419,144716.55,30
CUST-039420,63365.01,25
CUST-039421,17457.0,30
CUST-039422,138144.32,23
CUST-039423,142353.63,37
CUST-039424,28878.03,23
CUST-039425,118309.44,0
CUST-039426,109547.21,17
CUST-039427,25145.52,34
CUST-039428,96687.03,15
CUST-039429,119440.76,34
CUST-039430,33820.1,52
CUST-039432,34712.08,23
CUST-039433,20562.32,44
CUST-039434,967.85,37
CUST-039435,59078.22,7
CUST-039437,97523.5,2
CUST-039438,16306.85,37
CUST-039440,23690.81,0
CUST-039441,38513.21,8
CUST-039442,61603.83,52
CUST-039444,40308.86,40
CUST-039445,20936.2,0
CUST-039446,159455.3,18
CUST-039448,4474.75,15
CUST-039449,46791.28,44
CUST-039450,18632.6,24
CUST-039451,121733.99,28
CUST-039452,58055.56,17
CUST-039453,54410.11,24
CUST-039455,18691.21,0
CUST-039456,1935.92,8
CUST-039457,9792.16,59
CUST-039460,28138.4,23
CUST-039461,90188.75,0
CUST-039462,14506.23,20
CUST-039463,6509.91,20
CUST-039464,45227.29,18
CUST-039465,42839.39,22
CUST-039466,20128.7,48
CUST-039467,30095.32,10
CUST-039468,1287.52,50
CUST-039469,4660.41,19
CUST-039470,25859.13,9
CUST-039472,29685.41,0
CUST-039473,53930.83,5
CUST-039474,63276.46,0
CUST-039477,108617.23,60
CUST-039478,24514.32,59
CUST-039479,39499.21,60
CUST-039480,7355.15,28
CUST-039481,28558.3,8
CUST-039483,91982.36,0
CUST-039485,90566.13,31
CUST-039486,26630.33,0
CUST-039487,111136.76,25
CUST-039489,24348.46,0
CUST-039491,77579.47,60
CUST-039492,49130.17,17
CUST-039493,23391.5,18
CUST-039494,39141.26,16
CUST-039495,30262.59,21
CUST-039496,73257.55,20
CUST-039497,15480.64,44
CUST-039499,100331.92,44
CUST-039500,80732.14,30
CUST-039501,45999.37,42
CUST-039502,148925.04,34
CUST-039503,79620.56,39
CUST-039505,96177.45,15
CUST-039508,39740.99,29
CUST-039509,165325.01,10
CUST-039511,12762.43,2
CUST-039513,123380.57,10
CUST-039515,10425.01,26
CUST-039517,138821.54,8
CUST-039518,13814.45,38
CUST-039519,39919.43,18
CUST-039520,4182.11,24
CUST-039521,5121.44,32
CUST-039522,94009.95,24
CUST-039523,29942.73,75
CUST-039524,27882.79,18
CUST-039526,10637.87,15
CUST-039527,143385.92,0
CUST-039528,66349.0,51
CUST-039529,123181.0,37
CUST-039532,137567.95,50
CUST-039533,394.58,45
CUST-039534,55311.2,14
CUST-039535,40509.26,30
CUST-039537,116630.48,75
CUST-039539,2492.32,49
CUST-039540,116095.03,45
CUST-039541,89541.14,14
CUST-039542,38587.7,47
CUST-039543,71004.99,32
CUST-039545,120903.14,46
CUST-039546,23277.93,19
CUST-039547,32393.45,12
CUST-039548,1374.31,55
CUST-039549,95221.86,0
CUST-039550,67175.41,48
CUST-039551,4900.87,6
CUST-039552,4452.44,25
CUST-039553,84820.33,0
CUST-039554,94311.36,0
CUST-039555,12703.31,15
CUST-039556,24827.89,22
CUST-039557,2495.78,42
CUST-039558,46706.23,0
CUST-039559,80061.35,45
CUST-039560,61947.24,24
CUST-039561,60797.56,48
CUST-039562,54012.92,5
CUST-039563,124796.63,6
CUST-039564,105194.59,50
CUST-039565,94332.39,0
CUST-039566,52621.07,12
CUST-039567,8570.27,57
CUST-039568,84024.8,16
CUST-039569,65042.86,48
CUST-039571,61500.68,21
CUST-039573,55586.05,5
CUST-039574,40066.88,27
CUST-039575,87380.38,54
CUST-039576,95643.44,0
CUST-039577,203970.94,25
CUST-039578,167532.51,7
CUST-039579,70850.49,83
CUST-039580,4574.48,64
CUST-039582,97181.16,45
CUST-039583,7877.09,18
CUST-039584,29994.17,39
CUST-039586,44962.55,44
CUST-039590,148883.1,32
CUST-039591,105034.32,25
CUST-039593,1947.72,33
CUST-039594,79782.01,6
CUST-039595,36973.94,0
CUST-039596,700.66,28
CUST-039597,97133.02,48
CUST-039598,18782.7,33
CUST-039599,122821.06,31
CUST-039600,118697.99,47
CUST-039602,1889.28,0
CUST-039603,54715.53,58
CUST-039604,126333.96,35
CUST-039605,26086.3,65
CUST-039606,50135.05,36
CUST-039608,2152.89,6
CUST-039610,13013.45,9
CUST-039613,40003.05,50
CUST-039614,13188.79,4
CUST-039615,130638.26,22
CUST-039616,81362.39,59
CUST-039618,84694.48,30
CUST-039619,103065.26,4
CUST-039620,47156.58,32
CUST-039621,72435.29,38
CUST-039622,7554.84,25
CUST-039623,144543.09,16
CUST-039624,40278.58,24
CUST-039626,11740.43,8
CUST-039627,12173.81,6
CUST-039629,13156.36,42
CUST-039630,25648.75,11
CUST-039631,205164.18,10
CUST-039632,28377.79,12
CUST-039633,189153.67,39
CUST-039634,33317.1,0
CUST-039639,36063.33,40
CUST-039640,10602.9,21
CUST-039641,515.03,15
CUST-039642,2946.42,30
CUST-039643,3301.77,0
CUST-039644,37416.18,27
CUST-039645,1448.21,8
CUST-039646,103157.87,5
CUST-039648,145042.47,47
CUST-039649,56158.87,43
CUST-039650,76303.51,7
CUST-039651,50488.24,24
CUST-039654,79554.08,32
CUST-039655,11169.59,30
CUST-039656,6008.19,33
CUST-039657,110060.73,27
CUST-039658,103508.15,33
CUST-039659,28264.64,61
CUST-039661,48035.37,64
CUST-039662,50573.92,15
CUST-039664,140557.38,55
CUST-039665,4270.1,19
CUST-039667,25202.15,42
CUST-039668,25796.31,12
CUST-039669,69091.56,33
CUST-039670,54553.1,77
CUST-039671,39671.83,45
CUST-039672,103986.21,2
CUST-039673,9057.01,8
CUST-039674,155954.77,25
CUST-039675,85722.61,25
CUST-039676,43542.88,30
CUST-039680,223011.52,20
CUST-039681,48744.94,37
CUST-039682,38804.85,20
CUST-039683,0.0,40
CUST-039684,163819.27,26
CUST-039686,85576.95,23
CUST-039687,148322.3,56
CUST-039688,147899.29,32
CUST-039689,30639.76,10
CUST-039690,17518.35,24
CUST-039691,74274.63,21
CUST-039692,170227.58,0
CUST-039693,23234.84,0
CUST-039694,98995.0,50
CUST-039696,44160.45,61
CUST-039697,46495.64,35
CUST-039698,11601.36,37
CUST-039699,64103.84,50
CUST-039701,64258.11,0
CUST-039702,21670.95,33
CUST-039703,21972.04,45
CUST-039705,98478.99,19
CUST-039706,2942.4,29
CUST-039709,55366.16,52
CUST-039710,83827.17,40
CUST-039711,32205.41,54
CUST-039712,56344.82,40
CUST-039713,135137.83,22
CUST-039714,13163.56,9
CUST-039715,9018.24,21
CUST-039716,9375.17,33
CUST-039717,12335.2,30
CUST-039718,43218.43,12
CUST-039719,70823.05,46
CUST-039721,411.07,15
CUST-039723,10694.91,10
CUST-039725,68606.49,40
CUST-039726,39983.02,31
CUST-039727,5223.59,35
CUST-039728,5918.81,0
CUST-039729,10304.62,50
CUST-039730,32027.21,61
CUST-039731,8060.36,0
CUST-039732,12154.96,0
CUST-039733,121474.34,35
CUST-039734,12433.79,36
CUST-039735,48516.62,31
CUST-039736,82381.04,6
CUST-039738,13963.15,3
CUST-039739,42571.76,32
CUST-039741,26986.74,23
CUST-039742,5253.21,45
CUST-039743,38469.43,13
CUST-039744,137430.8,25
CUST-039745,16017.18,48
CUST-039746,43825.41,37
CUST-039748,26917.85,38
CUST-039749,45142.62,48
CUST-039750,6299.02,0
CUST-039751,6549.3,30
CUST-039752,42636.4,42
CUST-039753,176321.37,22
CUST-039754,130353.96,2
CUST-039755,87052.95,32
CUST-039757,25700.48,24
CUST-039759,28238.05,10
CUST-039761,28004.23,30
CUST-039762,166317.44,10
CUST-039763,57448.13,33
CUST-039764,139158.98,30
CUST-039765,141449.83,37
CUST-039766,16336.1,58
CUST-039767,85179.43,49
CUST-039768,75790.27,7
CUST-039769,1694.12,4
CUST-039770,9829.06,16
CUST-039771,179715.48,42
CUST-039772,40911.35,44
CUST-039773,1092.15,45
CUST-039774,45385.07,0
CUST-039776,17521.9,46
CUST-039777,40349.15,5
CUST-039779,5455.27,39
CUST-039780,37630.79,10
CUST-039781,1642.13,5
CUST-039782,13131.33,22
CUST-039783,58774.88,39
CUST-039784,51172.92,19
CUST-039785,8516.25,33
CUST-039786,56335.76,19
CUST-039787,6839.37,20
CUST-039788,23442.37,21
CUST-039789,77436.14,17
CUST-039790,12342.05,29
CUST-039791,82869.22,58
CUST-039792,54304.36,0
CUST-039793,191446.0,31
CUST-039794,84786.32,43
CUST-039795,845.3,25
CUST-039796,107910.2,7
CUST-039797,56270.05,16
CUST-039798,39714.88,25
CUST-039799,116022.42,78
CUST-039800,1589.97,30
CUST-039801,20001.37,23
CUST-039802,39089.01,34
CUST-039803,25075.11,22
CUST-039804,29974.69,0
CUST-039805,15918.07,46
CUST-039806,25003.47,23
CUST-039807,84317.97,47
CUST-039808,11408.36,10
CUST-039810,84057.94,7
CUST-039811,114355.07,24
CUST-039812,57444.57,44
CUST-039813,28471.94,6
CUST-039814,5435.87,14
CUST-039815,31305.4,22
CUST-039816,88449.22,47
CUST-039817,44559.77,30
CUST-039818,134636.09,31
CUST-039819,177411.91,48
CUST-039820,14449.84,34
CUST-039821,3674.84,72
CUST-039823,4970.39,42
CUST-039824,45472.56,20
CUST-039825,1021.09,0
CUST-039826,38140.35,26
CUST-039827,28866.41,37
CUST-039828,63541.39,65
CUST-039829,6458.59,17
CUST-039830,176529.1,0
CUST-039831,114336.32,34
CUST-039832,1097.76,27
CUST-039833,36652.39,0
CUST-039834,153879.12,26
CUST-039835,124309.03,47
CUST-039837,104419.45,40
CUST-039838,104492.82,0
CUST-039840,116816.26,47
CUST-039841,8646.97,47
CUST-039842,63577.34,10
CUST-039843,116835.2,48
CUST-039844,13332.85,38
CUST-039845,29485.64,64
CUST-039846,155094.92,22
CUST-039847,3973.64,0
CUST-039848,15696.53,25
CUST-039849,119465.46,49
CUST-039850,96242.73,25
CUST-039851,27652.65,8
CUST-039852,167237.07,3
CUST-039853,18798.86,16
CUST-039854,6064.38,41
CUST-039855,195110.39,62
CUST-039856,4450.7,0
CUST-039857,25378.98,34
CUST-039861,9159.23,51
CUST-039862,8129.54,29
CUST-039863,8015.53,30
CUST-039864,3260.84,57
CUST-039865,8776.55,10
CUST-039866,74047.45,20
CUST-039867,61545.38,16
CUST-039868,3723.91,46
CUST-039870,91745.23,47
CUST-039871,10636.99,72
CUST-039872,10732.18,0
CUST-039873,3972.93,42
CUST-039874,139102.7,24
CUST-039875,13896.39,14
CUST-039876,12529.88,19
CUST-039877,60143.58,32
CUST-039878,31509.77,37
CUST-039879,40704.53,34
CUST-039882,16121.85,29
CUST-039883,7466.4,22
CUST-039884,33985.86,0
CUST-039885,67289.5,21
CUST-039887,31190.88,49
CUST-039888,39441.65,1
CUST-039889,76148.45,31
CUST-039890,15473.33,41
CUST-039891,537.72,17
CUST-039892,42839.89,23
CUST-039893,840.15,49
CUST-039894,77241.72,20
CUST-039895,218986.66,62
CUST-039896,38828.1,0
CUST-039897,160867.76,50
CUST-039898,20975.53,4
CUST-039900,120815.51,17
CUST-039902,32631.38,8
CUST-039903,79401.99,8
CUST-039904,52940.06,2
CUST-039905,55122.65,1
CUST-039906,142120.35,8
CUST-039907,89132.3,0
CUST-039908,76648.88,30
CUST-039910,13319.98,44
CUST-039911,121721.89,46
CUST-039912,2983.72,31
CUST-039913,68855.81,14
CUST-039914,24980.41,39
CUST-039916,39024.23,66
CUST-039918,93717.1,46
CUST-039919,88219.61,48
CUST-039920,84261.9,59
CUST-039921,69357.93,46
CUST-039922,157090.04,11
CUST-039923,6260.74,7
CUST-039924,12353.37,11
CUST-039925,21727.6,38
CUST-039926,69144.68,24
CUST-039927,89433.88,70
CUST-039929,133039.55,25
CUST-039930,28457.57,32
CUST-039931,28216.71,40
CUST-039932,11702.81,23
CUST-039933,51103.56,66
CUST-039934,127026.76,21
CUST-039936,54316.63,33
CUST-039937,35654.98,15
CUST-039938,1377.89,38
CUST-039939,81741.91,42
CUST-039940,53724.73,10
CUST-039941,103903.29,23
CUST-039942,39443.9,70
CUST-039943,50640.8,17
CUST-039944,91551.06,0
CUST-039945,109447.68,30
CUST-039946,20072.4,33
CUST-039947,16232.27,8
CUST-039948,116581.72,8
CUST-039949,168649.2,35
CUST-039950,6515.72,53
CUST-039951,11677.19,23
CUST-039952,884.4,31
CUST-039953,94658.48,5
CUST-039955,80175.4,25
CUST-039956,36070.35,15
CUST-039957,83284.59,10
CUST-039958,24086.67,65
CUST-039959,26728.85,20
CUST-039960,144629.1,32
CUST-039961,84701.07,22
CUST-039962,6194.9,16
CUST-039963,107577.34,10
CUST-039964,0.0,26
CUST-039965,37806.03,9
CUST-039966,6301.92,52
CUST-039967,64671.13,0
CUST-039970,41945.67,32
CUST-039971,7587.87,5
CUST-039972,37576.35,53
CUST-039973,42475.38,22
CUST-039975,152231.63,8
CUST-039976,149364.24,36
CUST-039977,12367.26,0
CUST-039978,2620.45,25
CUST-039979,80090.65,37
CUST-039981,4553.48,5
CUST-039982,121456.4,21
CUST-039983,24798.65,7
CUST-039984,8199.11,18
CUST-039985,47397.01,23
CUST-039986,82726.88,42
CUST-039987,7359.85,43
CUST-039988,9237.7,10
CUST-039989,7019.07,15
CUST-039992,51815.52,45
CUST-039993,54028.36,7
CUST-039994,59113.21,27
CUST-039995,16874.59,40
CUST-039997,8352.09,31
CUST-039999,7163.08,50
CUST-040000,101768.66,10
CUST-040001,33169.48,59
CUST-040003,155777.85,23
CUST-040004,47494.06,31
CUST-040005,54984.78,15
CUST-040006,11669.57,74
CUST-040007,122700.37,30
CUST-040008,40485.19,32
CUST-040009,17666.05,45
CUST-040010,27402.69,51
CUST-040012,178940.26,10
CUST-040013,136837.96,15
CUST-040014,27506.33,20
CUST-040015,71466.32,16
CUST-040016,74914.27,25
CUST-040017,125333.73,58
CUST-040018,118599.07,15
CUST-040019,87856.85,10
CUST-040020,10992.01,47
CUST-040022,85546.44,48
CUST-040024,201249.37,26
CUST-040025,131501.11,16
CUST-040026,110785.56,62
CUST-040027,2742.91,0
CUST-040029,20560.09,23
CUST-040030,3780.04,30
CUST-040031,142374.13,6
CUST-040032,12006.74,0
CUST-040033,119479.23,37
CUST-040034,64774.4,33
CUST-040035,62291.6,42
CUST-040036,15802.43,11
CUST-040037,69496.2,23
CUST-040038,94900.17,51
CUST-040039,116126.03,21
CUST-040040,76106.1,21
CUST-040042,107797.22,58
CUST-040043,325.84,25
CUST-040044,7255.69,45
CUST-040045,41814.31,35
CUST-040046,73578.44,49
CUST-040047,3872.63,49
CUST-040048,39847.88,5
CUST-040049,93357.49,16
CUST-040050,196058.58,33
CUST-040051,72642.99,57
CUST-040052,65676.61,46
CUST-040053,234410.62,44
CUST-040054,6846.04,33
CUST-040055,56186.82,10
CUST-040056,21309.95,34
CUST-040057,96526.9,19
CUST-040058,68325.39,42
CUST-040059,20059.08,24
CUST-040060,16607.4,34
CUST-040061,134845.77,7
CUST-040062,141145.86,7
CUST-040063,108923.7,34
CUST-040064,12767.38,41
CUST-040067,124109.36,20
CUST-040068,56722.42,10
CUST-040069,92595.39,68
CUST-040070,32103.87,47
CUST-040072,13116.92,50
CUST-040073,25913.28,26
CUST-040074,14926.06,39
CUST-040075,171816.09,13
CUST-040076,24431.44,82
CUST-040080,10829.04,32
CUST-040081,181084.47,21
CUST-040082,17274.18,31
CUST-040083,8953.06,32
CUST-040084,792.8,63
CUST-040086,190239.79,49
CUST-040087,153268.77,16
CUST-040088,21645.18,26
CUST-040089,140461.75,64
CUST-040090,116074.04,24
CUST-040091,72481.65,35
CUST-040092,28420.89,15
CUST-040093,6133.57,6
CUST-040095,42397.67,60
CUST-040096,2131.85,63
CUST-040097,6459.33,28
CUST-040098,124692.2,19
CUST-040099,48836.63,27
CUST-040100,21085.37,53
CUST-040101,90088.92,1
CUST-040102,230749.2,26
CUST-040103,658.52,45
CUST-040104,37700.67,14
CUST-040107,12737.14,4
CUST-040108,1020.63,9
CUST-040109,664.04,39
CUST-040110,46923.96,30
CUST-040112,95961.5,6
CUST-040113,7622.25,0
CUST-040114,14735.09,17
CUST-040115,65274.0,18
CUST-040116,7115.84,17
CUST-040117,38048.26,23
CUST-040118,18480.46,44
CUST-040119,12550.78,17
CUST-040120,32163.41,0
CUST-040122,68116.12,29
CUST-040123,60354.34,20
CUST-040124,31780.13,65
CUST-040125,18613.53,37
CUST-040126,0.0,40
CUST-040127,50221.37,12
CUST-040128,100705.12,43
CUST-040129,63039.31,49
CUST-040130,95267.01,25
CUST-040131,62593.32,24
CUST-040132,91381.96,31
CUST-040133,89213.7,17
CUST-040134,138568.22,20
CUST-040135,126884.71,7
CUST-040136,21848.97,20
CUST-040137,6765.81,24
CUST-040138,27996.34,20
CUST-040139,137774.4,7
CUST-040141,17140.12,9
CUST-040142,44151.07,16
CUST-040143,48294.4,4
CUST-040145,75114.0,50
CUST-040146,16799.7,6
CUST-040147,42170.97,0
CUST-040148,34733.93,21
CUST-040149,5101.31,26
CUST-040150,52198.24,16
CUST-040151,80650.25,50
CUST-040153,29742.55,23
CUST-040154,58786.32,66
CUST-040158,6624.98,40
CUST-040159,58716.71,63
CUST-040160,25531.89,44
CUST-040163,9869.31,34
CUST-040164,88028.1,49
CUST-040165,26384.33,3
CUST-040166,5678.52,29
CUST-040167,35633.24,19
CUST-040168,81019.18,0
CUST-040169,32643.74,2
CUST-040170,5610.32,30
CUST-040172,66702.93,20
CUST-040173,25930.19,55
CUST-040176,3635.64,64
CUST-040177,11717.17,89
CUST-040181,20583.16,40
CUST-040182,34882.06,24
CUST-040183,26948.02,85
CUST-040184,67014.51,8
CUST-040187,122748.73,16
CUST-040188,12565.7,22
CUST-040189,44473.15,35
CUST-040190,55479.51,0
CUST-040191,65167.64,22
CUST-040192,102614.67,21
CUST-040193,10231.54,4
CUST-040194,8163.78,49
CUST-040195,110581.04,23
CUST-040197,88999.1,6
CUST-040198,135950.92,40
CUST-040199,78298.15,51
CUST-040201,69898.5,19
CUST-040202,17886.89,29
CUST-040203,40625.59,48
CUST-040204,18256.16,0
CUST-040205,128298.89,13
CUST-040206,83027.77,22
CUST-040207,21106.04,35
CUST-040209,46374.23,3
CUST-040210,64240.06,44
CUST-040211,67192.19,20
CUST-040212,116108.73,29
CUST-040213,192847.29,43
CUST-040214,58383.92,58
CUST-040215,93299.52,30
CUST-040216,251139.5,5
CUST-040217,34780.62,39
CUST-040218,19353.6,43
CUST-040219,9712.15,11
CUST-040220,24576.44,27
CUST-040221,15941.22,45
CUST-040222,15965.94,23
CUST-040223,77458.11,0
CUST-040225,37060.79,9
CUST-040226,17965.81,15
CUST-040227,106146.52,47
CUST-040228,143358.91,17
CUST-040229,13206.58,69
CUST-040231,17480.98,33
CUST-040233,34669.17,1
CUST-040234,3884.31,65
CUST-040235,40345.76,33
CUST-040236,29189.9,35
CUST-040237,2484.43,42
CUST-040238,5108.27,48
CUST-040239,7852.57,35
CUST-040240,197248.44,23
CUST-040242,66205.48,20
CUST-040243,32439.05,28
CUST-040244,42168.37,28
CUST-040245,162992.91,7
CUST-040246,712.45,38
CUST-040247,43452.88,22
CUST-040248,64121.73,0
CUST-040249,347.33,24
CUST-040250,227262.1,46
CUST-040251,42811.8,66
CUST-040252,137260.79,44
CUST-040253,117665.78,59
CUST-040254,57221.92,22
CUST-040256,61605.92,43
CUST-040257,132504.05,30
CUST-040258,63255.07,25
CUST-040259,90939.4,36
CUST-040260,86243.03,7
CUST-040261,97379.82,59
CUST-040263,66820.81,43
CUST-040264,31883.91,20
CUST-040266,10506.47,32
CUST-040268,45430.59,46
CUST-040270,238418.18,17
CUST-040271,94092.79,21
CUST-040272,15281.2,16
CUST-040273,65979.27,15
CUST-040274,78237.06,21
CUST-040275,59264.87,0
CUST-040277,3881.27,55
CUST-040278,25135.03,7
CUST-040279,7187.7,26
CUST-040281,98929.07,38
CUST-040282,30817.78,16
CUST-040283,175568.34,60
CUST-040285,199107.14,25
CUST-040286,7228.11,15
CUST-040287,49520.72,0
CUST-040288,128851.8,53
CUST-040289,57778.86,64
CUST-040290,2821.0,29
CUST-040291,3331.5,39
CUST-040292,130926.32,35
CUST-040294,11762.39,48
CUST-040295,109886.78,33
CUST-040298,19546.97,33
CUST-040300,24130.63,12
CUST-040301,18110.08,36
CUST-040302,53717.79,17
CUST-040305,46740.63,31
CUST-040307,147552.31,32
CUST-040309,191197.99,46
CUST-040310,14673.65,19
CUST-040312,13746.12,0
CUST-040313,84921.08,25
CUST-040314,107641.05,34
CUST-040315,37552.68,9
CUST-040316,33080.21,24
CUST-040317,129313.34,0
CUST-040318,3072.93,0
CUST-040319,8898.72,50
CUST-040320,12804.88,34
CUST-040321,22677.42,60
CUST-040322,51436.56,35
CUST-040323,59636.48,12
CUST-040324,21716.34,0
CUST-040325,91429.79,8
CUST-040326,46541.05,18
CUST-040327,127287.0,27
CUST-040328,17590.41,9
CUST-040329,24355.17,39
CUST-040330,80313.23,32
CUST-040331,15623.25,34
CUST-040332,9318.66,0
CUST-040333,158091.18,12
CUST-040334,71831.07,31
CUST-040335,63110.46,65
CUST-040336,13189.88,15
CUST-040339,73354.46,34
CUST-040340,10375.9,16
CUST-040341,121290.02,18
CUST-040342,96976.98,10
CUST-040343,66516.22,24
CUST-040344,5152.12,12
CUST-040346,149355.42,0
CUST-040347,178091.6,48
CUST-040350,43901.67,27
CUST-040351,67978.77,7
CUST-040353,96298.5,31
CUST-040356,1627.66,16
CUST-040358,40989.62,19
CUST-040359,7460.77,0
CUST-040362,49826.4,5
CUST-040363,236754.5,60
CUST-040364,188.97,16
CUST-040366,67638.32,16
CUST-040367,19216.18,18
CUST-040368,8470.38,43
CUST-040369,201133.13,18
CUST-040370,8840.33,30
CUST-040371,8753.8,48
CUST-040372,6460.18,32
CUST-040373,25567.0,36
CUST-040374,6947.92,19
CUST-040375,0.0,40
CUST-040376,5655.84,25
CUST-040380,35097.41,48
CUST-040381,25541.4,3
CUST-040383,15582.26,32
CUST-040385,55170.11,37
CUST-040386,71887.44,32
CUST-040387,58818.04,17
CUST-040388,44155.0,10
CUST-040389,136573.82,0
CUST-040390,96174.86,23
CUST-040391,312.76,0
CUST-040392,40737.32,0
CUST-040393,114767.58,19
CUST-040394,13763.21,56
CUST-040395,46215.78,38
CUST-040396,206611.38,5
CUST-040398,9196.54,33
CUST-040400,123526.34,34
CUST-040401,116215.92,32
CUST-040404,54144.19,21
CUST-040405,116532.77,0
CUST-040406,171.46,51
CUST-040407,90918.63,36
CUST-040408,9203.39,36
CUST-040409,11562.23,29
CUST-040410,67376.83,17
CUST-040412,93424.0,10
CUST-040415,65335.14,23
CUST-040416,14991.65,0
CUST-040417,52281.15,0
CUST-040418,20572.27,26
CUST-040420,71620.36,12
CUST-040421,30370.2,49
CUST-040422,9681.84,23
CUST-040423,1869.74,38
CUST-040424,14585.35,39
CUST-040425,149730.53,16
CUST-040426,124239.93,0
CUST-040428,40867.55,18
CUST-040429,408.28,51
CUST-040430,38622.47,42
CUST-040431,83346.22,23
CUST-040432,49756.64,1
CUST-040434,66013.38,39
CUST-040436,40668.66,46
CUST-040438,77175.78,0
CUST-040439,137501.48,50
CUST-040441,13166.2,0
CUST-040442,92282.79,12
CUST-040443,47450.72,12
CUST-040444,23368.21,25
CUST-040445,97522.67,19
CUST-040447,25694.11,58
CUST-040448,25064.51,7
CUST-040449,36114.18,8
CUST-040450,155016.58,13
CUST-040452,74368.0,8
CUST-040453,94309.77,4
CUST-040454,113378.45,15
CUST-040455,20074.44,37
CUST-040456,89164.85,26
CUST-040457,39077.26,43
CUST-040458,115852.47,45
CUST-040459,116202.88,32
CUST-040460,189330.21,7
CUST-040461,35118.8,0
CUST-040462,44191.38,50
CUST-040464,158830.33,25
CUST-040465,7100.55,0
CUST-040467,3119.71,36
CUST-040468,52089.04,66
CUST-040470,3143.28,9
CUST-040471,34048.02,32
CUST-040472,58247.36,1
CUST-040473,50515.15,33
CUST-040474,227456.9,64
CUST-040475,32473.9,0
CUST-040476,58067.92,14
CUST-040477,68741.61,21
CUST-040478,87363.34,33
CUST-040479,46827.82,18
CUST-040480,57535.44,33
CUST-040481,22450.55,6
CUST-040482,122337.22,16
CUST-040483,57752.34,17
CUST-040484,3477.63,26
CUST-040485,28585.19,31
CUST-040487,62237.67,26
CUST-040488,34872.15,33
CUST-040490,203334.18,3
CUST-040492,17729.11,45
CUST-040493,146999.06,57
CUST-040494,107303.3,18
CUST-040495,8701.77,21
CUST-040496,8242.84,18
CUST-040497,134057.42,30
CUST-040498,11691.54,17
CUST-040499,30763.11,35
CUST-040500,13251.97,25
CUST-040501,5942.3,8
CUST-040502,6210.82,22
CUST-040503,147506.52,24
CUST-040504,154666.54,5
CUST-040505,180007.51,31
CUST-040506,96127.52,46
CUST-040507,36810.43,4
CUST-040509,45030.53,17
CUST-040510,221359.0,22
CUST-040511,11904.59,16
CUST-040512,22722.96,34
CUST-040513,86745.91,46
CUST-040514,65313.08,24
CUST-040515,90622.28,9
CUST-040516,567.81,1
CUST-040518,66152.19,41
CUST-040519,53689.27,36
CUST-040520,89070.92,19
CUST-040522,85446.15,10
CUST-040523,25916.84,31
CUST-040525,96809.64,9
CUST-040527,8829.63,11
CUST-040528,25951.55,36
CUST-040529,133163.22,72
CUST-040530,65979.29,6
CUST-040531,148.4,37
CUST-040532,42697.18,37
CUST-040533,1570.07,22
CUST-040534,5816.07,30
CUST-040536,21593.88,39
CUST-040537,137603.89,7
CUST-040538,20991.73,27
CUST-040539,27240.63,21
CUST-040540,30905.54,48
CUST-040541,56602.96,5
CUST-040542,153615.43,77
CUST-040543,130056.67,10
CUST-040544,29582.52,0
CUST-040545,5627.17,26
CUST-040546,19274.25,7
CUST-040547,18844.02,42
CUST-040548,163517.93,8
CUST-040549,110621.91,18
CUST-040550,10138.48,32
CUST-040551,5012.49,17
CUST-040555,12244.69,28
CUST-040556,123684.09,32
CUST-040557,63270.11,3
CUST-040558,88704.02,6
CUST-040559,44523.98,49
CUST-040560,72750.28,20
CUST-040561,69355.09,17
CUST-040562,10540.6,55
CUST-040564,1987.27,33
CUST-040567,7170.01,33
CUST-040568,108371.04,3
CUST-040569,205336.02,46
CUST-040570,131416.65,32
CUST-040572,129497.36,65
CUST-040573,72245.22,43
CUST-040574,46843.94,24
CUST-040575,16430.03,32
CUST-040576,64656.66,22
CUST-040579,68541.76,65
CUST-040580,8719.92,13
CUST-040582,37286.26,48
CUST-040583,68152.47,7
CUST-040584,67861.85,32
CUST-040586,71213.55,59
CUST-040587,67605.33,0
CUST-040588,119077.29,22
CUST-040589,8414.47,25
CUST-040590,122966.43,24
CUST-040591,97894.67,58
CUST-040592,118046.97,10
CUST-040593,140125.88,18
CUST-040594,4164.13,18
CUST-040595,29548.7,9
CUST-040596,37258.55,23
CUST-040598,66405.37,15
CUST-040599,24522.15,0
CUST-040600,47909.87,17
CUST-040601,14860.92,40
CUST-040602,0.0,26
CUST-040603,154965.84,18
CUST-040604,48620.89,41
CUST-040606,168490.76,19
CUST-040607,25044.59,43
CUST-040608,18797.33,25
CUST-040609,58999.05,33
CUST-040610,78396.05,42
CUST-040611,4581.41,43
CUST-040612,22235.08,12
CUST-040613,31977.19,48
CUST-040614,174466.48,35
CUST-040615,109995.95,71
CUST-040616,38521.49,0
CUST-040619,133481.64,0
CUST-040620,30716.62,16
CUST-040621,12326.06,33
CUST-040622,80775.21,0
CUST-040623,178384.04,73
CUST-040624,106823.87,25
CUST-040625,48755.83,13
CUST-040626,45251.12,22
CUST-040627,19323.04,25
CUST-040628,126839.83,0
CUST-040629,8358.93,33
CUST-040630,120966.46,15
CUST-040631,680.72,7
CUST-040632,64554.83,65
CUST-040633,64242.55,0
CUST-040634,69269.69,26
CUST-040635,4866.39,4
CUST-040636,136669.69,21
CUST-040637,76211.66,49
CUST-040638,15184.46,43
CUST-040639,1388.04,47
CUST-040641,17491.88,65
CUST-040642,150451.89,0
CUST-040644,28058.63,43
CUST-040645,74717.76,36
CUST-040646,251836.98,29
CUST-040648,194465.11,2
CUST-040649,89805.8,65
CUST-040650,12460.15,33
CUST-040651,6547.59,33
CUST-040652,4509.95,31
CUST-040655,44034.57,30
CUST-040656,121947.08,36
CUST-040657,90143.44,0
CUST-040660,30779.35,36
CUST-040661,24784.14,17
CUST-040662,32095.22,0
CUST-040663,73536.48,40
CUST-040664,39981.12,25
CUST-040665,129280.12,6
CUST-040666,4903.13,45
CUST-040668,13352.93,59
CUST-040669,105929.52,24
CUST-040670,44803.22,7
CUST-040671,77834.95,44
CUST-040672,122005.88,39
CUST-040673,69336.22,89
CUST-040674,148984.67,19
CUST-040675,2749.66,58
CUST-040676,16716.05,4
CUST-040678,68282.9,0
CUST-040679,77690.02,0
CUST-040680,50085.41,16
CUST-040681,76239.39,0
CUST-040683,13528.62,41
CUST-040685,55632.44,18
CUST-040686,80869.06,30
CUST-040687,81319.29,6
CUST-040688,3986.26,11
CUST-040689,89648.16,20
CUST-040690,9513.69,19
CUST-040691,66172.89,8
CUST-040692,65804.28,54
CUST-040693,13474.79,57
CUST-040694,26266.5,32
CUST-040695,50279.93,11
CUST-040696,7961.26,45
CUST-040697,82753.92,48
CUST-040698,140744.76,28
CUST-040700,42639.86,15
CUST-040701,52140.17,32
CUST-040702,57275.69,43
CUST-040703,72577.61,15
CUST-040704,61196.06,30
CUST-040705,30625.51,41
CUST-040706,95804.87,0
CUST-040707,17669.84,14
CUST-040708,7239.99,7
CUST-040709,39107.04,33
CUST-040710,35031.92,26
CUST-040711,222610.63,56
CUST-040712,131870.73,52
CUST-040713,75220.73,14
CUST-040714,86526.29,0
CUST-040716,35595.02,0
CUST-040717,19887.67,35
CUST-040718,41701.13,4
CUST-040719,113850.12,34
CUST-040720,4511.66,13
CUST-040721,194333.59,27
CUST-040722,115718.51,0
CUST-040723,34579.46,0
CUST-040724,97155.67,20
CUST-040725,82303.33,5
CUST-040726,227091.89,5
CUST-040727,41049.12,0
CUST-040728,214702.0,6
CUST-040730,59455.6,49
CUST-040731,35640.24,21
CUST-040732,192962.75,0
CUST-040734,104165.2,24
CUST-040735,56673.51,21
CUST-040736,44989.81,67
CUST-040737,5905.98,24
CUST-040738,47771.65,54
CUST-040739,9107.68,1
CUST-040741,1175.47,31
CUST-040742,4927.99,25
CUST-040743,30951.19,45
CUST-040745,13251.94,31
CUST-040746,24910.53,0
CUST-040747,69649.6,15
CUST-040748,143772.71,31
CUST-040749,23545.97,10
CUST-040750,95718.56,35
CUST-040753,82341.68,42
CUST-040754,24409.63,37
CUST-040755,7552.75,53
CUST-040756,41242.64,61
CUST-040757,3229.96,45
CUST-040758,6046.83,14
CUST-040760,41506.83,30
CUST-040761,32751.73,52
CUST-040762,56357.3,49
CUST-040763,135374.24,37
CUST-040764,124.65,45
CUST-040765,52420.88,0
CUST-040766,48152.46,45
CUST-040767,220150.21,45
CUST-040768,84012.39,5
CUST-040769,26595.45,32
CUST-040770,15438.39,50
CUST-040771,96532.98,64
CUST-040773,71280.48,20
CUST-040774,24800.01,0
CUST-040775,67350.7,31
CUST-040776,21326.21,0
CUST-040778,84304.46,1
CUST-040780,45468.92,38
CUST-040781,4011.92,18
CUST-040782,12457.52,14
CUST-040783,4807.65,5
CUST-040784,5243.68,38
CUST-040785,15423.47,48
CUST-040786,151238.22,23
CUST-040787,67410.5,24
CUST-040788,179535.94,31
CUST-040789,121010.45,49
CUST-040790,31109.96,66
CUST-040791,126512.04,12
CUST-040792,10412.14,19
CUST-040793,69099.16,31
CUST-040794,9811.37,66
CUST-040795,22807.25,23
CUST-040796,104505.65,17
CUST-040798,2776.36,22
CUST-040800,113611.37,46
CUST-040801,12840.07,7
CUST-040802,65840.54,22
CUST-040803,45412.57,57
CUST-040806,8344.32,0
CUST-040807,3949.63,31
CUST-040808,33838.29,20
CUST-040809,47020.76,0
CUST-040810,215794.73,0
CUST-040811,154612.94,26
CUST-040812,109243.0,18
CUST-040813,136140.37,18
CUST-040814,202717.4,21
CUST-040815,113192.67,73
CUST-040817,65335.96,50
CUST-040818,51309.19,8
CUST-040819,103432.21,0
CUST-040820,14668.09,53
CUST-040821,8793.38,68
CUST-040822,10697.37,6
CUST-040823,49420.87,0
CUST-040824,47666.63,48
CUST-040826,80505.2,9
CUST-040827,0.0,39
CUST-040828,4152.97,15
CUST-040829,224190.0,0
CUST-040831,120818.08,44
CUST-040832,3445.46,9
CUST-040834,46073.24,43
CUST-040835,61027.99,25
CUST-040836,26646.98,70
CUST-040837,187594.31,45
CUST-040838,10389.04,41
CUST-040839,2256.28,16
CUST-040840,89981.61,51
CUST-040841,41792.22,55
CUST-040842,70732.81,36
CUST-040843,32489.57,33
CUST-040844,9272.65,13
CUST-040845,25501.98,27
CUST-040847,83361.65,25
CUST-040848,120016.68,47
CUST-040849,32366.42,22
CUST-040850,31112.24,14
CUST-040851,92264.59,32
CUST-040852,5382.31,33
CUST-040853,53718.41,19
CUST-040854,22929.83,51
CUST-040856,79606.17,12
CUST-040857,37091.88,43
CUST-040858,213399.99,15
CUST-040859,79677.91,18
CUST-040860,93504.93,4
CUST-040861,2090.21,60
CUST-040862,37953.1,36
CUST-040864,149014.04,22
CUST-040865,1042.21,4
CUST-040866,118151.7,19
CUST-040867,73313.34,25
CUST-040868,19130.26,37
CUST-040869,105909.71,23
CUST-040870,2674.89,15
CUST-040871,57092.87,0
CUST-040872,149580.09,33
CUST-040874,189.7,33
CUST-040875,4038.71,0
CUST-040876,44362.36,5
CUST-040877,42905.85,0
CUST-040879,36983.07,37
CUST-040881,192908.99,25
CUST-040882,58154.3,7
CUST-040883,76852.28,53
CUST-040884,229871.37,33
CUST-040885,120830.6,4
CUST-040886,94148.22,46
CUST-040887,58568.09,49
CUST-040888,71280.45,23
CUST-040890,308.25,25
CUST-040892,1933.25,48
CUST-040893,44602.34,46
CUST-040894,50088.83,16
CUST-040895,30168.66,34
CUST-040896,0.0,28
CUST-040897,50826.58,44
CUST-040898,2111.52,51
CUST-040899,34114.06,0
CUST-040900,34906.77,59
CUST-040901,82595.67,21
CUST-040902,3007.73,34
CUST-040903,14666.21,0
CUST-040904,22281.65,0
CUST-040905,60654.13,42
CUST-040906,91201.01,6
CUST-040910,78263.04,20
CUST-040912,15711.8,17
CUST-040913,96118.93,2
CUST-040914,8811.95,1
CUST-040915,219588.42,8
CUST-040917,6700.78,26
CUST-040918,55808.05,16
CUST-040919,57455.73,3
CUST-040920,33467.31,40
CUST-040922,69415.09,22
CUST-040924,24121.31,47
CUST-040925,15576.0,9
CUST-040927,30693.61,27
CUST-040928,18928.79,0
CUST-040929,4655.24,0
CUST-040930,189.7,37
CUST-040931,5369.57,1
CUST-040932,111942.66,61
CUST-040934,2756.46,47
CUST-040935,21056.65,48
CUST-040936,81531.99,21
CUST-040937,159421.4,47
CUST-040938,94691.35,50
CUST-040940,38075.96,13
CUST-040941,230836.03,36
CUST-040942,4875.75,24
CUST-040943,19202.6,5
CUST-040944,71233.69,30
CUST-040945,31028.07,21
CUST-040947,19287.87,21
CUST-040948,119616.86,3
CUST-040949,6977.76,26
CUST-040950,86535.4,43
CUST-040951,88463.06,16
CUST-040952,150758.64,42
CUST-040953,32092.05,16
CUST-040954,156221.11,15
CUST-040955,45718.98,0
CUST-040956,29708.88,1
CUST-040957,73230.8,47
CUST-040958,20215.55,15
CUST-040959,151494.37,21
CUST-040960,24902.64,10
CUST-040961,53999.19,7
CUST-040962,146364.87,17
CUST-040963,31050.69,47
CUST-040964,86399.02,48
CUST-040965,74607.17,15
CUST-040966,10711.8,64
CUST-040967,115996.34,8
CUST-040968,69873.29,0
CUST-040970,162608.33,46
CUST-040971,56131.46,50
CUST-040973,7385.8,20
CUST-040976,80980.71,50
CUST-040977,697.61,57
CUST-040979,66993.55,61
CUST-040980,133700.67,54
CUST-040981,8831.81,6
CUST-040982,14304.01,10
CUST-040983,3180.04,39
CUST-040985,7988.11,23
CUST-040986,116803.56,30
CUST-040987,1129.88,54
CUST-040989,56753.36,38
CUST-040990,48950.95,0
CUST-040992,138047.16,13
CUST-040993,18885.34,11
CUST-040994,32620.3,22
CUST-040995,29747.03,55
CUST-040996,38046.24,36
CUST-040997,24518.27,16
CUST-040998,106898.73,53
CUST-040999,27152.93,90
CUST-041000,16287.59,16
CUST-041001,31320.66,24
CUST-041002,76810.86,15
CUST-041003,30102.77,11
CUST-041004,27713.67,47
CUST-041005,19617.35,11
CUST-041007,5857.77,59
CUST-041008,67691.51,0
CUST-041009,13528.06,66
CUST-041010,33988.06,13
CUST-041011,46756.48,24
CUST-041012,17170.82,7
CUST-041014,76707.88,24
CUST-041016,32954.02,1
CUST-041017,8596.88,0
CUST-041018,2702.76,22
CUST-041019,2754.35,30
CUST-041021,44556.77,49
CUST-041022,26187.44,28
CUST-041023,164460.97,16
CUST-041024,29911.95,18
CUST-041025,121746.62,36
CUST-041026,45653.1,30
CUST-041028,197502.8,34
CUST-041029,88049.58,22
CUST-041030,68514.42,47
CUST-041031,17014.6,23
CUST-041032,34764.32,0
CUST-041033,21850.1,23
CUST-041035,160453.26,55
CUST-041036,57152.8,28
CUST-041037,78990.68,38
CUST-041038,30737.03,32
CUST-041041,50208.43,43
CUST-041044,2427.19,46
CUST-041045,12593.46,87
CUST-041046,3963.27,25
CUST-041047,3530.07,46
CUST-041048,44637.85,0
CUST-041049,77247.14,34
CUST-041050,38367.28,27
CUST-041051,15794.39,26
CUST-041053,35253.52,43
CUST-041054,13234.42,0
CUST-041055,236361.93,30
CUST-041056,38370.91,2
CUST-041058,11088.35,11
CUST-041059,78397.66,40
CUST-041060,100567.34,18
CUST-041061,41117.19,23
CUST-041062,24111.54,45
CUST-041063,34268.44,56
CUST-041065,49060.91,3
CUST-041067,43621.97,32
CUST-041069,40573.34,16
CUST-041070,169407.58,12
CUST-041072,9456.92,0
CUST-041073,114999.34,28
CUST-041074,12226.95,13
CUST-041075,21556.57,21
CUST-041076,188092.21,11
CUST-041077,28864.66,23
CUST-041078,31415.64,34
CUST-041080,1955.53,29
CUST-041081,14168.87,18
CUST-041082,26670.52,15
CUST-041083,24595.98,0
CUST-041084,9857.59,13
CUST-041085,25902.73,2
CUST-041087,112639.68,20
CUST-041088,2657.22,22
CUST-041090,48623.63,64
CUST-041091,137057.32,32
CUST-041093,3219.93,12
CUST-041094,50955.53,33
CUST-041095,81953.26,20
CUST-041097,105026.75,16
CUST-041098,33189.27,17
CUST-041099,33699.73,13
CUST-041102,74278.67,47
CUST-041103,4697.02,57
CUST-041104,9214.86,30
CUST-041106,776.17,0
CUST-041107,15317.28,49
CUST-041108,13198.73,40
CUST-041109,14464.68,19
CUST-041110,15168.11,14
CUST-041112,1695.1,36
CUST-041116,113144.44,30
CUST-041118,78905.99,25
CUST-041119,77777.18,0
CUST-041120,108928.02,16
CUST-041121,151630.23,33
CUST-041123,76002.93,23
CUST-041125,177908.54,2
CUST-041126,17878.22,2
CUST-041127,6564.8,24
CUST-041128,70235.89,0
CUST-041129,29843.88,33
CUST-041130,12667.13,39
CUST-041131,37160.51,19
CUST-041132,20097.34,8
CUST-041133,12648.51,47
CUST-041135,44811.24,0
CUST-041137,6332.39,19
CUST-041138,1913.89,20
CUST-041139,79003.16,45
CUST-041140,6877.14,33
CUST-041141,82724.1,20
CUST-041143,62317.31,47
CUST-041144,35271.65,1
CUST-041145,56488.8,7
CUST-041147,14330.79,32
CUST-041148,30201.2,7
CUST-041149,24125.16,9
CUST-041150,22136.47,29
CUST-041151,31548.79,43
CUST-041152,50633.53,55
CUST-041153,8946.67,46
CUST-041154,111633.86,79
CUST-041155,124579.97,0
CUST-041156,19195.09,70
CUST-041157,220.94,6
CUST-041158,51125.72,40
CUST-041159,631.46,55
CUST-041160,47724.3,48
CUST-041161,116722.02,19
CUST-041162,134536.57,46
CUST-041163,148511.97,20
CUST-041165,80657.13,58
CUST-041166,17886.2,13
CUST-041167,39700.33,21
CUST-041168,23954.72,4
CUST-041169,2738.25,41
CUST-041170,145472.99,19
CUST-041171,65134.6,25
CUST-041173,20407.65,12
CUST-041174,61778.69,21
CUST-041175,126562.92,48
CUST-041177,732.49,51
CUST-041178,100270.34,2
CUST-041179,116409.73,82
CUST-041180,25017.79,3
CUST-041181,121395.52,20
CUST-041182,35258.88,57
CUST-041183,0.0,74
CUST-041184,127454.26,15
CUST-041185,83386.23,9
CUST-041186,55226.75,21
CUST-041187,15561.42,0
CUST-041189,123068.45,16
CUST-041190,135725.84,12
CUST-041192,18386.8,7
CUST-041193,42940.19,40
CUST-041194,130831.22,37
CUST-041195,138572.68,38
CUST-041196,68007.67,10
CUST-041197,48887.16,21
CUST-041198,13592.14,17
CUST-041199,19444.25,27
CUST-041201,45770.76,16
CUST-041202,233833.28,48
CUST-041203,92765.02,44
CUST-041204,15220.2,60
CUST-041205,82006.08,77
CUST-041207,54540.12,34
CUST-041208,10599.74,17
CUST-041209,30038.8,17
CUST-041212,63619.26,27
CUST-041214,255314.82,27
CUST-041215,48564.41,0
CUST-041216,4936.15,0
CUST-041217,23583.44,48
CUST-041218,64555.47,27
CUST-041219,135117.07,50
CUST-041220,30386.99,2
CUST-041221,27760.42,60
CUST-041223,105451.14,75
CUST-041224,199836.5,15
CUST-041225,9807.89,83
CUST-041226,85533.23,47
CUST-041227,31494.81,20
CUST-041228,2734.06,49
CUST-041229,98108.24,23
CUST-041230,47264.93,55
CUST-041231,3424.67,2
CUST-041232,40968.36,21
CUST-041233,8489.72,65
CUST-041234,31826.39,6
CUST-041236,84723.57,70
CUST-041237,11893.8,50
CUST-041238,30530.02,6
CUST-041239,656.34,9
CUST-041240,152523.46,44
CUST-041241,103968.0,0
CUST-041242,14343.47,55
CUST-041243,130618.08,0
CUST-041244,24755.46,37
CUST-041245,23020.55,45
CUST-041246,101584.87,16
CUST-041247,10902.86,39
CUST-041248,2440.86,35
CUST-041249,11931.29,48
CUST-041250,213619.24,57
CUST-041251,36485.83,17
CUST-041252,31022.42,0
CUST-041255,105886.17,30
CUST-041256,11547.5,52
CUST-041257,158462.08,36
CUST-041259,51884.41,23
CUST-041260,45436.59,44
CUST-041261,202297.12,0
CUST-041262,1236.64,37
CUST-041263,58589.24,12
CUST-041264,62211.59,49
CUST-041265,93764.95,34
CUST-041266,100434.8,24
CUST-041267,18242.45,24
CUST-041269,89075.65,33
CUST-041270,27980.01,33
CUST-041272,134948.29,49
CUST-041273,110517.67,5
CUST-041274,106512.78,25
CUST-041275,77920.62,40
CUST-041276,1364.45,55
CUST-041277,34287.74,41
CUST-041278,80175.67,24
CUST-041279,6850.89,75
CUST-041282,34209.16,23
CUST-041283,96682.84,7
CUST-041284,20404.9,4
CUST-041285,25023.56,50
CUST-041286,55352.33,4
CUST-041287,13004.04,31
CUST-041291,59172.5,63
CUST-041292,43990.79,7
CUST-041293,14822.46,25
CUST-041294,1458.36,41
CUST-041296,33398.25,9
CUST-041297,8370.49,21
CUST-041298,6808.43,31
CUST-041299,74352.82,21
CUST-041301,57382.68,0
CUST-041303,68610.37,61
CUST-041304,85451.01,0
CUST-041305,1517.55,50
CUST-041306,47438.65,17
CUST-041307,57855.64,80
CUST-041308,131028.67,8
CUST-041309,10752.63,0
CUST-041310,104548.45,47
CUST-041311,97984.12,50
CUST-041312,58158.43,33
CUST-041313,26228.69,26
CUST-041314,2741.92,19
CUST-041315,20637.01,33
CUST-041316,34675.94,19
CUST-041317,47629.48,57
CUST-041318,30.78,64
CUST-041319,51151.85,17
CUST-041320,5332.1,0
CUST-041322,70994.32,43
CUST-041323,116924.39,21
CUST-041324,12700.6,21
CUST-041325,60293.24,0
CUST-041326,142326.98,37
CUST-041327,148190.5,36
CUST-041329,109983.44,29
CUST-041330,8202.52,40
CUST-041331,1660.85,38
CUST-041332,19512.68,58
CUST-041333,61371.4,55
CUST-041335,54623.37,28
CUST-041338,19860.19,0
CUST-041339,96265.76,38
CUST-041341,102675.83,16
CUST-041342,19191.62,5
CUST-041343,5749.89,1
CUST-041344,13457.42,38
CUST-041345,55443.53,44
CUST-041346,21928.22,13
CUST-041347,103475.43,83
CUST-041348,14161.13,30
CUST-041349,11164.1,21
CUST-041350,3692.58,23
CUST-041351,79339.86,6
CUST-041352,67019.21,34
CUST-041353,93915.11,49
CUST-041355,360.0,0
CUST-041356,88186.85,54
CUST-041357,962.0,38
CUST-041358,8293.78,40
CUST-041359,69367.69,0
CUST-041360,108206.64,27
CUST-041361,75214.64,25
CUST-041362,18680.88,47
CUST-041363,1079.39,17
CUST-041364,12771.23,23
CUST-041366,4221.91,30
CUST-041367,93890.79,0
CUST-041368,185537.13,30
CUST-041369,5548.9,40
CUST-041370,20950.06,23
CUST-041371,72240.54,44
CUST-041373,10447.97,45
CUST-041374,55926.29,32
CUST-041375,2358.45,3
CUST-041378,18169.62,40
CUST-041379,159423.48,6
CUST-041380,36056.8,15
CUST-041381,57760.5,0
CUST-041382,24203.47,52
CUST-041383,63674.17,0
CUST-041384,155074.42,56
CUST-041387,1851.18,25
CUST-041388,131671.81,46
CUST-041389,195437.24,4
CUST-041391,49868.56,52
CUST-041392,5260.9,28
CUST-041393,12997.84,59
CUST-041394,33686.13,26
CUST-041395,46544.92,0
CUST-041396,77133.26,23
CUST-041398,41192.41,13
CUST-041399,216947.05,5
CUST-041401,103014.06,2
CUST-041402,28948.15,63
CUST-041403,133405.55,18
CUST-041404,25041.38,24
CUST-041405,123511.24,19
CUST-041406,23880.46,32
CUST-041407,104036.12,8
CUST-041408,79044.74,8
CUST-041409,38192.27,41
CUST-041410,104711.76,17
CUST-041411,58485.31,47
CUST-041412,1205.32,35
CUST-041413,141899.42,38
CUST-041415,107394.4,49
CUST-041417,53269.91,29
CUST-041418,44341.47,22
CUST-041419,8801.74,30
CUST-041421,16579.13,24
CUST-041423,50331.14,6
CUST-041425,70331.41,73
CUST-041426,4176.27,20
CUST-041428,20643.19,46
CUST-041429,57889.51,21
CUST-041430,3050.55,25
CUST-041431,13082.1,17
CUST-041432,9119.24,0
CUST-041433,125406.66,20
CUST-041435,9263.44,0
CUST-041436,10043.23,38
CUST-041437,42776.74,31
CUST-041438,21612.6,2
CUST-041439,4137.68,7
CUST-041440,201634.07,50
CUST-041443,34857.12,48
CUST-041445,18446.1,25
CUST-041446,35875.62,0
CUST-041447,9462.11,29
CUST-041448,35201.69,12
CUST-041449,7053.04,44
CUST-041450,48758.11,0
CUST-041451,29713.84,18
CUST-041452,49722.36,31
CUST-041453,3069.38,10
CUST-041454,26251.61,0
CUST-041455,3878.62,20
CUST-041456,5179.69,25
CUST-041457,70563.42,44
CUST-041458,10095.8,49
CUST-041459,9597.33,14
CUST-041460,38812.84,35
CUST-041462,133768.92,7
CUST-041463,149.98,48
CUST-041464,29519.25,58
CUST-041465,1674.31,50
CUST-041466,104881.27,39
CUST-041467,18996.22,32
CUST-041468,2920.12,64
CUST-041470,55598.13,35
CUST-041472,12747.2,57
CUST-041473,68574.01,33
CUST-041475,167194.05,55
CUST-041476,16152.86,74
CUST-041477,14294.54,0
CUST-041478,49159.89,32
CUST-041479,23257.12,23
CUST-041480,71645.7,0
CUST-041481,13528.73,27
CUST-041482,1466.89,11
CUST-041483,69500.18,51
CUST-041484,19245.88,21
CUST-041485,86395.52,42
CUST-041486,147276.03,39
CUST-041487,9831.4,0
CUST-041488,9301.02,50
CUST-041489,875.27,50
CUST-041490,75380.67,60
CUST-041491,58013.67,35
CUST-041492,7513.36,32
CUST-041493,162173.72,48
CUST-041494,31010.78,13
CUST-041495,24911.28,39
CUST-041496,38790.05,5
CUST-041498,68323.63,27
CUST-041499,37158.75,21
CUST-041500,56227.41,17
CUST-041501,23774.91,56
CUST-041502,11175.42,13
CUST-041503,137076.5,30
CUST-041505,72731.19,41
CUST-041506,72983.36,19
CUST-041507,89560.17,19
CUST-041509,84236.26,33
CUST-041510,18299.4,36
CUST-041511,1999.43,41
CUST-041512,114506.3,23
CUST-041514,5647.94,23
CUST-041516,41365.09,15
CUST-041517,17389.48,17
CUST-041518,121188.22,18
CUST-041519,47029.31,46
CUST-041520,37707.07,77
CUST-041521,2547.05,9
CUST-041522,22247.85,24
CUST-041523,115188.12,21
CUST-041524,42660.27,44
CUST-041526,0.0,43
CUST-041528,61085.42,8
CUST-041529,143873.2,0
CUST-041530,315.29,0
CUST-041531,72877.37,49
CUST-041532,14482.23,28
CUST-041533,27085.16,11
CUST-041534,0.0,100
CUST-041535,64514.9,15
CUST-041536,26163.73,43
CUST-041537,1950.84,9
CUST-041538,107596.09,22
CUST-041539,7956.43,26
CUST-041540,37846.96,10
CUST-041542,126208.1,46
CUST-041543,844.98,0
CUST-041544,1601.08,31
CUST-041545,50528.5,75
CUST-041546,127825.02,33
CUST-041549,1039.42,68
CUST-041550,8481.74,30
CUST-041551,31551.06,20
CUST-041552,121951.77,25
CUST-041554,58216.05,27
CUST-041555,71359.53,22
CUST-041556,15969.73,47
CUST-041557,31052.18,28
CUST-041559,12331.38,33
CUST-041560,56932.3,6
CUST-041561,82173.59,18
CUST-041562,59766.93,8
CUST-041563,126740.41,0
CUST-041564,7782.02,11
CUST-041565,31135.7,10
CUST-041566,74913.78,7
CUST-041567,24251.69,58
CUST-041568,44212.44,21
CUST-041569,101139.61,44
CUST-041571,4735.51,33
CUST-041573,89629.19,52
CUST-041574,6234.91,0
CUST-041575,103278.57,63
CUST-041576,14837.05,36
CUST-041577,33244.27,43
CUST-041578,107507.16,64
CUST-041579,14201.14,47
CUST-041580,43919.59,3
CUST-041583,114191.64,0
CUST-041584,14339.21,1
CUST-041586,168913.03,33
CUST-041588,13041.48,0
CUST-041589,55538.89,30
CUST-041592,178906.96,31
CUST-041593,2571.06,36
CUST-041594,24555.19,8
CUST-041595,33606.97,50
CUST-041596,99190.8,42
CUST-041597,130438.25,17
CUST-041598,26853.47,31
CUST-041599,1510.39,36
CUST-041600,51335.73,50
CUST-041603,1784.38,5
CUST-041605,8022.75,65
CUST-041606,12007.17,47
CUST-041607,31046.98,24
CUST-041608,108066.67,16
CUST-041609,10193.91,38
CUST-041610,63945.02,23
CUST-041611,57233.23,20
CUST-041612,68470.92,15
CUST-041613,53175.78,4
CUST-041614,2108.54,3
CUST-041616,212936.22,1
CUST-041617,67863.83,0
CUST-041618,73798.6,17
CUST-041619,41597.18,50
CUST-041621,7553.12,20
CUST-041622,126755.82,0
CUST-041623,17006.14,50
CUST-041624,43166.51,25
CUST-041625,12041.86,2
CUST-041626,71810.89,47
CUST-041627,6740.96,0
CUST-041628,61937.31,42
CUST-041629,15362.94,68
CUST-041630,34888.51,33
CUST-041634,100879.84,0
CUST-041635,16112.7,24
CUST-041636,160814.48,51
CUST-041637,57246.22,34
CUST-041638,140296.09,2
CUST-041639,27231.82,31
CUST-041640,31696.25,54
CUST-041641,16130.89,15
CUST-041642,71876.01,20
CUST-041643,42568.02,27
CUST-041645,51427.4,11
CUST-041646,12986.02,15
CUST-041647,8153.38,30
CUST-041649,95606.52,31
CUST-041650,2653.11,54
CUST-041651,79373.95,57
CUST-041652,4768.14,20
CUST-041653,133124.22,21
CUST-041654,24029.08,22
CUST-041655,55330.19,55
CUST-041656,158519.62,25
CUST-041657,36637.39,27
CUST-041658,13997.36,0
CUST-041659,2070.86,6
CUST-041660,3380.88,32
CUST-041661,51584.28,20
CUST-041663,65271.96,0
CUST-041665,9135.62,18
CUST-041666,3212.14,19
CUST-041668,45971.18,30
CUST-041669,46736.46,0
CUST-041670,19781.68,6
CUST-041671,19882.79,38
CUST-041673,98400.37,7
CUST-041675,109838.06,16
CUST-041677,113899.25,0
CUST-041679,25937.7,11
CUST-041680,92725.94,45
CUST-041681,39811.05,41
CUST-041683,1325.49,8
CUST-041684,81820.0,36
CUST-041685,2301.57,8
CUST-041686,4060.04,40
CUST-041687,30840.99,9
CUST-041688,150074.89,3
CUST-041689,48403.47,64
CUST-041690,43861.08,30
CUST-041692,9365.43,15
CUST-041693,80672.3,20
CUST-041695,136120.7,36
CUST-041696,7611.69,53
CUST-041697,22027.57,2
CUST-041698,14679.14,8
CUST-041699,42306.4,23
CUST-041700,13297.16,2
CUST-041701,11720.58,18
CUST-041702,48551.47,18
CUST-041703,34622.28,19
CUST-041704,18785.15,17
CUST-041706,29405.43,0
CUST-041707,16309.38,6
CUST-041708,48504.33,44
CUST-041709,96255.73,5
CUST-041710,44319.23,46
CUST-041713,90980.15,72
CUST-041714,16302.42,16
CUST-041716,9236.81,22
CUST-041717,24401.72,25
CUST-041718,104721.34,0
CUST-041719,96046.14,42
CUST-041720,99670.79,25
CUST-041721,52135.35,25
CUST-041723,126729.51,42
CUST-041724,36693.9,71
CUST-041725,56796.55,39
CUST-041726,73161.17,46
CUST-041727,51139.09,24
CUST-041728,118755.36,0
CUST-041730,42972.78,57
CUST-041731,55215.37,24
CUST-041732,0.0,36
CUST-041733,3934.24,23
CUST-041734,3789.26,0
CUST-041735,15636.05,7
CUST-041737,2509.88,20
CUST-041738,44820.13,34
CUST-041740,152495.75,10
CUST-041741,34804.99,14
CUST-041742,89633.56,59
CUST-041743,5391.49,25
CUST-041744,81487.52,0
CUST-041745,47599.34,10
CUST-041747,1220.48,44
CUST-041748,61839.9,35
CUST-041749,64308.83,0
CUST-041751,163160.79,38
CUST-041752,15790.47,8
CUST-041753,18943.44,0
CUST-041754,5985.1,35
CUST-041756,97467.03,40
CUST-041759,8239.66,63
CUST-041761,5451.97,48
CUST-041762,154.47,37
CUST-041763,11598.32,24
CUST-041764,89242.94,11
CUST-041765,86494.35,0
CUST-041767,27639.15,24
CUST-041770,11409.82,6
CUST-041771,36148.06,0
CUST-041774,155512.11,32
CUST-041775,22603.93,2
CUST-041776,52939.34,64
CUST-041778,29750.21,18
CUST-041779,17609.07,33
CUST-041780,48934.61,70
CUST-041781,128062.37,2
CUST-041782,3237.86,35
CUST-041783,22251.59,26
CUST-041784,23468.65,8
CUST-041785,12951.98,51
CUST-041786,69368.89,24
CUST-041787,205983.42,13
CUST-041788,205094.51,14
CUST-041789,79475.13,29
CUST-041790,85918.2,57
CUST-041791,13965.79,0
CUST-041792,21824.8,0
CUST-041793,64275.23,22
CUST-041794,150829.86,17
CUST-041795,75556.53,6
CUST-041796,23778.93,25
CUST-041797,13404.8,16
CUST-041798,2622.74,20
CUST-041799,210498.09,23
CUST-041801,57421.57,0
CUST-041802,60265.42,0
CUST-041803,36265.32,0
CUST-041804,132877.9,37
CUST-041805,26623.61,40
CUST-041806,29334.75,43
CUST-041807,100469.96,46
CUST-041810,485.71,22
CUST-041811,1956.41,53
CUST-041813,222331.66,0
CUST-041814,52308.38,33
CUST-041815,138425.37,0
CUST-041816,121997.56,33
CUST-041818,43427.54,24
CUST-041820,72742.8,38
CUST-041822,9545.91,21
CUST-041823,181071.87,62
CUST-041824,1355.56,34
CUST-041825,11321.49,18
CUST-041826,32879.67,49
CUST-041830,4454.5,16
CUST-041831,135173.76,9
CUST-041832,60270.72,0
CUST-041833,99776.05,64
CUST-041834,62645.91,26
CUST-041835,11763.37,0
CUST-041836,14057.45,8
CUST-041839,37927.6,10
CUST-041840,14577.06,49
CUST-041842,20035.76,9
CUST-041844,41389.5,47
CUST-041845,15893.38,34
CUST-041846,44910.93,31
CUST-041847,2104.95,37
CUST-041848,14404.79,34
CUST-041849,0.0,10
CUST-041850,121158.77,6
CUST-041851,50262.04,41
CUST-041852,140360.77,36
CUST-041853,21921.98,32
CUST-041855,40940.14,36
CUST-041856,2696.25,25
CUST-041857,102556.9,43
CUST-041858,68234.58,48
CUST-041859,13853.86,46
CUST-041860,105464.56,18
CUST-041861,19382.33,0
CUST-041862,44109.68,49
CUST-041863,10022.75,1
CUST-041864,38550.56,25
CUST-041865,104268.13,56
CUST-041866,18024.06,0
CUST-041867,5437.24,0
CUST-041868,10355.55,67
CUST-041869,150749.53,44
CUST-041870,920.56,39
CUST-041872,21736.78,50
CUST-041873,27315.93,50
CUST-041874,157690.26,56
CUST-041875,19447.42,0
CUST-041876,51319.8,10
CUST-041877,59051.21,48
CUST-041878,40100.04,21
CUST-041880,47452.12,15
CUST-041881,19420.21,18
CUST-041882,46567.37,11
CUST-041883,2729.03,5
CUST-041885,19560.19,44
CUST-041887,53765.42,72
CUST-041888,270.62,52
CUST-041889,3989.17,10
CUST-041891,27650.2,0
CUST-041892,26237.41,48
CUST-041893,1574.93,68
CUST-041894,191245.18,5
CUST-041895,8360.13,27
CUST-041896,68747.21,40
CUST-041897,40503.16,17
CUST-041898,12687.63,0
CUST-041899,714.04,6
CUST-041900,34266.66,41
CUST-041901,905.13,45
CUST-041902,107875.32,0
CUST-041903,4491.68,20
CUST-041904,35335.24,22
CUST-041905,95469.91,33
CUST-041906,138233.3,10
CUST-041907,67906.55,59
CUST-041908,126789.0,7
CUST-041909,205636.97,71
CUST-041910,1751.28,54
CUST-041911,72164.81,11
CUST-041912,108133.67,22
CUST-041914,365.04,25
CUST-041915,15924.96,40
CUST-041916,8360.85,44
CUST-041917,113812.4,27
CUST-041919,60022.58,13
CUST-041920,9050.09,36
CUST-041921,10106.36,9
CUST-041922,82749.22,50
CUST-041923,30201.63,17
CUST-041925,2429.72,13
CUST-041926,128675.12,0
CUST-041927,498.23,82
CUST-041929,17350.71,45
CUST-041930,203358.42,20
CUST-041931,29389.78,20
CUST-041932,18327.5,57
CUST-041933,102533.84,40
CUST-041934,161836.9,47
CUST-041935,48708.11,45
CUST-041936,13103.96,19
CUST-041937,14460.72,51
CUST-041938,15228.4,13
CUST-041939,65923.33,0
CUST-041940,180891.64,25
CUST-041942,44041.69,14
CUST-041943,51496.23,8
CUST-041944,157675.99,24
CUST-041945,54757.05,27
CUST-041946,85243.17,32
CUST-041947,41530.53,21
CUST-041948,149212.23,3
CUST-041949,55975.34,64
CUST-041950,20740.73,7
CUST-041951,14762.13,17
CUST-041953,45332.22,0
CUST-041954,76328.49,0
CUST-041955,120700.98,30
CUST-041956,34918.87,9
CUST-041957,64808.0,40
CUST-041958,13469.08,6
CUST-041959,43753.38,19
CUST-041960,30982.02,19
CUST-041962,102857.77,39
CUST-041963,15654.86,65
CUST-041964,111331.02,55
CUST-041965,9427.65,35
CUST-041968,3249.15,5
CUST-041969,94689.8,21
CUST-041970,24130.62,59
CUST-041971,12348.3,47
CUST-041972,20342.65,64
CUST-041973,130213.14,9
CUST-041974,80212.64,0
CUST-041975,62076.16,0
CUST-041976,1745.03,0
CUST-041977,14426.73,40
CUST-041979,196978.45,63
CUST-041980,61676.33,7
CUST-041981,13488.57,0
CUST-041982,36260.61,53
CUST-041983,29335.35,48
CUST-041984,22143.18,21
CUST-041985,3389.88,16
CUST-041986,92779.28,19
CUST-041987,20019.87,12
CUST-041989,60141.38,42
CUST-041990,60652.42,0
CUST-041992,32660.23,16
CUST-041993,212839.4,49
CUST-041994,128690.5,0
CUST-041995,142189.18,12
CUST-041996,87652.06,18
CUST-041997,75432.07,16
CUST-041998,30733.96,18
CUST-041999,45910.54,34
CUST-042000,57293.68,36
CUST-042001,3404.31,53
CUST-042003,33864.45,31
CUST-042004,209038.45,7
CUST-042007,153513.46,48
CUST-042009,168872.36,49
CUST-042010,54319.94,13
CUST-042012,92878.48,63
CUST-042013,16727.85,45
CUST-042015,45751.94,0
CUST-042016,16461.43,72
CUST-042017,48558.98,17
CUST-042019,89283.51,0
CUST-042020,15842.91,14
CUST-042021,6993.13,9
CUST-042022,1641.96,27
CUST-042023,29169.91,23
CUST-042024,14379.5,54
CUST-042025,153625.14,18
CUST-042026,36608.52,20
CUST-042027,132254.29,11
CUST-042028,5190.84,20
CUST-042030,126594.12,17
CUST-042032,60024.54,59
CUST-042033,87441.2,53
CUST-042034,130899.43,19
CUST-042035,22030.72,17
CUST-042036,157565.17,6
CUST-042037,27767.49,32
CUST-042038,119801.6,60
CUST-042039,36206.54,23
CUST-042041,84003.04,31
CUST-042042,139879.03,35
CUST-042044,91502.63,15
CUST-042045,28976.38,17
CUST-042046,34637.31,34
CUST-042047,43756.49,0
CUST-042050,65701.23,45
CUST-042051,83469.5,22
CUST-042052,62962.71,21
CUST-042053,124019.18,5
CUST-042054,6458.48,48
CUST-042056,101.81,41
CUST-042057,77213.58,49
CUST-042058,2737.6,50
CUST-042059,5196.79,24
CUST-042061,135150.45,50
CUST-042062,47627.81,38
CUST-042063,207345.5,11
CUST-042064,1903.2,37
CUST-042065,70066.28,23
CUST-042066,34650.61,49
CUST-042067,38470.2,22
CUST-042068,133.06,53
CUST-042069,27099.4,23
CUST-042070,22578.16,32
CUST-042071,56650.2,58
CUST-042072,13887.55,73
CUST-042073,38626.2,7
CUST-042074,76239.65,27
CUST-042076,578.82,43
CUST-042077,35217.94,10
CUST-042078,2276.33,23
CUST-042079,9476.47,0
CUST-042080,21362.4,52
CUST-042081,37330.65,11
CUST-042082,20063.24,5
CUST-042084,0.0,37
CUST-042086,126777.11,0
CUST-042088,55216.28,0
CUST-042089,34181.14,3
CUST-042090,39723.49,2
CUST-042092,79985.73,5
CUST-042093,113562.1,32
CUST-042095,2338.27,40
CUST-042096,59317.12,40
CUST-042100,14214.57,21
CUST-042101,85191.71,14
CUST-042102,167969.74,20
CUST-042105,52345.77,0
CUST-042107,14656.85,15
CUST-042108,51485.72,18
CUST-042113,148169.79,57
CUST-042114,2317.01,18
CUST-042117,92746.22,9
CUST-042118,8381.67,30
CUST-042119,112656.2,29
CUST-042121,128145.76,14
CUST-042122,30581.16,7
CUST-042123,20737.88,23
CUST-042124,40145.84,21
CUST-042126,46780.69,43
CUST-042127,37834.0,6
CUST-042129,49200.39,57
CUST-042131,6614.03,25
CUST-042132,100524.86,31
CUST-042133,147261.4,41
CUST-042134,5684.02,36
CUST-042135,110698.3,0
CUST-042136,94714.18,43
CUST-042137,26693.58,31
CUST-042138,1232.89,55
CUST-042139,21075.2,33
CUST-042140,101524.06,31
CUST-042141,0.0,70
CUST-042142,105588.85,9
CUST-042143,26463.73,32
CUST-042144,225218.38,12
CUST-042145,76851.85,34
CUST-042146,2292.21,49
CUST-042147,73045.62,32
CUST-042148,59248.59,0
CUST-042149,68642.75,34
CUST-042150,6616.54,24
CUST-042151,48430.12,21
CUST-042152,20787.14,40
CUST-042153,108928.4,0
CUST-042155,6392.38,9
CUST-042156,109792.84,4
CUST-042157,22060.46,35
CUST-042158,14956.07,10
CUST-042159,34772.98,33
CUST-042160,3275.63,42
CUST-042161,27071.84,26
CUST-042162,156789.93,24
CUST-042163,73298.53,0
CUST-042164,9013.87,19
CUST-042167,69770.72,37
CUST-042168,30887.69,39
CUST-042170,116057.27,16
CUST-042171,79207.25,21
CUST-042174,8804.49,17
CUST-042175,96053.06,8
CUST-042177,1902.31,49
CUST-042178,1229.83,20
CUST-042179,82996.46,49
CUST-042181,59171.71,9
CUST-042183,85226.18,38
CUST-042184,77420.12,3
CUST-042190,54933.3,0
CUST-042191,66598.03,0
CUST-042192,82005.07,0
CUST-042194,16446.07,5
CUST-042195,16986.05,42
CUST-042196,9389.59,40
CUST-042198,83948.79,0
CUST-042200,69070.12,44
CUST-042201,39642.23,47
CUST-042203,17461.4,0
CUST-042204,176420.63,50
CUST-042206,74187.78,0
CUST-042208,12772.37,33
CUST-042209,27866.16,50
CUST-042210,37754.57,46
CUST-042211,49146.16,45
CUST-042216,152751.33,19
CUST-042217,120844.79,0
CUST-042218,114288.1,26
CUST-042219,24769.78,7
CUST-042220,26475.75,31
CUST-042221,65042.2,24
CUST-042222,20200.31,48
CUST-042223,1100.93,41
CUST-042224,191865.89,55
CUST-042225,46080.33,0
CUST-042226,124575.69,18
CUST-042227,55086.66,8
CUST-042228,114586.85,26
CUST-042229,49035.89,38
CUST-042230,107928.52,36
CUST-042231,88990.46,42
CUST-042232,34898.81,21
CUST-042234,79833.66,15
CUST-042235,92057.03,10
CUST-042236,59627.68,24
CUST-042237,135997.34,16
CUST-042238,54111.61,38
CUST-042239,21085.29,22
CUST-042240,89853.57,49
CUST-042241,6744.15,0
CUST-042242,84749.23,7
CUST-042245,23542.4,32
CUST-042246,76529.37,37
CUST-042247,15253.11,0
CUST-042248,65019.78,10
CUST-042249,23952.3,0
CUST-042250,136191.66,17
CUST-042251,16297.77,12
CUST-042252,152592.65,35
CUST-042253,128461.25,17
CUST-042254,28295.09,44
CUST-042255,25547.2,47
CUST-042256,5711.56,3
CUST-042257,131228.35,61
CUST-042258,23618.62,22
CUST-042259,10017.38,8
CUST-042260,32045.95,3
CUST-042261,27212.87,35
CUST-042262,95194.66,6
CUST-042263,89170.87,15
CUST-042264,510.93,30
CUST-042265,9784.79,10
CUST-042266,26920.92,7
CUST-042267,74591.4,20
CUST-042268,17511.87,23
CUST-042269,26265.74,6
CUST-042270,111915.31,24
CUST-042272,29175.49,23
CUST-042274,3542.63,17
CUST-042276,43274.05,51
CUST-042277,70077.3,37
CUST-042278,57839.92,0
CUST-042281,160183.6,42
CUST-042282,22723.69,48
CUST-042283,45341.16,35
CUST-042284,138430.13,9
CUST-042286,180411.13,23
CUST-042288,36705.73,9
CUST-042289,63756.64,27
CUST-042290,145797.7,23
CUST-042291,50602.14,29
CUST-042292,93099.57,61
CUST-042293,10381.24,30
CUST-042294,527.48,9
CUST-042296,107040.25,24
CUST-042298,1053.83,9
CUST-042299,5241.12,35
CUST-042300,22513.54,0
CUST-042301,40292.35,0
CUST-042302,113712.32,31
CUST-042303,68828.97,44
CUST-042304,744.08,54
CUST-042305,5577.82,31
CUST-042307,107196.18,27
CUST-042308,12344.26,11
CUST-042310,49966.79,12
CUST-042311,43750.26,45
CUST-042312,11929.17,45
CUST-042313,52420.14,43
CUST-042314,33040.31,5
CUST-042316,90488.06,22
CUST-042317,48724.92,30
CUST-042318,47181.71,30
CUST-042319,126705.75,47
CUST-042320,71362.35,15
CUST-042321,44889.1,67
CUST-042322,53181.78,20
CUST-042323,2700.84,29
CUST-042324,66700.35,72
CUST-042325,111532.42,2
CUST-042326,109458.79,49
CUST-042327,190233.16,50
CUST-042328,41066.62,43
CUST-042330,22886.95,60
CUST-042331,85794.03,0
CUST-042334,38017.56,35
CUST-042335,61649.61,0
CUST-042336,10050.66,5
CUST-042337,94515.95,48
CUST-042338,132059.6,42
CUST-042339,120179.04,3
CUST-042340,36577.37,0
CUST-042341,12309.94,47
CUST-042342,14735.54,55
CUST-042343,158662.7,33
CUST-042344,1554.26,45
CUST-042345,97208.67,30
CUST-042347,75226.65,22
CUST-042348,42448.98,23
CUST-042349,110299.61,45
CUST-042350,150018.72,39
CUST-042352,114758.61,55
CUST-042353,84167.68,7
CUST-042354,28927.66,47
CUST-042357,22677.33,10
CUST-042359,67845.97,7
CUST-042360,139206.08,21
CUST-042361,35993.14,2
CUST-042362,116208.08,3
CUST-042363,42307.34,8
CUST-042365,604.88,67
CUST-042366,50223.67,61
CUST-042367,190806.72,19
CUST-042368,123450.43,45
CUST-042369,55435.56,25
CUST-042370,37878.58,31
CUST-042371,65502.14,30
CUST-042372,171948.81,46
CUST-042373,15930.92,49
CUST-042374,145164.63,43
CUST-042375,82621.93,23
CUST-042376,56001.04,32
CUST-042379,502.68,88
CUST-042380,79771.51,62
CUST-042381,20040.44,52
CUST-042382,46477.84,23
CUST-042383,40960.61,9
CUST-042386,10326.52,50
CUST-042388,76508.0,21
CUST-042389,195289.77,45
CUST-042391,111998.19,49
CUST-042392,62235.91,50
CUST-042393,151952.99,1
CUST-042394,6508.27,16
CUST-042395,4888.16,22
CUST-042396,195266.9,34
CUST-042397,7414.78,26
CUST-042398,5704.47,37
CUST-042399,146981.24,23
CUST-042400,25136.85,47
CUST-042401,16418.16,8
CUST-042402,8916.48,55
CUST-042403,5627.85,43
CUST-042404,32610.63,10
CUST-042406,46818.44,44
CUST-042408,979.78,10
CUST-042410,9078.27,11
CUST-042411,99660.53,53
CUST-042412,20250.04,20
CUST-042413,80708.53,0
CUST-042414,8417.43,20
CUST-042417,123623.28,30
CUST-042418,11310.81,0
CUST-042419,31941.74,60
CUST-042420,56899.69,48
CUST-042421,40753.87,8
CUST-042422,25734.16,61
CUST-042423,5879.08,0
CUST-042427,158740.65,23
CUST-042428,64417.01,7
CUST-042429,49814.7,32
CUST-042430,179563.35,32
CUST-042431,79153.44,22
CUST-042432,41824.39,1
CUST-042433,84462.3,25
CUST-042434,97391.61,23
CUST-042435,6051.14,0
CUST-042436,30100.83,17
CUST-042438,13211.16,35
CUST-042439,57193.6,0
CUST-042440,37166.38,8
CUST-042442,129170.06,44
CUST-042443,8704.11,27
CUST-042444,212185.4,6
CUST-042445,143346.3,0
CUST-042447,55255.59,31
CUST-042448,2027.41,47
CUST-042449,168766.09,11
CUST-042450,2636.16,0
CUST-042451,40780.96,48
CUST-042452,10142.82,24
CUST-042454,140461.73,37
CUST-042456,83709.69,48
CUST-042457,161625.27,24
CUST-042458,35347.06,21
CUST-042459,7121.74,35
CUST-042460,33727.89,46
CUST-042461,196634.32,46
CUST-042462,93478.35,36
CUST-042463,2574.81,20
CUST-042464,183626.39,58
CUST-042465,50600.81,40
CUST-042466,105740.58,55
CUST-042467,55829.77,47
CUST-042469,2213.75,59
CUST-042470,110250.92,20
CUST-042471,74086.86,23
CUST-042472,56562.83,19
CUST-042473,213604.46,0
CUST-042474,116393.85,13
CUST-042476,125225.27,35
CUST-042477,58805.58,18
CUST-042478,52626.3,15
CUST-042479,56294.75,32
CUST-042480,30067.9,3
CUST-042481,5647.99,40
CUST-042482,29206.5,8
CUST-042483,126098.46,30
CUST-042484,11873.46,8
CUST-042485,71949.85,34
CUST-042486,67579.96,17
CUST-042487,46602.03,40
CUST-042488,72122.53,58
CUST-042490,88842.68,20
CUST-042491,90392.16,22
CUST-042492,91956.93,33
CUST-042493,77442.18,9
CUST-042495,17598.98,19
CUST-042496,2739.03,14
CUST-042497,38418.07,9
CUST-042498,4098.28,45
CUST-042500,87646.91,25
CUST-042501,92592.71,33
CUST-042503,47726.69,13
CUST-042504,97911.12,20
CUST-042506,137577.84,1
CUST-042507,84402.19,0
CUST-042508,5586.66,53
CUST-042509,153555.97,11
CUST-042510,136401.98,40
CUST-042511,149378.42,27
CUST-042512,12822.98,0
CUST-042513,50038.89,21
CUST-042515,32119.79,8
CUST-042516,76160.61,41
CUST-042517,133236.58,41
CUST-042518,225399.17,24
CUST-042519,87487.01,42
CUST-042520,8082.2,22
CUST-042521,12533.21,8
CUST-042522,17063.88,23
CUST-042524,65588.88,32
CUST-042525,12953.39,17
CUST-042526,36381.32,50
CUST-042527,23233.02,9
CUST-042528,21421.42,32
CUST-042529,46145.63,16
CUST-042530,20625.21,0
CUST-042531,79689.06,0
CUST-042532,16665.62,0
CUST-042533,8960.03,3
CUST-042534,46752.69,10
CUST-042535,73089.4,22
CUST-042537,201323.63,32
CUST-042538,41126.41,32
CUST-042539,78520.67,20
CUST-042540,123959.76,19
CUST-042541,9703.66,44
CUST-042542,82025.58,41
CUST-042543,15854.75,70
CUST-042544,73022.61,48
CUST-042545,121969.83,30
CUST-042546,157641.27,6
CUST-042547,35870.89,4
CUST-042548,7294.51,63
CUST-042550,570.82,89
CUST-042551,96590.79,63
CUST-042552,63315.15,17
CUST-042553,92480.18,40
CUST-042554,72832.84,18
CUST-042555,35008.09,57
CUST-042556,21494.02,37
CUST-042557,233911.59,53
CUST-042558,4732.02,69
CUST-042559,254509.97,0
CUST-042560,45896.75,47
CUST-042561,51327.91,13
CUST-042562,89777.61,35
CUST-042563,85740.57,21
CUST-042564,37735.22,14
CUST-042565,80992.74,44
CUST-042566,14787.91,46
CUST-042567,65360.28,14
CUST-042568,54961.51,25
CUST-042569,879.14,45
CUST-042570,7560.41,9
CUST-042571,3876.54,30
CUST-042572,130652.22,28
CUST-042573,15896.75,46
CUST-042574,29715.87,27
CUST-042575,177927.32,18
CUST-042577,58563.37,7
CUST-042578,131788.14,11
CUST-042579,60103.11,9
CUST-042580,12842.9,36
CUST-042581,2609.07,24
CUST-042582,53276.03,10
CUST-042583,173782.07,39
CUST-042585,189865.06,19
CUST-042587,71328.05,25
CUST-042588,159028.61,0
CUST-042589,2260.42,55
CUST-042590,30016.51,40
CUST-042592,20402.87,21
CUST-042593,9052.16,24
CUST-042594,182002.29,22
CUST-042595,72630.26,30
CUST-042596,21128.15,0
CUST-042597,1537.84,7
CUST-042599,60750.16,18
CUST-042600,22324.01,68
CUST-042601,1738.72,21
CUST-042602,109912.03,1
CUST-042604,163846.0,22
CUST-042605,142632.95,42
CUST-042607,87434.89,0
CUST-042608,10048.11,42
CUST-042609,879.41,48
CUST-042610,8144.5,60
CUST-042611,119841.86,62
CUST-042612,20558.75,6
CUST-042613,52415.01,5
CUST-042614,131255.3,18
CUST-042615,41498.24,19
CUST-042617,44536.4,24
CUST-042618,60674.35,64
CUST-042619,10780.92,47
CUST-042620,26793.13,0
CUST-042621,34693.69,17
CUST-042622,115659.28,49
CUST-042623,9173.5,17
CUST-042624,89242.44,21
CUST-042625,22694.96,25
CUST-042626,12202.63,46
CUST-042627,53904.24,73
CUST-042629,235388.55,0
CUST-042631,186151.68,32
CUST-042632,8469.04,24
CUST-042633,181117.2,28
CUST-042634,186975.41,5
CUST-042635,62031.44,25
CUST-042637,57232.0,8
CUST-042639,16924.23,18
CUST-042640,51839.84,24
CUST-042641,5448.95,16
CUST-042642,57738.02,9
CUST-042643,93240.99,0
CUST-042644,76154.04,27
CUST-042646,121236.01,66
CUST-042647,142075.59,53
CUST-042649,33503.7,20
CUST-042650,19500.05,85
CUST-042651,61698.82,39
CUST-042653,5992.64,61
CUST-042655,3953.8,8
CUST-042657,104065.73,33
CUST-042658,29571.09,8
CUST-042659,9465.45,50
CUST-042660,28996.32,5
CUST-042661,235281.95,39
CUST-042662,41884.48,35
CUST-042665,9306.1,56
CUST-042666,22020.52,9
CUST-042667,179677.54,0
CUST-042668,135107.08,12
CUST-042669,178459.49,38
CUST-042670,128122.42,39
CUST-042671,10507.86,0
CUST-042672,23022.93,15
CUST-042673,43203.48,1
CUST-042675,25902.4,29
CUST-042676,11240.65,70
CUST-042677,2833.57,41
CUST-042678,1972.52,30
CUST-042680,6517.47,12
CUST-042681,410.25,16
CUST-042682,15214.2,36
CUST-042683,59157.77,13
CUST-042686,20908.74,37
CUST-042688,21365.87,33
CUST-042689,11639.97,19
CUST-042690,26261.52,25
CUST-042692,5363.76,60
CUST-042693,31830.41,20
CUST-042694,44611.31,23
CUST-042695,10131.65,30
CUST-042696,53651.75,50
CUST-042697,5781.97,37
CUST-042699,153182.45,24
CUST-042701,37011.92,21
CUST-042702,66399.22,23
CUST-042703,88093.71,44
CUST-042705,34509.98,32
CUST-042706,59682.03,28
CUST-042707,4219.62,50
CUST-042708,171772.82,38
CUST-042709,81896.53,19
CUST-042710,64950.07,17
CUST-042712,75842.76,55
CUST-042713,31814.83,45
CUST-042715,34332.46,56
CUST-042717,130775.71,21
CUST-042718,18673.61,61
CUST-042720,10653.77,43
CUST-042721,41139.23,30
CUST-042722,145632.16,18
CUST-042723,32612.22,46
CUST-042724,68314.41,50
CUST-042728,44765.28,0
CUST-042730,20881.17,18
CUST-042732,24268.0,32
CUST-042734,88406.36,49
CUST-042735,214984.24,45
CUST-042736,32732.39,37
CUST-042737,145544.62,18
CUST-042739,39102.93,44
CUST-042740,60410.44,52
CUST-042742,120172.22,5
CUST-042743,30198.7,32
CUST-042744,32019.59,49
CUST-042745,11017.69,44
CUST-042748,111905.0,20
CUST-042749,76681.76,26
CUST-042750,110768.77,15
CUST-042751,66549.97,56
CUST-042753,45700.3,0
CUST-042754,27420.93,8
CUST-042755,114064.99,27
CUST-042756,39910.58,62
CUST-042757,76996.25,19
CUST-042758,54864.12,0
CUST-042760,9566.94,22
CUST-042761,93225.42,39
CUST-042762,43487.06,24
CUST-042763,186841.46,24
CUST-042766,70960.42,18
CUST-042767,121116.8,15
CUST-042769,112289.26,16
CUST-042770,60420.91,29
CUST-042772,0.0,12
CUST-042774,174911.69,39
CUST-042775,37755.87,45
CUST-042777,144458.48,45
CUST-042778,4357.62,34
CUST-042779,13443.88,0
CUST-042780,118422.27,18
CUST-042781,3805.63,33
CUST-042782,220391.32,24
CUST-042783,23561.03,12
CUST-042784,28871.18,23
CUST-042785,249067.8,0
CUST-042787,71349.66,0
CUST-042788,32428.62,40
CUST-042789,62897.69,8
CUST-042790,33363.94,0
CUST-042792,21746.53,44
CUST-042793,227533.71,40
CUST-042794,1962.41,10
CUST-042795,38843.29,0
CUST-042797,206203.55,41
CUST-042798,12902.8,13
CUST-042799,1314.34,52
CUST-042800,54631.54,62
CUST-042801,1370.8,18
CUST-042802,35075.96,49
CUST-042803,10216.48,17
CUST-042805,52962.23,25
CUST-042806,181937.75,65
CUST-042808,1565.39,15
CUST-042809,11611.44,8
CUST-042810,81912.32,0
CUST-042813,63471.9,19
CUST-042814,72218.2,14
CUST-042815,142236.88,40
CUST-042816,30889.92,28
CUST-042817,7956.66,11
CUST-042818,197916.63,7
CUST-042819,46092.97,32
CUST-042820,57021.78,1
CUST-042821,156517.03,33
CUST-042822,47806.89,8
CUST-042823,10657.41,0
CUST-042824,27244.59,33
CUST-042827,17752.3,6
CUST-042828,56982.94,22
CUST-042829,6467.58,6
CUST-042830,25266.1,45
CUST-042831,75416.75,18
CUST-042832,60486.5,49
CUST-042833,8379.38,36
CUST-042834,51744.42,35
CUST-042836,24247.67,30
CUST-042837,59411.66,42
CUST-042838,0.0,67
CUST-042839,19167.48,68
CUST-042840,9363.33,42
CUST-042841,5715.24,0
CUST-042843,45929.52,8
CUST-042844,108800.92,0
CUST-042846,87663.37,52
CUST-042848,95212.24,0
CUST-042849,38020.07,0
CUST-042850,153203.31,6
CUST-042851,7901.33,15
CUST-042852,127078.27,23
CUST-042853,52018.49,0
CUST-042854,111571.5,44
CUST-042855,10914.47,63
CUST-042856,147181.58,67
CUST-042857,45034.45,42
CUST-042860,32790.79,31
CUST-042862,3428.51,6
CUST-042863,53204.65,25
CUST-042864,1904.43,14
CUST-042865,54155.61,86
CUST-042867,169608.38,17
CUST-042869,6616.8,47
CUST-042870,2761.6,28
CUST-042871,168373.37,39
CUST-042872,3591.25,10
CUST-042873,90317.26,0
CUST-042875,72479.89,32
CUST-042876,16235.32,50
CUST-042877,111421.8,0
CUST-042878,140269.78,22
CUST-042880,4229.11,0
CUST-042881,1350.71,41
CUST-042883,116043.73,13
CUST-042884,3230.37,24
CUST-042885,30954.77,15
CUST-042887,15228.65,16
CUST-042888,24264.32,31
CUST-042889,18046.28,45
CUST-042890,151761.53,23
CUST-042891,29443.61,37
CUST-042892,31571.26,15
CUST-042893,65777.97,23
CUST-042894,51743.9,2
CUST-042895,220.68,37
CUST-042896,84544.14,2
CUST-042897,45188.15,57
CUST-042898,113697.85,14
CUST-042899,11223.94,12
CUST-042900,81674.55,5
CUST-042901,11733.03,46
CUST-042902,45595.04,46
CUST-042903,90884.49,44
CUST-042904,74157.0,18
CUST-042905,70424.27,34
CUST-042907,13853.98,10
CUST-042908,3588.95,0
CUST-042909,104599.79,7
CUST-042910,36891.11,32
CUST-042911,18218.51,52
CUST-042913,32858.4,9
CUST-042914,75441.52,24
CUST-042916,1365.72,0
CUST-042918,12520.91,48
CUST-042919,6864.55,60
CUST-042920,131747.17,9
CUST-042921,25485.35,33
CUST-042924,38566.9,8
CUST-042925,15635.89,18
CUST-042926,87178.63,46
CUST-042927,3701.08,23
CUST-042928,10053.07,0
CUST-042929,4314.47,9
CUST-042930,15919.52,0
CUST-042931,13566.73,32
CUST-042932,22907.38,24
CUST-042933,2003.05,68
CUST-042934,49354.07,4
CUST-042935,21116.11,15
CUST-042936,15725.58,5
CUST-042937,113049.35,27
CUST-042938,11633.35,37
CUST-042939,129766.71,15
CUST-042940,7047.91,27
CUST-042941,18534.04,9
CUST-042942,87305.18,22
CUST-042945,105647.0,0
CUST-042946,230590.09,25
CUST-042947,107875.01,36
CUST-042948,68255.2,19
CUST-042949,56993.6,23
CUST-042950,15718.5,36
CUST-042951,95339.43,5
CUST-042952,46511.88,33
CUST-042955,10076.77,9
CUST-042956,14714.86,2
CUST-042957,162698.11,41
CUST-042958,145716.43,5
CUST-042959,62087.08,4
CUST-042961,79769.95,71
CUST-042962,15491.84,28
CUST-042964,18658.55,19
CUST-042966,87883.46,0
CUST-042967,2142.71,49
CUST-042969,2986.37,17
CUST-042973,104973.97,16
CUST-042976,622.75,9
CUST-042978,71681.23,57
CUST-042980,165107.89,35
CUST-042981,97907.68,0
CUST-042982,161375.49,8
CUST-042983,92122.64,33
CUST-042986,186016.47,2
CUST-042987,2920.76,25
CUST-042988,25233.08,0
CUST-042989,83017.91,39
CUST-042991,5534.88,56
CUST-042993,40836.37,25
CUST-042994,99598.35,29
CUST-042995,2328.08,15
CUST-042998,114623.05,26
CUST-042999,3074.09,33
CUST-043000,14606.62,24
CUST-043001,2608.48,31
CUST-043002,67486.07,33
CUST-043003,86319.21,29
CUST-043004,66384.67,0
CUST-043005,149572.2,0
CUST-043007,57948.29,28
CUST-043008,11498.43,16
CUST-043009,92540.79,28
CUST-043010,49169.78,35
CUST-043011,150972.11,1
CUST-043012,62586.5,16
CUST-043013,18964.19,18
CUST-043014,74723.81,24
CUST-043015,218779.05,35
CUST-043016,154281.17,35
CUST-043017,16725.84,45
CUST-043018,58416.29,16
CUST-043019,21615.0,30
CUST-043020,22514.01,50
CUST-043021,4639.96,20
CUST-043022,35281.55,16
CUST-043023,24362.87,24
CUST-043026,46014.92,36
CUST-043027,201466.27,44
CUST-043028,140225.6,17
CUST-043030,106257.33,25
CUST-043032,27479.04,44
CUST-043033,61753.91,39
CUST-043034,106487.46,43
CUST-043036,39252.91,49
CUST-043037,157568.89,40
CUST-043038,16699.55,15
CUST-043039,62051.72,62
CUST-043040,29490.73,55
CUST-043041,101875.95,35
CUST-043042,13394.0,19
CUST-043043,29674.34,30
CUST-043044,56243.47,19
CUST-043046,2622.91,31
CUST-043047,22494.94,22
CUST-043048,80389.14,0
CUST-043050,42905.68,24
CUST-043051,21968.39,4
CUST-043052,14066.98,38
CUST-043053,34406.48,18
CUST-043055,41420.46,31
CUST-043056,11117.24,53
CUST-043057,41913.68,10
CUST-043058,113868.92,0
CUST-043059,22188.86,19
CUST-043060,28131.4,20
CUST-043063,2808.72,0
CUST-043065,15711.31,22
CUST-043066,70388.12,15
CUST-043067,4320.81,12
CUST-043068,93493.69,62
CUST-043069,68436.03,43
CUST-043070,140408.23,19
CUST-043071,142449.97,47
CUST-043072,129500.54,14
CUST-043073,16136.12,20
CUST-043074,156715.31,15
CUST-043075,154487.93,17
CUST-043076,29927.56,42
CUST-043077,132959.95,50
CUST-043078,42672.63,31
CUST-043079,16803.46,40
CUST-043080,68990.89,24
CUST-043081,21788.18,34
CUST-043082,69393.01,21
CUST-043083,26045.63,43
CUST-043084,37253.82,46
CUST-043085,1716.51,0
CUST-043086,3964.17,33
CUST-043088,131933.8,56
CUST-043089,9904.39,5
CUST-043090,7195.42,55
CUST-043091,2555.27,46
CUST-043093,160001.99,32
CUST-043094,104920.77,0
CUST-043095,5483.63,0
CUST-043096,122592.14,14
CUST-043097,69641.87,39
CUST-043101,63194.57,19
CUST-043103,25660.3,45
CUST-043104,25489.06,32
CUST-043105,68325.99,0
CUST-043106,8155.83,0
CUST-043108,14580.91,24
CUST-043109,18538.74,0
CUST-043111,15630.06,47
CUST-043112,22231.83,35
CUST-043113,86451.88,17
CUST-043115,128111.33,30
CUST-043117,121366.51,37
CUST-043118,0.0,32
CUST-043120,28874.12,9
CUST-043122,264405.89,29
CUST-043123,19460.75,32
CUST-043124,23640.36,60
CUST-043125,152958.0,22
CUST-043126,52929.77,47
CUST-043128,66803.7,1
CUST-043129,244920.02,52
CUST-043130,186.75,32
CUST-043131,95663.99,0
CUST-043132,17217.08,37
CUST-043134,161768.77,50
CUST-043136,17074.35,30
CUST-043138,20760.03,0
CUST-043139,3031.95,0
CUST-043140,11634.95,63
CUST-043143,80222.78,46
CUST-043144,57856.94,30
CUST-043145,23081.95,25
CUST-043146,7927.56,19
CUST-043147,7931.12,34
CUST-043148,87223.78,20
CUST-043149,128728.29,8
CUST-043150,39801.07,31
CUST-043151,9165.31,25
CUST-043153,18897.23,0
CUST-043154,35309.66,28
CUST-043155,7347.08,32
CUST-043156,8347.55,9
CUST-043158,14395.58,0
CUST-043160,161971.1,0
CUST-043163,66810.41,33
CUST-043164,44646.59,35
CUST-043165,42907.0,40
CUST-043166,40202.85,33
CUST-043170,11094.52,36
CUST-043171,1899.66,66
CUST-043172,4039.21,5
CUST-043173,1847.49,20
CUST-043174,25160.14,62
CUST-043175,34135.38,9
CUST-043176,86099.45,19
CUST-043177,27763.1,43
CUST-043178,5962.98,17
CUST-043179,32354.83,14
CUST-043181,74603.88,32
CUST-043182,83320.52,19
CUST-043183,10031.29,61
CUST-043185,93590.61,23
CUST-043187,38200.38,27
CUST-043188,89194.56,3
CUST-043189,53348.9,32
CUST-043191,33365.18,37
CUST-043193,69464.36,0
CUST-043194,102116.59,69
CUST-043195,32947.52,39
CUST-043196,27627.67,11
CUST-043197,5906.63,21
CUST-043200,63158.14,42
CUST-043201,96674.74,23
CUST-043202,141350.78,11
CUST-043203,3748.84,34
CUST-043204,24101.49,0
CUST-043206,14550.26,7
CUST-043207,81156.21,45
CUST-043208,71332.54,18
CUST-043209,7333.83,55
CUST-043210,23140.92,77
CUST-043212,155758.12,65
CUST-043213,11526.31,13
CUST-043214,88477.49,15
CUST-043215,81752.43,22
CUST-043216,17404.72,11
CUST-043217,201043.7,39
CUST-043218,29571.24,0
CUST-043219,3354.56,24
CUST-043220,23523.89,34
CUST-043221,30380.11,48
CUST-043222,18075.62,33
CUST-043224,14947.53,40
CUST-043226,165627.98,0
CUST-043227,45147.24,0
CUST-043228,123305.56,0
CUST-043229,11746.36,0
CUST-043230,7534.88,43
CUST-043232,130189.82,45
CUST-043233,23966.04,32
CUST-043234,21333.77,28
CUST-043235,61171.02,0
CUST-043236,143523.5,20
CUST-043237,1472.46,46
CUST-043238,25738.46,35
CUST-043239,16307.08,5
CUST-043241,40671.46,42
CUST-043242,22422.36,53
CUST-043243,24165.49,37
CUST-043244,65042.99,43
CUST-043245,6142.26,3
CUST-043246,95412.68,73
CUST-043248,31958.2,9
CUST-043249,124853.96,46
CUST-043251,50838.11,37
CUST-043252,8783.62,39
CUST-043253,108054.29,24
CUST-043254,48902.14,52
CUST-043255,15689.56,34
CUST-043256,629.61,74
CUST-043257,39000.98,25
CUST-043258,6612.53,0
CUST-043259,182854.68,0
CUST-043260,67772.67,13
CUST-043261,23823.76,40
CUST-043262,38102.82,3
CUST-043263,32486.36,33
CUST-043264,29771.49,8
CUST-043265,63353.95,46
CUST-043266,47575.75,30
CUST-043267,15564.29,45
CUST-043268,99442.78,49
CUST-043269,38709.64,7
CUST-043270,7109.97,31
CUST-043271,74057.33,9
CUST-043272,162232.36,8
CUST-043273,3516.26,6
CUST-043274,5000.43,26
CUST-043275,200615.91,10
CUST-043276,13608.55,0
CUST-043277,3224.75,37
CUST-043280,60133.46,10
CUST-043281,11306.23,5
CUST-043283,17951.84,9
CUST-043286,26825.12,58
CUST-043287,20029.02,36
CUST-043288,3882.63,13
CUST-043289,137332.7,31
CUST-043290,45357.89,32
CUST-043291,8226.07,44
CUST-043292,80591.88,9
CUST-043293,80522.29,31
CUST-043296,191560.91,9
CUST-043297,139923.75,32
CUST-043298,9535.69,38
CUST-043299,5782.38,28
CUST-043300,40760.18,50
CUST-043301,58396.32,3
CUST-043302,90818.76,33
CUST-043303,15675.34,23
CUST-043304,87178.75,36
CUST-043305,29062.72,31
CUST-043306,6501.68,39
CUST-043307,27225.68,31
CUST-043308,100211.91,25
CUST-043309,8574.44,12
CUST-043310,171419.99,23
CUST-043311,12911.28,51
CUST-043312,36529.12,6
CUST-043313,10744.47,48
CUST-043314,95228.64,46
CUST-043315,5984.27,66
CUST-043316,114196.9,30
CUST-043317,23625.26,3
CUST-043318,141937.3,0
CUST-043319,16881.78,4
CUST-043320,47694.1,0
CUST-043321,48386.86,51
CUST-043323,18849.01,61
CUST-043324,79884.67,6
CUST-043325,23360.7,30
CUST-043326,16075.42,64
CUST-043327,31598.99,23
CUST-043328,23721.75,34
CUST-043329,3357.52,70
CUST-043330,33937.82,17
CUST-043332,30690.64,0
CUST-043333,9485.85,15
CUST-043334,179565.14,22
CUST-043335,4741.31,23
CUST-043337,106675.84,32
CUST-043340,25436.13,48
CUST-043341,33848.75,19
CUST-043342,6034.19,30
CUST-043343,121325.64,19
CUST-043346,945.39,35
CUST-043347,54839.82,19
CUST-043348,77543.89,35
CUST-043349,29908.57,5
CUST-043350,48164.87,22
CUST-043351,84005.46,49
CUST-043352,163897.23,52
CUST-043353,88464.44,13
CUST-043355,12937.76,24
CUST-043356,60075.8,45
CUST-043359,20645.53,5
CUST-043360,1309.96,28
CUST-043361,24290.53,32
CUST-043362,184796.26,57
CUST-043363,38539.65,17
CUST-043364,5885.87,40
CUST-043365,26141.77,7
CUST-043368,66411.01,78
CUST-043370,185902.4,43
CUST-043371,34854.82,58
CUST-043372,7267.72,74
CUST-043373,30580.32,20
CUST-043374,28752.83,15
CUST-043376,120479.5,10
CUST-043378,24980.02,18
CUST-043379,95881.26,55
CUST-043380,11468.5,0
CUST-043381,21155.87,15
CUST-043382,53621.09,16
CUST-043383,126414.34,24
CUST-043386,7474.39,0
CUST-043387,81587.27,32
CUST-043388,18358.22,67
CUST-043389,136080.7,38
CUST-043390,96160.58,58
CUST-043391,85917.36,50
CUST-043392,106152.04,40
CUST-043393,142976.71,16
CUST-043394,118337.35,52
CUST-043395,27438.94,1
CUST-043396,102365.16,19
CUST-043397,19755.44,39
CUST-043398,9036.53,30
CUST-043399,51967.8,10
CUST-043400,4788.24,50
CUST-043401,85064.43,29
CUST-043402,13556.81,22
CUST-043403,69781.16,9
CUST-043404,19352.76,37
CUST-043405,76848.66,13
CUST-043407,62204.92,9
CUST-043408,80504.24,9
CUST-043409,115178.08,10
CUST-043410,27252.85,16
CUST-043411,158921.67,0
CUST-043412,31564.32,50
CUST-043413,47930.06,0
CUST-043414,50067.2,32
CUST-043415,59898.65,9
CUST-043416,143066.35,35
CUST-043419,69993.25,43
CUST-043420,36973.64,67
CUST-043421,47912.92,10
CUST-043422,6060.17,84
CUST-043424,1728.57,84
CUST-043425,124049.67,14
CUST-043426,59487.96,41
CUST-043427,82260.55,23
CUST-043428,8402.67,36
CUST-043429,42127.97,0
CUST-043430,77760.41,3
CUST-043431,26812.78,4
CUST-043432,51419.04,36
CUST-043433,12643.23,27
CUST-043434,9657.55,16
CUST-043435,32663.65,15
CUST-043436,47709.53,7
CUST-043438,7015.32,5
CUST-043440,25454.37,0
CUST-043441,20011.31,43
CUST-043442,4415.1,4
CUST-043443,45278.14,1
CUST-043444,33535.8,12
CUST-043445,9176.6,19
CUST-043446,34356.28,0
CUST-043449,62105.43,34
CUST-043450,13617.56,36
CUST-043451,90079.4,59
CUST-043452,57624.86,43
CUST-043453,124870.08,30
CUST-043454,181678.36,11
CUST-043455,118780.0,40
CUST-043456,95736.15,30
CUST-043457,32152.99,0
CUST-043458,7101.4,18
CUST-043459,77616.3,34
CUST-043460,10186.06,49
CUST-043461,44704.82,8
CUST-043462,8696.03,12
CUST-043464,67496.27,17
CUST-043465,18174.56,45
CUST-043466,117872.35,31
CUST-043467,104848.49,28
CUST-043469,33627.54,20
CUST-043470,10324.25,32
CUST-043471,8519.46,50
CUST-043472,50026.11,0
CUST-043473,40374.59,3
CUST-043475,36326.5,19
CUST-043476,36819.34,61
CUST-043477,3703.93,6
CUST-043478,91733.48,34
CUST-043479,28619.38,25
CUST-043480,131449.81,33
CUST-043482,70381.55,25
CUST-043484,13353.29,30
CUST-043485,82553.26,15
CUST-043486,35695.14,23
CUST-043487,2709.59,20
CUST-043488,36142.02,0
CUST-043489,177780.51,40
CUST-043490,38120.91,38
CUST-043491,13336.38,0
CUST-043492,149185.84,0
CUST-043493,95445.15,9
CUST-043496,41680.11,56
CUST-043497,8325.16,23
CUST-043498,226676.12,8
CUST-043499,100282.19,33
CUST-043500,69333.15,55
CUST-043501,186158.17,31
CUST-043504,27484.56,36
CUST-043506,2293.45,8
CUST-043507,20908.17,35
CUST-043508,169438.52,18
CUST-043509,171889.96,35
CUST-043510,27388.31,59
CUST-043511,58694.09,12
CUST-043513,71953.58,15
CUST-043514,44313.91,17
CUST-043517,3311.48,19
CUST-043518,32617.62,34
CUST-043521,20223.52,15
CUST-043522,21905.31,50
CUST-043523,87740.06,11
CUST-043525,98850.07,8
CUST-043526,32425.59,5
CUST-043527,56349.25,24
CUST-043528,13325.97,30
CUST-043529,139414.69,0
CUST-043530,77293.54,7
CUST-043531,10732.66,3
CUST-043532,44700.87,39
CUST-043533,21924.13,19
CUST-043534,39438.36,25
CUST-043535,71037.28,33
CUST-043536,33081.58,37
CUST-043537,109258.2,0
CUST-043538,2103.64,100
CUST-043539,127191.07,24
CUST-043541,240076.29,22
CUST-043542,33458.22,0
CUST-043543,62508.72,51
CUST-043544,32925.84,19
CUST-043545,5542.93,9
CUST-043546,79691.89,39
CUST-043547,65274.64,4
CUST-043548,18679.2,70
CUST-043549,56294.43,51
CUST-043550,67971.66,26
CUST-043551,109731.38,15
CUST-043552,18515.01,26
CUST-043553,52335.12,24
CUST-043554,63616.47,23
CUST-043555,23981.89,33
CUST-043556,110633.79,33
CUST-043557,5757.5,29
CUST-043558,14074.53,11
CUST-043559,55833.94,37
CUST-043560,1631.51,17
CUST-043561,140602.53,27
CUST-043564,95049.62,19
CUST-043566,5600.95,6
CUST-043567,126555.61,0
CUST-043570,56641.46,17
CUST-043571,32419.28,2
CUST-043572,12301.12,13
CUST-043573,120198.32,18
CUST-043574,122329.54,0
CUST-043575,32088.46,13
CUST-043576,85002.58,50
CUST-043577,5146.65,9
CUST-043578,63439.01,80
CUST-043579,132307.68,37
CUST-043580,2898.41,25
CUST-043581,105701.89,39
CUST-043582,21003.29,35
CUST-043583,133856.94,32
CUST-043584,44355.49,0
CUST-043585,21866.79,21
CUST-043586,43901.81,10
CUST-043587,6347.7,6
CUST-043588,81867.57,24
CUST-043589,39663.18,3
CUST-043590,81460.92,5
CUST-043591,7262.71,38
CUST-043592,7468.16,30
CUST-043593,11759.33,5
CUST-043594,39926.82,15
CUST-043595,20435.09,15
CUST-043596,16512.81,41
CUST-043597,28200.02,3
CUST-043598,3886.6,42
CUST-043599,5539.94,19
CUST-043600,7129.02,30
CUST-043601,123255.3,0
CUST-043602,43443.97,49
CUST-043603,4142.74,23
CUST-043604,121246.85,22
CUST-043605,88450.19,48
CUST-043606,5277.16,20
CUST-043607,128764.39,26
CUST-043609,7783.26,24
CUST-043612,165917.63,24
CUST-043613,52548.52,51
CUST-043614,22173.82,3
CUST-043615,89011.32,32
CUST-043616,99540.14,49
CUST-043617,123881.71,7
CUST-043618,11513.03,30
CUST-043619,116072.89,58
CUST-043620,9201.91,48
CUST-043621,4456.99,55
CUST-043622,111343.61,32
CUST-043624,31249.24,23
CUST-043625,55866.18,35
CUST-043626,70081.24,10
CUST-043627,98191.23,15
CUST-043628,5947.87,49
CUST-043629,1750.15,38
CUST-043630,7388.49,35
CUST-043631,18974.43,0
CUST-043632,33614.5,19
CUST-043634,31503.06,35
CUST-043635,126273.13,31
CUST-043636,10678.75,7
CUST-043637,204602.86,7
CUST-043638,101135.08,1
CUST-043639,31047.11,34
CUST-043640,15317.23,34
CUST-043641,146374.82,15
CUST-043642,54179.36,32
CUST-043643,29458.18,25
CUST-043644,58713.46,20
CUST-043645,75613.46,22
CUST-043646,131222.36,49
CUST-043647,48488.58,34
CUST-043648,44106.92,39
CUST-043649,3159.85,31
CUST-043651,6183.93,34
CUST-043652,12793.95,41
CUST-043654,86692.07,0
CUST-043655,67380.44,0
CUST-043658,154180.38,42
CUST-043659,41932.4,12
CUST-043661,22473.87,49
CUST-043662,30698.05,42
CUST-043663,45635.62,41
CUST-043664,89731.62,37
CUST-043665,18783.12,16
CUST-043666,11551.57,39
CUST-043667,48524.2,17
CUST-043668,46040.63,45
CUST-043669,203106.43,5
CUST-043670,86098.04,38
CUST-043671,22669.15,5
CUST-043672,62180.6,0
CUST-043673,11341.38,9
CUST-043674,35190.16,46
CUST-043675,5327.8,34
CUST-043676,24181.55,36
CUST-043677,5245.42,0
CUST-043678,10627.2,0
CUST-043679,77629.5,50
CUST-043680,54128.57,0
CUST-043682,75888.63,9
CUST-043683,12147.84,31
CUST-043684,4590.94,5
CUST-043685,51682.41,20
CUST-043686,122078.91,0
CUST-043687,38072.8,0
CUST-043688,71960.13,21
CUST-043689,207119.81,6
CUST-043690,56550.43,23
CUST-043691,106268.1,6
CUST-043692,15437.47,5
CUST-043693,12358.61,7
CUST-043695,91250.68,39
CUST-043696,16966.32,7
CUST-043697,10996.33,0
CUST-043699,22840.15,40
CUST-043700,52165.84,21
CUST-043701,6042.95,46
CUST-043703,438.42,0
CUST-043704,17993.39,32
CUST-043705,145196.84,34
CUST-043707,30097.31,7
CUST-043708,75116.39,11
CUST-043709,28432.76,0
CUST-043710,112320.71,33
CUST-043713,83224.26,43
CUST-043715,9891.82,35
CUST-043716,63838.42,38
CUST-043718,67245.58,40
CUST-043719,16995.54,30
CUST-043722,20681.67,35
CUST-043723,58219.42,6
CUST-043724,153411.0,0
CUST-043725,68906.0,8
CUST-043727,60856.45,49
CUST-043728,64887.94,20
CUST-043729,16237.57,37
CUST-043730,2678.2,25
CUST-043732,140641.16,19
CUST-043733,157299.21,20
CUST-043734,64768.88,32
CUST-043735,35908.9,33
CUST-043736,74515.14,25
CUST-043737,84678.6,8
CUST-043738,4479.64,31
CUST-043739,14097.42,0
CUST-043740,8094.12,40
CUST-043743,17692.09,47
CUST-043744,35473.52,34
CUST-043745,69459.27,29
CUST-043747,40894.36,12
CUST-043748,203915.74,0
CUST-043749,4149.98,20
CUST-043751,53188.12,6
CUST-043752,70125.6,33
CUST-043753,49343.59,0
CUST-043754,18009.53,25
CUST-043755,141875.1,30
CUST-043756,54059.26,0
CUST-043757,41768.49,47
CUST-043758,52136.21,33
CUST-043759,70930.66,30
CUST-043760,11209.56,7
CUST-043761,34796.68,36
CUST-043763,91509.14,33
CUST-043764,31837.25,5
CUST-043765,23665.19,63
CUST-043766,35930.88,65
CUST-043767,11076.47,63
CUST-043769,126498.16,39
CUST-043770,12852.25,20
CUST-043771,151906.4,35
CUST-043772,32892.9,60
CUST-043775,7178.33,43
CUST-043777,5291.19,21
CUST-043778,36193.14,7
CUST-043779,54282.37,34
CUST-043780,46508.56,52
CUST-043781,129470.55,0
CUST-043782,25521.78,61
CUST-043783,32714.63,6
CUST-043784,9040.4,44
CUST-043785,9285.96,41
CUST-043787,7992.65,29
CUST-043788,88851.51,17
CUST-043789,51911.11,46
CUST-043790,92310.68,0
CUST-043791,139452.27,26
CUST-043792,6783.74,0
CUST-043793,3000.65,45
CUST-043794,79283.37,1
CUST-043795,22883.21,28
CUST-043796,20970.43,14
CUST-043797,21793.83,59
CUST-043798,32013.05,25
CUST-043799,26125.66,0
CUST-043800,12227.36,48
CUST-043802,64201.03,0
CUST-043803,28329.14,10
CUST-043804,63803.01,32
CUST-043805,44128.91,35
CUST-043806,46716.25,24
CUST-043807,11831.07,5
CUST-043808,1957.58,14
CUST-043809,139826.86,25
CUST-043811,124507.28,0
CUST-043815,19241.8,19
CUST-043818,64906.69,3
CUST-043819,105253.38,14
CUST-043820,71993.83,25
CUST-043821,133150.67,49
CUST-043822,35101.75,45
CUST-043823,48114.84,1
CUST-043824,107798.48,37
CUST-043826,2363.5,0
CUST-043827,44951.96,26
CUST-043829,13827.61,9
CUST-043830,8406.41,45
CUST-043831,39522.04,25
CUST-043832,196826.42,25
CUST-043834,38197.83,35
CUST-043836,552.66,31
CUST-043837,120218.66,10
CUST-043838,22745.14,32
CUST-043839,52378.79,45
CUST-043840,16840.17,63
CUST-043843,1672.09,39
CUST-043844,81303.6,32
CUST-043845,18239.64,43
CUST-043846,114156.56,23
CUST-043847,391.62,15
CUST-043848,190758.78,33
CUST-043849,65302.7,62
CUST-043850,136879.33,18
CUST-043852,37262.87,40
CUST-043853,100931.51,0
CUST-043854,107341.49,65
CUST-043856,10566.87,0
CUST-043857,205214.1,30
CUST-043858,80325.2,4
CUST-043859,5240.49,21
CUST-043860,45055.44,43
CUST-043861,56853.02,17
CUST-043862,61696.99,6
CUST-043863,166362.37,46
CUST-043864,83967.53,16
CUST-043865,4390.34,3
CUST-043866,38038.09,0
CUST-043867,106409.68,25
CUST-043869,10095.11,39
CUST-043870,10285.01,45
CUST-043871,64044.68,89
CUST-043872,86940.31,37
CUST-043873,102455.85,9
CUST-043874,52238.66,31
CUST-043875,44976.09,44
CUST-043876,28294.01,21
CUST-043877,126500.43,20
CUST-043878,104507.69,0
CUST-043879,129933.68,17
CUST-043880,1136.59,62
CUST-043881,65063.78,46
CUST-043882,135152.37,16
CUST-043883,68735.02,41
CUST-043884,36145.49,13
CUST-043885,142170.73,18
CUST-043886,4563.24,24
CUST-043887,124910.28,33
CUST-043888,45561.05,83
CUST-043889,59903.16,35
CUST-043890,95898.28,30
CUST-043892,10662.88,58
CUST-043893,114146.29,17
CUST-043894,86825.21,51
CUST-043895,34070.86,9
CUST-043896,5630.89,54
CUST-043897,122829.81,16
CUST-043898,65333.03,40
CUST-043899,71209.3,28
CUST-043900,245027.75,30
CUST-043902,64993.19,36
CUST-043903,73224.36,17
CUST-043904,56134.19,36
CUST-043906,69282.54,31
CUST-043907,169569.99,69
CUST-043908,2411.09,25
CUST-043909,363.09,38
CUST-043910,2793.31,6
CUST-043911,25445.49,31
CUST-043912,67389.31,11
CUST-043913,69887.58,18
CUST-043914,143375.45,38
CUST-043915,69430.16,0
CUST-043917,38048.21,37
CUST-043918,13886.23,8
CUST-043919,66868.05,60
CUST-043920,30058.4,2
CUST-043921,7807.71,35
CUST-043922,43726.68,68
CUST-043923,22273.09,23
CUST-043924,505.88,58
CUST-043925,49021.26,50
CUST-043926,100442.16,32
CUST-043928,48894.24,18
CUST-043929,63429.43,32
CUST-043931,56694.7,59
CUST-043933,156881.5,33
CUST-043934,50993.87,59
CUST-043935,7353.97,40
CUST-043937,41543.31,2
CUST-043938,65881.5,23
CUST-043940,37067.88,34
CUST-043941,69569.81,30
CUST-043943,114504.57,30
CUST-043944,1297.11,39
CUST-043945,63959.3,0
CUST-043946,387.28,39
CUST-043947,18119.64,7
CUST-043948,83552.91,17
CUST-043949,154966.97,1
CUST-043950,22274.25,21
CUST-043951,55210.18,10
CUST-043955,8569.67,24
CUST-043956,118406.11,47
CUST-043957,5884.71,4
CUST-043958,17068.8,36
CUST-043959,6530.1,25
CUST-043961,13077.43,8
CUST-043962,97817.61,7
CUST-043963,160252.69,37
CUST-043964,40414.32,16
CUST-043965,13155.56,30
CUST-043967,896.97,70
CUST-043968,70799.1,1
CUST-043969,2714.51,10
CUST-043970,14482.89,77
CUST-043971,43426.13,32
CUST-043973,39954.37,24
CUST-043974,3864.49,0
CUST-043975,2078.78,11
CUST-043976,101157.43,0
CUST-043978,77401.1,54
CUST-043979,8796.82,60
CUST-043980,2722.67,8
CUST-043981,49477.27,24
CUST-043982,34260.04,0
CUST-043983,211288.85,8
CUST-043984,138257.41,5
CUST-043985,12558.85,17
CUST-043986,33820.98,25
CUST-043988,1170.69,28
CUST-043989,94451.47,1
CUST-043990,98987.76,24
CUST-043991,231872.54,36
CUST-043992,131466.73,24
CUST-043993,28488.11,24
CUST-043994,67972.47,61
CUST-043995,55290.35,5
CUST-043996,15658.02,47
CUST-043998,100222.45,12
CUST-043999,112425.49,47
CUST-044000,51402.1,41
CUST-044002,22461.29,28
CUST-044003,8667.29,24
CUST-044005,30535.01,26
CUST-044006,11399.41,20
CUST-044007,9869.62,15
CUST-044008,26039.72,7
CUST-044009,125451.18,35
CUST-044010,90316.05,29
CUST-044011,58254.68,9
CUST-044013,25153.65,48
CUST-044015,102485.92,40
CUST-044016,104285.96,0
CUST-044017,7514.33,43
CUST-044018,3931.25,40
CUST-044019,134078.4,32
CUST-044021,103034.72,33
CUST-044022,12239.03,0
CUST-044023,36834.25,36
CUST-044024,42256.55,59
CUST-044025,1061.27,6
CUST-044026,1510.68,42
CUST-044028,9788.89,10
CUST-044029,102790.16,34
CUST-044030,51713.92,16
CUST-044031,173399.14,18
CUST-044032,0.0,83
CUST-044033,61449.51,36
CUST-044035,29582.03,0
CUST-044036,31052.38,49
CUST-044037,115488.42,42
CUST-044038,48664.98,48
CUST-044039,40756.3,70
CUST-044040,67128.14,18
CUST-044041,15117.45,13
CUST-044042,10521.94,2
CUST-044044,99926.23,0
CUST-044045,110682.04,29
CUST-044047,4058.49,7
CUST-044048,100729.39,39
CUST-044049,1209.74,19
CUST-044050,85712.98,15
CUST-044051,57972.82,7
CUST-044053,43129.87,19
CUST-044054,54556.9,15
CUST-044055,3932.33,40
CUST-044056,120093.44,22
CUST-044057,19140.9,40
CUST-044058,191389.0,24
CUST-044059,16182.17,49
CUST-044060,16650.99,33
CUST-044061,144731.76,49
CUST-044062,24726.22,18
CUST-044063,93011.72,34
CUST-044064,164701.49,37
CUST-044065,53837.48,8
CUST-044066,90266.01,39
CUST-044067,43903.22,0
CUST-044068,39911.01,17
CUST-044069,11830.05,46
CUST-044070,70505.81,40
CUST-044072,51706.74,10
CUST-044073,103753.68,10
CUST-044075,837.8,36
CUST-044076,49025.19,0
CUST-044079,5204.57,18
CUST-044080,87022.65,31
CUST-044081,26883.99,86
CUST-044082,33384.01,41
CUST-044083,63121.51,24
CUST-044084,54106.35,29
CUST-044085,58438.42,8
CUST-044086,93343.56,40
CUST-044087,44414.77,69
CUST-044088,2919.16,44
CUST-044089,34429.58,26
CUST-044091,72786.81,32
CUST-044092,42254.05,28
CUST-044093,101729.91,48
CUST-044095,4360.01,20
CUST-044096,29575.53,25
CUST-044097,18039.32,10
CUST-044098,115315.23,51
CUST-044099,63426.0,6
CUST-044100,79105.36,3
CUST-044104,23047.3,10
CUST-044105,177814.04,27
CUST-044107,190308.58,23
CUST-044108,2660.26,18
CUST-044110,73723.05,52
CUST-044111,106619.49,31
CUST-044113,537.25,52
CUST-044114,46425.22,32
CUST-044115,1596.34,10
CUST-044116,81288.93,19
CUST-044118,11276.75,52
CUST-044119,60266.61,23
CUST-044120,151562.09,14
CUST-044121,41476.07,68
CUST-044122,41029.68,49
CUST-044123,132116.0,3
CUST-044124,31605.61,67
CUST-044125,82191.71,0
CUST-044126,66593.83,34
CUST-044127,41861.93,23
CUST-044128,142006.35,0
CUST-044131,15702.03,35
CUST-044132,2727.67,26
CUST-044133,169273.6,3
CUST-044134,52457.13,36
CUST-044135,152149.5,46
CUST-044138,113569.11,1
CUST-044139,16907.95,10
CUST-044140,74086.33,16
CUST-044141,97485.04,0
CUST-044144,137797.33,64
CUST-044145,115884.27,7
CUST-044146,17228.12,15
CUST-044147,35266.85,15
CUST-044148,20012.73,13
CUST-044149,24658.3,18
CUST-044150,2636.76,20
CUST-044151,40500.64,43
CUST-044152,59815.45,0
CUST-044154,113632.01,44
CUST-044155,56633.48,23
CUST-044159,191668.42,30
CUST-044162,59863.98,17
CUST-044163,5414.42,0
CUST-044164,5919.67,32
CUST-044165,49739.76,13
CUST-044166,107672.66,0
CUST-044167,3760.26,0
CUST-044168,90674.24,52
CUST-044169,148975.98,11
CUST-044170,131732.21,0
CUST-044171,1189.69,8
CUST-044172,30434.54,19
CUST-044173,51511.65,48
CUST-044174,36818.55,9
CUST-044176,160899.22,13
CUST-044177,78760.41,14
CUST-044178,166428.65,15
CUST-044180,131347.62,22
CUST-044181,4730.77,32
CUST-044183,28039.69,19
CUST-044184,221153.69,50
CUST-044185,81385.2,47
CUST-044186,0.0,37
CUST-044187,74766.29,7
CUST-044190,21602.02,11
CUST-044192,25766.2,8
CUST-044194,26029.48,52
CUST-044196,60031.57,32
CUST-044198,94057.62,0
CUST-044199,38594.22,17
CUST-044200,144938.84,4
CUST-044202,1772.43,37
CUST-044203,16577.79,14
CUST-044204,124624.04,6
CUST-044205,30261.55,22
CUST-044206,17442.6,12
CUST-044207,166506.7,55
CUST-044208,103356.27,10
CUST-044209,14799.75,33
CUST-044211,172152.39,31
CUST-044213,0.0,32
CUST-044214,16093.08,14
CUST-044215,16973.15,35
CUST-044216,61366.51,49
CUST-044218,50636.69,45
CUST-044221,478.33,19
CUST-044222,151851.68,14
CUST-044223,83011.44,16
CUST-044225,13533.75,18
CUST-044227,64569.88,7
CUST-044228,60433.16,15
CUST-044229,27669.41,17
CUST-044238,12212.54,3
CUST-044239,50244.74,18
CUST-044240,161477.86,0
CUST-044242,22250.22,15
CUST-044243,38116.2,0
CUST-044244,151829.3,49
CUST-044246,4688.96,30
CUST-044247,38103.5,0
CUST-044248,103977.57,27
CUST-044249,2696.98,27
CUST-044250,139493.85,34
CUST-044251,103246.85,15
CUST-044252,65141.94,6
CUST-044253,5841.47,46
CUST-044254,154713.49,4
CUST-044255,13524.36,23
CUST-044256,29731.42,57
CUST-044257,149095.5,10
CUST-044258,3040.92,27
CUST-044259,140918.21,7
CUST-044261,52646.12,6
CUST-044262,29920.07,19
CUST-044263,126114.49,37
CUST-044264,12383.61,5
CUST-044265,120503.35,33
CUST-044266,49166.59,19
CUST-044267,30248.73,88
CUST-044268,98756.45,10
CUST-044269,37551.98,6
CUST-044270,170067.47,0
CUST-044271,113062.18,25
CUST-044272,20856.2,30
CUST-044273,183712.53,0
CUST-044274,58645.04,10
CUST-044275,202023.47,25
CUST-044278,52114.01,17
CUST-044279,3712.5,22
CUST-044280,47486.87,32
CUST-044281,80334.89,17
CUST-044282,15103.99,12
CUST-044284,94862.64,28
CUST-044285,27266.39,48
CUST-044286,82635.68,43
CUST-044287,6220.53,49
CUST-044290,25185.56,42
CUST-044291,86088.4,6
CUST-044293,58330.84,25
CUST-044294,148960.39,31
CUST-044295,143048.97,45
CUST-044296,169582.14,18
CUST-044297,58862.49,17
CUST-044298,44219.84,11
CUST-044299,19961.79,1
CUST-044300,31100.22,41
CUST-044301,81970.02,0
CUST-044302,48700.36,0
CUST-044303,65076.03,46
CUST-044305,56814.66,5
CUST-044307,27731.6,33
CUST-044308,12951.43,11
CUST-044309,51338.63,30
CUST-044310,84728.31,36
CUST-044312,30262.92,39
CUST-044313,38141.36,23
CUST-044314,11941.46,3
CUST-044315,127536.32,7
CUST-044317,89451.82,55
CUST-044318,59433.3,33
CUST-044319,33308.0,10
CUST-044320,29524.76,33
CUST-044322,114008.94,43
CUST-044323,25297.77,4
CUST-044324,59544.34,46
CUST-044325,71332.07,0
CUST-044326,97078.68,82
CUST-044327,2149.16,30
CUST-044328,2783.81,20
CUST-044330,10777.46,43
CUST-044331,50054.3,21
CUST-044332,167048.54,17
CUST-044333,96270.91,43
CUST-044334,160126.55,32
CUST-044336,136899.92,45
CUST-044337,15157.88,6
CUST-044338,34617.63,7
CUST-044340,147648.05,41
CUST-044342,80943.97,64
CUST-044343,43019.76,13
CUST-044345,8000.96,32
CUST-044346,63281.3,21
CUST-044348,49016.97,14
CUST-044350,6969.74,29
CUST-044351,68332.85,21
CUST-044352,27808.83,51
CUST-044353,8912.31,47
CUST-044354,195479.48,37
CUST-044358,172630.68,60
CUST-044359,24890.61,0
CUST-044361,55952.49,18
CUST-044364,57164.41,0
CUST-044365,10317.06,39
CUST-044366,110786.82,52
CUST-044368,44712.32,37
CUST-044369,53333.04,29
CUST-044370,168902.3,20
CUST-044371,74787.7,17
CUST-044372,58825.07,7
CUST-044373,0.0,63
CUST-044374,11036.59,19
CUST-044375,14207.96,13
CUST-044376,91951.8,40
CUST-044377,63092.23,25
CUST-044378,29059.65,56
CUST-044379,4492.67,16
CUST-044380,107118.35,10
CUST-044381,11390.5,30
CUST-044382,151205.9,34
CUST-044383,70204.92,74
CUST-044384,4910.95,15
CUST-044385,50618.15,33
CUST-044386,8618.38,12
CUST-044387,18927.87,48
CUST-044388,55305.41,41
CUST-044389,1104.21,54
CUST-044392,14366.83,31
CUST-044393,22831.68,47
CUST-044396,4958.73,58
CUST-044397,65930.33,44
CUST-044399,2555.81,47
CUST-044400,40113.49,72
CUST-044401,33558.84,47
CUST-044403,50849.28,40
CUST-044404,66659.28,0
CUST-044406,92696.8,4
CUST-044407,201650.17,45
CUST-044408,16625.15,35
CUST-044409,185164.41,33
CUST-044410,58879.99,46
CUST-044411,5274.9,17
CUST-044412,42559.79,11
CUST-044413,12838.65,32
CUST-044414,5940.38,21
CUST-044415,3895.75,83
CUST-044416,12677.53,15
CUST-044417,104508.9,46
CUST-044418,58256.54,0
CUST-044421,25075.44,58
CUST-044424,50896.67,25
CUST-044426,56405.86,22
CUST-044428,53536.91,22
CUST-044430,19538.67,43
CUST-044431,58163.72,1
CUST-044433,13760.09,4
CUST-044434,25801.2,40
CUST-044435,1164.19,45
CUST-044436,234998.42,0
CUST-044438,89850.18,19
CUST-044439,55117.72,47
CUST-044440,57039.16,8
CUST-044441,8108.82,8
CUST-044443,30144.8,0
CUST-044445,329.13,43
CUST-044446,46051.9,0
CUST-044447,72573.29,35
CUST-044448,135825.71,47
CUST-044449,23149.29,9
CUST-044450,131421.55,43
CUST-044451,16490.16,18
CUST-044453,60385.77,47
CUST-044454,4187.81,7
CUST-044456,156693.84,48
CUST-044457,11144.75,1
CUST-044458,18555.67,19
CUST-044459,66454.75,9
CUST-044460,20692.39,3
CUST-044461,11697.08,0
CUST-044462,105142.99,34
CUST-044463,20150.04,5
CUST-044464,23084.16,37
CUST-044465,10905.45,53
CUST-044466,109700.4,30
CUST-044467,47319.47,19
CUST-044468,31704.85,71
CUST-044469,111703.9,9
CUST-044471,18939.08,43
CUST-044472,9698.33,58
CUST-044473,1338.39,0
CUST-044474,42943.46,74
CUST-044475,64559.88,30
CUST-044477,855.91,31
CUST-044479,121230.29,67
CUST-044480,57365.28,56
CUST-044481,26765.9,3
CUST-044482,45950.84,47
CUST-044483,50504.09,0
CUST-044485,35713.05,8
CUST-044486,53366.1,33
CUST-044487,118521.29,26
CUST-044488,67709.5,19
CUST-044489,14312.62,0
CUST-044491,53958.49,0
CUST-044493,134596.29,37
CUST-044494,73188.68,58
CUST-044495,48180.68,17
CUST-044496,101271.66,0
CUST-044497,26077.03,24
CUST-044498,28654.97,35
CUST-044499,77679.1,49
CUST-044501,86003.72,22
CUST-044502,2512.57,69
CUST-044504,17954.44,71
CUST-044505,67481.02,20
CUST-044506,2301.18,28
CUST-044507,8704.64,12
CUST-044508,25100.11,10
CUST-044509,22103.66,7
CUST-044512,153692.18,32
CUST-044513,116077.54,48
CUST-044514,2713.91,30
CUST-044516,55248.53,64
CUST-044517,83415.95,30
CUST-044518,7182.28,10
CUST-044519,7766.46,40
CUST-044520,7032.34,37
CUST-044521,4702.65,15
CUST-044522,28153.49,32
CUST-044523,10463.5,43
CUST-044524,184223.05,57
CUST-044525,22429.0,0
CUST-044526,58742.39,32
CUST-044527,144235.1,25
CUST-044530,103449.3,25
CUST-044531,46290.21,31
CUST-044534,70691.3,16
CUST-044535,99057.16,73
CUST-044536,24113.27,28
CUST-044537,97833.2,39
CUST-044538,21808.3,25
CUST-044539,40053.17,40
CUST-044540,117149.2,41
CUST-044541,2815.06,50
CUST-044542,9482.11,44
CUST-044543,76606.07,20
CUST-044544,59705.83,32
CUST-044545,70052.14,24
CUST-044546,3163.56,7
CUST-044547,144401.09,4
CUST-044548,162426.06,12
CUST-044549,6924.54,15
CUST-044550,40862.01,24
CUST-044551,18727.82,17
CUST-044552,15170.0,47
CUST-044553,61572.57,25
CUST-044554,2643.11,22
CUST-044556,2363.35,14
CUST-044557,35061.21,34
CUST-044558,234166.53,15
CUST-044559,111577.9,6
CUST-044560,17452.38,55
CUST-044565,119149.79,9
CUST-044566,184739.01,7
CUST-044567,11456.23,54
CUST-044568,14446.46,34
CUST-044569,3717.28,19
CUST-044570,20694.05,21
CUST-044571,41508.59,33
CUST-044572,3515.93,56
CUST-044573,23176.3,45
CUST-044574,68745.14,0
CUST-044575,11858.78,14
CUST-044576,35622.4,50
CUST-044578,159694.23,22
CUST-044581,93130.55,34
CUST-044582,86713.02,31
CUST-044583,41219.85,6
CUST-044584,19145.09,17
CUST-044585,0.0,83
CUST-044586,183232.86,32
CUST-044587,107821.07,40
CUST-044588,147108.07,17
CUST-044589,98095.22,27
CUST-044590,107453.74,47
CUST-044591,28817.02,9
CUST-044593,4901.24,24
CUST-044595,27737.09,50
CUST-044596,6005.46,18
CUST-044598,21975.46,39
CUST-044599,141061.8,31
CUST-044600,4603.66,61
CUST-044601,135110.02,56
CUST-044602,13465.85,6
CUST-044603,80946.86,42
CUST-044604,37919.47,28
CUST-044605,77841.07,23
CUST-044606,59082.84,55
CUST-044607,6642.81,17
CUST-044609,131561.91,41
CUST-044610,189505.96,31
CUST-044611,21512.37,31
CUST-044612,6691.31,24
CUST-044613,11106.6,37
CUST-044614,81369.29,21
CUST-044616,52741.36,42
CUST-044617,726.13,8
CUST-044618,69134.54,48
CUST-044619,40840.95,6
CUST-044620,11791.93,34
CUST-044621,1037.59,49
CUST-044622,93904.79,0
CUST-044623,188878.66,42
CUST-044624,1050.88,66
CUST-044625,103495.1,14
CUST-044626,57448.88,27
CUST-044627,128546.0,33
CUST-044628,107275.68,0
CUST-044629,11839.82,0
CUST-044630,72317.66,15
CUST-044631,105660.85,23
CUST-044632,184963.22,41
CUST-044633,42588.76,25
CUST-044634,79721.5,22
CUST-044635,153444.61,0
CUST-044636,50766.72,24
CUST-044638,20528.2,0
CUST-044639,1079.12,0
CUST-044640,4610.4,6
CUST-044641,11262.84,35
CUST-044642,25848.38,65
CUST-044643,60696.76,5
CUST-044644,60132.74,28
CUST-044645,91210.13,22
CUST-044646,81208.93,29
CUST-044647,63501.71,31
CUST-044650,102764.04,48
CUST-044651,51057.12,0
CUST-044652,4110.08,0
CUST-044653,6411.11,4
CUST-044654,87494.72,29
CUST-044656,75019.23,35
CUST-044657,8382.46,21
CUST-044658,75412.55,2
CUST-044659,23748.46,51
CUST-044663,159841.86,38
CUST-044664,68031.66,43
CUST-044665,101495.32,41
CUST-044667,63686.64,6
CUST-044668,27521.52,51
CUST-044669,47630.45,9
CUST-044670,94110.44,33
CUST-044671,88.17,83
CUST-044672,173668.08,46
CUST-044673,45273.9,50
CUST-044674,43020.0,2
CUST-044675,6400.34,13
CUST-044676,29752.36,55
CUST-044677,20551.51,33
CUST-044679,108777.24,22
CUST-044681,138340.48,34
CUST-044682,22541.19,37
CUST-044683,49356.81,0
CUST-044684,8367.26,7
CUST-044686,29866.65,25
CUST-044687,17073.68,36
CUST-044688,52764.37,21
CUST-044689,56618.92,0
CUST-044690,112182.9,0
CUST-044691,53311.39,23
CUST-044694,63300.07,35
CUST-044695,10049.39,33
CUST-044696,31246.49,6
CUST-044697,94492.9,24
CUST-044698,7389.28,60
CUST-044699,6433.86,45
CUST-044700,10878.75,24
CUST-044702,27862.19,31
CUST-044703,8070.97,32
CUST-044704,2405.7,84
CUST-044705,63600.67,0
CUST-044706,33885.85,28
CUST-044707,114475.4,28
CUST-044708,652.96,82
CUST-044709,15261.18,46
CUST-044710,109616.04,18
CUST-044711,32456.35,8
CUST-044714,75829.57,37
CUST-044716,34333.19,0
CUST-044717,7953.69,0
CUST-044718,10954.35,13
CUST-044720,94267.28,2
CUST-044722,10327.11,0
CUST-044723,1269.06,39
CUST-044724,82387.25,4
CUST-044725,6733.77,9
CUST-044726,28571.01,15
CUST-044728,36776.16,42
CUST-044729,79993.36,24
CUST-044731,8357.15,34
CUST-044732,57377.39,35
CUST-044733,64531.71,16
CUST-044734,27729.56,12
CUST-044736,14432.47,0
CUST-044737,86211.22,38
CUST-044738,116647.28,30
CUST-044739,44439.92,29
CUST-044740,75919.43,25
CUST-044741,6405.13,50
CUST-044742,1565.81,13
CUST-044743,5423.36,15
CUST-044745,164201.07,73
CUST-044746,6415.48,0
CUST-044747,91196.74,10
CUST-044748,16684.77,18
CUST-044749,46567.23,32
CUST-044750,15529.42,0
CUST-044751,67457.12,86
CUST-044752,142.81,25
CUST-044753,102785.99,23
CUST-044754,34167.82,23
CUST-044755,160493.31,8
CUST-044757,57917.5,50
CUST-044758,103016.17,48
CUST-044759,1115.23,8
CUST-044761,32819.88,30
CUST-044762,32755.72,23
CUST-044763,32630.7,42
CUST-044764,22485.34,18
CUST-044765,108937.05,55
CUST-044766,12538.54,57
CUST-044767,4143.14,47
CUST-044769,21568.18,34
CUST-044770,58243.93,30
CUST-044772,32321.06,19
CUST-044773,15146.95,0
CUST-044774,93196.64,0
CUST-044776,76957.74,0
CUST-044777,40168.7,25
CUST-044778,35295.14,75
CUST-044780,42100.78,17
CUST-044781,128020.2,44
CUST-044782,20966.99,18
CUST-044784,55321.73,11
CUST-044785,72525.9,25
CUST-044786,5299.33,21
CUST-044787,158103.72,0
CUST-044788,102040.9,40
CUST-044789,7382.4,25
CUST-044790,239387.6,14
CUST-044792,22457.59,9
CUST-044793,101835.9,0
CUST-044794,31840.28,0
CUST-044795,11242.98,20
CUST-044796,5578.75,5
CUST-044797,43356.58,34
CUST-044798,64871.06,11
CUST-044800,6979.52,9
CUST-044801,16569.46,0
CUST-044803,58252.8,31
CUST-044804,54895.99,50
CUST-044806,112600.22,33
CUST-044807,16278.41,0
CUST-044808,31214.38,30
CUST-044809,71590.9,37
CUST-044811,8799.57,9
CUST-044812,149126.9,4
CUST-044813,254558.98,35
CUST-044814,65755.09,33
CUST-044815,64299.65,6
CUST-044816,144863.85,16
CUST-044817,3528.83,51
CUST-044818,3335.04,25
CUST-044819,80836.62,55
CUST-044820,420.91,78
CUST-044821,64021.78,25
CUST-044822,179290.25,46
CUST-044823,215322.95,8
CUST-044824,136218.74,43
CUST-044825,13907.47,43
CUST-044826,109115.9,41
CUST-044827,154282.12,9
CUST-044829,128127.32,30
CUST-044831,72148.08,2
CUST-044833,157772.96,35
CUST-044834,146945.83,38
CUST-044835,20964.19,56
CUST-044836,31702.41,18
CUST-044837,21598.57,12
CUST-044838,39519.63,40
CUST-044839,139990.42,24
CUST-044842,13626.93,43
CUST-044844,98614.88,22
CUST-044846,38107.65,24
CUST-044847,24877.88,31
CUST-044848,5025.64,32
CUST-044849,102326.99,37
CUST-044850,18695.81,0
CUST-044852,7477.93,32
CUST-044853,5513.03,31
CUST-044854,183208.5,24
CUST-044855,100222.36,56
CUST-044857,81024.76,0
CUST-044858,35917.99,0
CUST-044860,151348.1,0
CUST-044861,17762.55,17
CUST-044862,7768.9,9
CUST-044863,11524.71,17
CUST-044864,60353.84,13
CUST-044865,95085.36,6
CUST-044867,23239.62,32
CUST-044868,23714.5,22
CUST-044869,130725.98,0
CUST-044870,15710.0,0
CUST-044871,91302.73,15
CUST-044873,37773.78,34
CUST-044874,408.1,30
CUST-044875,75005.99,76
CUST-044876,131063.27,44
CUST-044878,41329.15,23
CUST-044879,54018.66,24
CUST-044881,94996.81,17
CUST-044882,112037.74,1
CUST-044883,87196.89,44
CUST-044884,197337.03,57
CUST-044885,95610.87,33
CUST-044886,173346.19,0
CUST-044887,109560.13,27
CUST-044888,30979.03,0
CUST-044890,202203.38,20
CUST-044891,9597.07,56
CUST-044892,59999.15,10
CUST-044893,2165.09,33
CUST-044895,7006.32,28
CUST-044896,29222.87,35
CUST-044897,96672.73,30
CUST-044898,1427.82,37
CUST-044899,13162.07,9
CUST-044900,52304.5,47
CUST-044901,68453.49,15
CUST-044902,12466.22,27
CUST-044903,5605.02,49
CUST-044904,6251.88,34
CUST-044907,132449.66,60
CUST-044908,5639.25,43
CUST-044910,75151.55,35
CUST-044911,134132.33,27
CUST-044912,73144.5,0
CUST-044913,5073.09,44
CUST-044914,131316.22,61
CUST-044915,24000.81,69
CUST-044916,67924.73,6
CUST-044917,19249.97,35
CUST-044919,15214.94,21
CUST-044920,26832.89,20
CUST-044921,89610.14,9
CUST-044922,30670.15,20
CUST-044923,69736.45,33
CUST-044924,24312.33,31
CUST-044925,42420.81,38
CUST-044926,10026.41,15
CUST-044927,48437.14,59
CUST-044929,488.98,62
CUST-044930,45484.47,72
CUST-044931,12664.27,33
CUST-044933,49501.79,4
CUST-044934,201233.24,0
CUST-044935,50377.62,37
CUST-044936,178264.79,26
CUST-044937,121972.4,0
CUST-044938,204249.0,10
CUST-044939,60994.69,32
CUST-044940,22228.38,3
CUST-044941,181720.22,32
CUST-044942,62905.11,19
CUST-044943,8942.18,22
CUST-044947,116592.17,10
CUST-044948,103719.27,6
CUST-044949,21259.78,32
CUST-044950,3186.13,30
CUST-044951,18166.07,8
CUST-044952,42694.51,16
CUST-044954,99680.35,0
CUST-044955,8978.91,17
CUST-044956,3087.48,30
CUST-044957,89950.32,20
CUST-044960,48662.98,14
CUST-044961,76698.08,10
CUST-044962,6372.17,28
CUST-044963,4187.94,18
CUST-044964,18427.24,47
CUST-044965,82976.15,36
CUST-044966,27746.56,38
CUST-044967,93210.96,0
CUST-044968,155272.13,22
CUST-044969,65353.58,48
CUST-044971,26817.85,46
CUST-044973,27038.04,27
CUST-044974,8293.11,20
CUST-044975,14978.02,15
CUST-044976,39609.08,18
CUST-044977,7935.05,38
CUST-044978,1777.86,4
CUST-044980,128339.77,1
CUST-044984,1269.88,34
CUST-044986,93043.11,9
CUST-044987,42387.79,47
CUST-044988,106654.94,29
CUST-044989,78735.71,34
CUST-044990,51086.88,15
CUST-044992,57884.89,41
CUST-044993,98846.57,5
CUST-044995,28808.67,47
CUST-044996,48420.27,1
CUST-044998,61761.83,34
CUST-044999,25111.72,40
CUST-045000,92587.21,35
CUST-045001,52834.32,10
CUST-045002,6123.17,22
CUST-045003,70325.78,54
CUST-045004,92347.41,42
CUST-045005,1041.5,20
CUST-045006,27221.21,21
CUST-045007,86621.61,4
CUST-045008,41498.4,17
CUST-045009,2644.76,63
CUST-045010,156576.43,10
CUST-045011,628.96,5
CUST-045012,990.68,70
CUST-045013,32296.24,14
CUST-045014,39514.04,42
CUST-045015,8489.5,57
CUST-045016,21503.31,34
CUST-045017,4403.43,2
CUST-045018,71287.95,0
CUST-045019,44327.02,15
CUST-045020,50577.05,3
CUST-045021,48777.09,45
CUST-045024,26593.49,11
CUST-045025,107949.84,15
CUST-045026,69275.23,63
CUST-045027,63442.68,35
CUST-045028,78962.62,50
CUST-045029,141941.62,9
CUST-045030,4333.24,28
CUST-045031,19528.97,32
CUST-045033,55497.66,12
CUST-045034,101222.57,42
CUST-045035,69106.11,20
CUST-045036,110204.8,50
CUST-045037,116115.91,31
CUST-045038,79313.37,18
CUST-045039,116658.33,15
CUST-045040,8511.86,6
CUST-045041,16607.82,18
CUST-045042,115222.01,34
CUST-045045,101646.48,62
CUST-045046,173739.17,8
CUST-045047,2752.62,40
CUST-045049,75908.68,30
CUST-045050,78610.04,60
CUST-045051,33033.09,20
CUST-045053,34354.56,29
CUST-045058,48693.2,6
CUST-045059,9102.65,44
CUST-045060,15699.12,21
CUST-045061,3765.26,43
CUST-045062,93599.11,41
CUST-045063,83884.45,30
CUST-045066,13143.08,22
CUST-045067,63880.29,30
CUST-045068,14362.96,0
CUST-045069,106285.8,29
CUST-045070,173090.77,18
CUST-045071,33250.38,38
CUST-045072,161199.94,7
CUST-045073,2962.72,36
CUST-045074,21863.58,39
CUST-045075,19368.85,0
CUST-045077,2308.04,50
CUST-045078,43140.83,0
CUST-045080,29135.04,16
CUST-045081,14679.5,63
CUST-045082,72308.5,7
CUST-045084,18632.12,41
CUST-045085,127194.24,39
CUST-045086,32480.01,27
CUST-045087,45266.15,33
CUST-045089,48569.91,7
CUST-045090,7059.18,44
CUST-045091,4651.01,20
CUST-045092,5392.85,12
CUST-045093,58600.53,19
CUST-045094,70360.69,47
CUST-045095,4100.09,65
CUST-045096,11218.07,9
CUST-045097,25301.32,32
CUST-045098,82843.39,13
CUST-045100,8594.56,6
CUST-045101,12140.24,42
CUST-045102,966.32,25
CUST-045103,42591.4,38
CUST-045104,136695.76,31
CUST-045105,48986.05,30
CUST-045106,75687.46,19
CUST-045107,21195.23,48
CUST-045108,24689.79,57
CUST-045109,50378.76,50
CUST-045110,82793.04,15
CUST-045111,8934.85,11
CUST-045112,109346.85,23
CUST-045113,87847.61,35
CUST-045114,15058.28,8
CUST-045117,43880.56,30
CUST-045118,93357.04,31
CUST-045119,19937.44,28
CUST-045120,10146.45,56
CUST-045121,10257.37,61
CUST-045122,37872.19,30
CUST-045123,81500.2,19
CUST-045124,30594.32,45
CUST-045125,13197.96,18
CUST-045126,59977.46,55
CUST-045128,210497.06,0
CUST-045129,1566.28,43
CUST-045130,46443.19,7
CUST-045131,19524.68,5
CUST-045133,50562.62,9
CUST-045136,42827.83,35
CUST-045137,3153.89,32
CUST-045138,59972.49,11
CUST-045139,13476.57,24
CUST-045140,116445.31,64
CUST-045141,113730.62,30
CUST-045142,119604.34,45
CUST-045143,37036.04,30
CUST-045146,35223.04,21
CUST-045147,44404.11,6
CUST-045148,12326.77,67
CUST-045149,99150.34,8
CUST-045150,84458.32,26
CUST-045151,51646.37,34
CUST-045152,36231.07,50
CUST-045153,143370.25,0
CUST-045154,119657.57,30
CUST-045155,28344.76,38
CUST-045156,41465.93,46
CUST-045157,9745.08,50
CUST-045158,2795.31,3
CUST-045159,1670.45,43
CUST-045160,160247.07,10
CUST-045161,12473.96,31
CUST-045163,5717.2,14
CUST-045164,15391.3,9
CUST-045165,174000.31,40
CUST-045166,59945.03,35
CUST-045167,45545.23,0
CUST-045168,177409.44,41
CUST-045169,16580.72,34
CUST-045170,5964.23,12
CUST-045171,14031.58,37
CUST-045173,3826.45,47
CUST-045174,1139.34,28
CUST-045175,21399.62,66
CUST-045176,69152.13,25
CUST-045177,23270.73,53
CUST-045179,13367.35,34
CUST-045181,2778.55,65
CUST-045182,42347.84,40
CUST-045184,92160.07,47
CUST-045185,21395.31,51
CUST-045187,54899.96,58
CUST-045188,2786.68,20
CUST-045189,15445.76,22
CUST-045191,36361.43,54
CUST-045192,112592.68,22
CUST-045193,163896.21,0
CUST-045194,55104.1,23
CUST-045195,225188.76,7
CUST-045196,11405.81,0
CUST-045197,25323.72,5
CUST-045198,114530.4,29
CUST-045199,8752.28,22
CUST-045200,27956.87,55
CUST-045201,62167.3,0
CUST-045202,49713.72,3
CUST-045203,82413.79,29
CUST-045205,110106.73,55
CUST-045206,102623.56,31
CUST-045207,44388.92,24
CUST-045208,33924.09,34
CUST-045210,9775.86,48
CUST-045211,7711.57,14
CUST-045212,177962.17,21
CUST-045213,142323.48,22
CUST-045214,160043.17,35
CUST-045215,44409.29,70
CUST-045216,20868.03,0
CUST-045217,61649.11,9
CUST-045218,55334.71,6
CUST-045219,67562.22,9
CUST-045220,34526.26,37
CUST-045221,42387.01,47
CUST-045223,4783.27,48
CUST-045224,50473.41,49
CUST-045225,65190.23,24
CUST-045226,12066.19,34
CUST-045228,76907.34,38
CUST-045229,5019.19,22
CUST-045230,228996.65,62
CUST-045231,93516.08,60
CUST-045233,34202.98,1
CUST-045234,47712.68,38
CUST-045235,20810.52,43
CUST-045236,25475.66,29
CUST-045237,15965.19,17
CUST-045239,33086.68,30
CUST-045240,4193.94,4
CUST-045241,25266.51,17
CUST-045242,197751.44,15
CUST-045243,178574.93,15
CUST-045244,11321.44,51
CUST-045245,118441.19,45
CUST-045246,33221.13,20
CUST-045248,7239.92,32
CUST-045249,17486.44,17
CUST-045250,36549.76,38
CUST-045251,60483.03,46
CUST-045253,155140.27,11
CUST-045254,65192.68,0
CUST-045255,30245.08,0
CUST-045256,41225.07,13
CUST-045258,38968.3,44
CUST-045259,14688.39,25
CUST-045260,38482.21,0
CUST-045262,44135.44,0
CUST-045263,13219.32,44
CUST-045264,195824.91,20
CUST-045265,165338.54,72
CUST-045266,26021.1,42
CUST-045269,60360.15,60
CUST-045271,89410.28,42
CUST-045273,58658.5,0
CUST-045274,33926.82,7
CUST-045275,10029.11,25
CUST-045276,56718.0,10
CUST-045277,7525.5,38
CUST-045279,23035.06,48
CUST-045280,27476.45,0
CUST-045281,51773.97,0
CUST-045283,38381.08,64
CUST-045284,131689.97,41
CUST-045288,122937.16,15
CUST-045289,144381.26,5
CUST-045290,28541.63,29
CUST-045291,73400.6,0
CUST-045292,149561.75,47
CUST-045293,605.27,19
CUST-045294,173738.57,68
CUST-045295,111151.27,19
CUST-045296,156959.98,11
CUST-045297,92281.87,9
CUST-045299,169527.81,6
CUST-045300,57603.5,23
CUST-045301,110784.74,46
CUST-045303,237926.61,28
CUST-045304,2908.03,5
CUST-045305,50221.71,31
CUST-045306,18395.06,10
CUST-045307,4735.47,58
CUST-045309,85456.88,33
CUST-045310,204066.3,0
CUST-045312,174643.32,0
CUST-045314,115745.46,35
CUST-045315,52795.0,69
CUST-045316,7704.47,34
CUST-045317,164355.39,11
CUST-045319,105910.87,0
CUST-045321,56863.36,56
CUST-045322,60652.16,32
CUST-045324,11686.91,0
CUST-045325,154134.53,23
CUST-045326,913.98,17
CUST-045327,36505.76,59
CUST-045328,77996.88,55
CUST-045329,9715.4,25
CUST-045331,98453.88,2
CUST-045332,33606.93,3
CUST-045333,42220.89,16
CUST-045335,13587.55,20
CUST-045336,47302.08,5
CUST-045337,43227.87,26
CUST-045338,127959.14,7
CUST-045340,121832.06,33
CUST-045342,69037.21,35
CUST-045346,46073.5,0
CUST-045347,15878.97,4
CUST-045349,96228.9,5
CUST-045350,29414.41,49
CUST-045351,16164.88,50
CUST-045352,43735.45,43
CUST-045353,17290.17,0
CUST-045354,114817.12,25
CUST-045355,113423.57,5
CUST-045356,5454.32,35
CUST-045358,120671.9,41
CUST-045360,48450.04,10
CUST-045361,6207.78,41
CUST-045362,6638.13,45
CUST-045363,28487.83,0
CUST-045364,76094.73,38
CUST-045365,8186.5,57
CUST-045366,58390.23,27
CUST-045367,29980.33,33
CUST-045368,45315.55,43
CUST-045369,8347.38,20
CUST-045370,11407.45,34
CUST-045371,19419.05,17
CUST-045372,10101.98,26
CUST-045373,28958.56,17
CUST-045374,2103.87,17
CUST-045375,5187.43,21
CUST-045376,15522.32,9
CUST-045377,5499.17,16
CUST-045378,18370.14,44
CUST-045379,51134.99,0
CUST-045380,8189.24,26
CUST-045381,36167.6,21
CUST-045382,29157.27,0
CUST-045383,212385.41,24
CUST-045384,47616.63,45
CUST-045385,7188.25,24
CUST-045386,4625.9,44
CUST-045387,147565.98,17
CUST-045388,66351.78,9
CUST-045390,114978.78,44
CUST-045392,210343.57,16
CUST-045393,54426.64,0
CUST-045394,480.62,0
CUST-045395,4223.14,8
CUST-045398,32788.96,33
CUST-045399,165080.32,10
CUST-045400,18641.98,23
CUST-045401,23231.32,43
CUST-045403,25656.83,41
CUST-045404,25163.01,54
CUST-045405,95674.94,11
CUST-045406,158927.76,8
CUST-045407,73948.24,15
CUST-045408,9721.87,58
CUST-045409,47775.59,36
CUST-045410,88627.11,28
CUST-045411,86482.76,31
CUST-045412,116434.22,57
CUST-045413,84770.96,56
CUST-045414,151332.04,23
CUST-045415,73846.84,13
CUST-045416,47695.65,36
CUST-045417,1877.25,35
CUST-045419,32743.5,1
CUST-045420,93292.98,22
CUST-045421,7234.51,25
CUST-045422,14442.16,33
CUST-045423,169886.82,9
CUST-045424,48182.82,19
CUST-045426,75787.07,0
CUST-045427,51513.56,32
CUST-045428,38532.44,46
CUST-045429,2965.62,82
CUST-045430,3017.5,38
CUST-045431,26608.81,25
CUST-045432,19495.74,35
CUST-045433,15331.16,18
CUST-045434,13821.35,13
CUST-045435,23745.58,19
CUST-045438,58352.59,15
CUST-045439,159337.54,69
CUST-045440,89523.66,16
CUST-045441,26937.71,0
CUST-045442,84110.97,33
CUST-045444,30383.14,42
CUST-045446,126822.36,0
CUST-045447,103169.78,37
CUST-045448,37283.39,33
CUST-045449,14049.95,42
CUST-045450,18497.79,0
CUST-045451,225964.15,25
CUST-045454,29218.06,22
CUST-045455,131283.97,9
CUST-045457,95736.9,43
CUST-045460,2163.13,0
CUST-045461,16683.21,54
CUST-045462,116237.72,22
CUST-045463,78218.48,0
CUST-045467,24591.62,0
CUST-045469,51254.35,25
CUST-045470,18262.72,27
CUST-045471,66056.13,10
CUST-045472,32240.27,35
CUST-045473,31151.94,39
CUST-045475,77783.11,40
CUST-045476,60262.95,0
CUST-045478,8238.49,16
CUST-045480,243874.79,16
CUST-045481,34340.06,9
CUST-045482,24579.98,8
CUST-045483,95398.91,47
CUST-045484,11450.94,0
CUST-045486,26537.4,62
CUST-045487,93975.34,11
CUST-045488,4794.72,55
CUST-045489,78843.15,8
CUST-045490,18133.31,41
CUST-045492,168591.29,0
CUST-045493,48361.15,21
CUST-045494,25062.87,6
CUST-045495,145317.18,17
CUST-045496,99453.71,59
CUST-045497,77076.31,50
CUST-045498,45105.82,8
CUST-045499,33197.17,15
CUST-045501,128759.26,4
CUST-045504,53345.35,31
CUST-045506,5135.68,42
CUST-045507,108539.01,10
CUST-045508,43868.06,6
CUST-045509,111375.57,23
CUST-045510,12396.72,0
CUST-045511,31389.8,0
CUST-045513,3573.67,34
CUST-045514,131071.63,19
CUST-045515,42713.39,34
CUST-045516,9785.52,26
CUST-045517,44114.99,33
CUST-045518,43679.7,38
CUST-045519,127187.19,47
CUST-045520,78329.83,34
CUST-045522,1404.01,23
CUST-045523,34572.54,38
CUST-045524,3727.21,0
CUST-045526,50725.64,6
CUST-045528,26728.72,34
CUST-045529,213.94,51
CUST-045530,64840.62,22
CUST-045531,268451.34,54
CUST-045532,72693.25,18
CUST-045533,9434.84,18
CUST-045534,6149.36,9
CUST-045535,127014.72,3
CUST-045537,122201.94,72
CUST-045539,195578.57,30
CUST-045540,4950.21,0
CUST-045541,39389.46,20
CUST-045544,4892.88,31
CUST-045545,89998.5,0
CUST-045546,1287.3,16
CUST-045547,23131.27,34
CUST-045548,23782.82,26
CUST-045549,39197.62,57
CUST-045550,26734.39,39
CUST-045551,50373.94,33
CUST-045553,35139.22,68
CUST-045554,37281.13,21
CUST-045556,24133.34,0
CUST-045557,73277.46,0
CUST-045558,45687.86,14
CUST-045559,16198.94,30
CUST-045560,69714.17,15
CUST-045561,82542.57,36
CUST-045562,67565.86,32
CUST-045563,31649.82,31
CUST-045566,15703.47,0
CUST-045568,100399.21,37
CUST-045569,38326.15,6
CUST-045570,113751.58,15
CUST-045571,9612.11,34
CUST-045572,49784.31,18
CUST-045573,0.0,18
CUST-045574,52067.67,42
CUST-045576,44338.11,2
CUST-045577,45587.02,35
CUST-045580,43319.73,0
CUST-045581,26962.91,50
CUST-045582,6901.18,32
CUST-045583,11251.11,37
CUST-045584,67756.0,1
CUST-045585,10375.4,18
CUST-045586,142571.62,9
CUST-045587,44976.76,24
CUST-045588,28998.16,35
CUST-045589,30837.15,22
CUST-045590,139354.83,49
CUST-045593,41725.77,43
CUST-045596,29955.49,50
CUST-045597,95222.59,32
CUST-045598,49840.15,36
CUST-045599,98941.01,4
CUST-045600,39145.95,9
CUST-045601,102102.09,27
CUST-045602,2604.75,61
CUST-045603,89517.69,24
CUST-045604,36784.73,18
CUST-045605,127063.68,32
CUST-045606,32885.07,7
CUST-045607,55277.48,28
CUST-045608,151166.82,54
CUST-045609,19732.45,46
CUST-045611,0.0,38
CUST-045612,8214.08,0
CUST-045613,18490.99,35
CUST-045614,46160.34,5
CUST-045615,56410.88,11
CUST-045617,12331.02,0
CUST-045619,71915.49,14
CUST-045624,9235.57,46
CUST-045625,101195.06,67
CUST-045626,67746.91,56
CUST-045627,42719.99,26
CUST-045628,39131.98,39
CUST-045629,211965.29,36
CUST-045631,25182.35,31
CUST-045632,78815.57,11
CUST-045633,8804.72,10
CUST-045635,13163.04,69
CUST-045636,175660.08,17
CUST-045640,12235.77,14
CUST-045641,111874.53,6
CUST-045642,8505.04,36
CUST-045643,16453.32,16
CUST-045645,24749.0,37
CUST-045646,29876.21,35
CUST-045648,53031.77,8
CUST-045649,7189.68,9
CUST-045650,3013.8,0
CUST-045651,53143.78,81
CUST-045652,6514.23,0
CUST-045654,53249.26,31
CUST-045655,67696.55,15
CUST-045657,213226.39,0
CUST-045658,41240.23,18
CUST-045659,31118.61,10
CUST-045660,9950.36,37
CUST-045661,46932.07,51
CUST-045662,44143.99,0
CUST-045664,39811.11,33
CUST-045666,13699.4,35
CUST-045667,26886.19,30
CUST-045668,110312.38,36
CUST-045671,105963.68,12
CUST-045672,68826.17,0
CUST-045673,126606.31,23
CUST-045675,155466.59,16
CUST-045677,45059.83,15
CUST-045679,7004.0,11
CUST-045680,148442.1,25
CUST-045681,62874.77,16
CUST-045682,5873.6,38
CUST-045685,61680.96,8
CUST-045686,2084.9,32
CUST-045687,7562.68,45
CUST-045688,44280.76,12
CUST-045689,160643.83,56
CUST-045690,191416.92,19
CUST-045691,57625.64,33
CUST-045693,118964.65,32
CUST-045695,20107.38,8
CUST-045696,7574.18,34
CUST-045697,89942.82,0
CUST-045698,84078.28,50
CUST-045703,136480.3,2
CUST-045704,56921.64,23
CUST-045705,17689.15,1
CUST-045707,14569.37,11
CUST-045708,28078.85,54
CUST-045709,9103.65,39
CUST-045710,61808.13,48
CUST-045711,102452.78,35
CUST-045712,41066.66,8
CUST-045713,8573.53,10
CUST-045715,154903.22,18
CUST-045716,95426.14,48
CUST-045717,51201.89,13
CUST-045718,7228.41,23
CUST-045719,4830.15,19
CUST-045720,99586.21,0
CUST-045721,84103.42,0
CUST-045722,158865.33,14
CUST-045723,103038.45,62
CUST-045724,13104.74,26
CUST-045725,187998.62,0
CUST-045726,133029.56,19
CUST-045727,72071.18,31
CUST-045728,24879.88,34
CUST-045729,41734.81,7
CUST-045730,103794.86,38
CUST-045731,10619.41,0
CUST-045732,28172.19,70
CUST-045733,14532.73,0
CUST-045734,146147.82,40
CUST-045735,124624.63,7
CUST-045736,14887.51,34
CUST-045737,47162.25,25
CUST-045739,5768.99,34
CUST-045740,64944.22,28
CUST-045741,33272.76,23
CUST-045742,125131.29,1
CUST-045743,90549.59,13
CUST-045744,219803.68,49
CUST-045745,31667.91,30
CUST-045746,23656.78,18
CUST-045748,186330.23,33
CUST-045749,68003.33,34
CUST-045753,58272.48,33
CUST-045754,66968.51,48
CUST-045757,3095.2,21
CUST-045758,49089.03,0
CUST-045759,189086.62,7
CUST-045760,33930.7,43
CUST-045761,90118.1,33
CUST-045762,75976.27,36
CUST-045763,28949.22,44
CUST-045764,79064.66,14
CUST-045765,20992.8,35
CUST-045766,33569.58,49
CUST-045767,19291.64,13
CUST-045768,140505.15,41
CUST-045769,21338.97,40
CUST-045770,75212.18,0
CUST-045771,54705.5,23
CUST-045772,959.87,69
CUST-045773,27999.78,8
CUST-045774,112055.48,39
CUST-045776,164671.75,51
CUST-045777,170674.33,31
CUST-045778,28262.66,12
CUST-045779,53186.73,5
CUST-045780,90690.9,37
CUST-045782,31432.22,0
CUST-045783,97330.98,21
CUST-045784,8457.67,39
CUST-045785,41639.92,33
CUST-045787,36270.74,41
CUST-045788,74876.99,0
CUST-045789,13561.86,3
CUST-045790,23798.33,41
CUST-045792,158262.21,43
CUST-045793,26513.7,59
CUST-045794,102982.84,36
CUST-045795,230987.66,9
CUST-045796,5596.0,59
CUST-045797,17383.04,21
CUST-045798,19709.03,0
CUST-045799,71477.23,24
CUST-045800,157647.11,51
CUST-045801,21182.96,43
CUST-045802,12558.11,60
CUST-045803,134230.86,40
CUST-045804,43570.05,10
CUST-045805,86203.33,16
CUST-045806,33914.98,31
CUST-045807,70997.03,3
CUST-045808,169512.77,74
CUST-045809,5863.07,47
CUST-045811,71223.12,31
CUST-045812,16714.57,0
CUST-045813,12311.14,25
CUST-045814,1221.29,6
CUST-045816,14426.31,26
CUST-045817,41325.38,16
CUST-045818,39050.7,35
CUST-045820,29962.65,43
CUST-045821,84463.4,2
CUST-045822,66208.07,23
CUST-045823,167106.42,14
CUST-045824,211056.53,33
CUST-045825,9571.08,49
CUST-045826,92482.14,20
CUST-045827,37722.77,0
CUST-045828,82578.65,34
CUST-045829,207867.04,20
CUST-045830,3185.45,30
CUST-045831,3841.62,13
CUST-045832,7523.19,7
CUST-045833,12601.23,22
CUST-045835,45281.83,32
CUST-045836,84069.31,29
CUST-045837,651.38,42
CUST-045838,97415.57,26
CUST-045839,124818.59,17
CUST-045841,41819.64,49
CUST-045844,202841.11,41
CUST-045845,85616.59,14
CUST-045848,34835.93,8
CUST-045849,37378.99,24
CUST-045852,58083.32,46
CUST-045853,67995.34,24
CUST-045854,105129.73,45
CUST-045855,23669.2,6
CUST-045856,43612.89,6
CUST-045857,27929.49,58
CUST-045859,41478.71,21
CUST-045860,26090.22,2
CUST-045861,14933.66,30
CUST-045862,34826.43,25
CUST-045863,31370.09,52
CUST-045864,22072.8,12
CUST-045865,26283.91,31
CUST-045866,94317.13,55
CUST-045867,3696.56,1
CUST-045868,5242.12,0
CUST-045870,32496.6,1
CUST-045873,20180.53,30
CUST-045874,40971.47,33
CUST-045875,23511.58,8
CUST-045878,7067.49,2
CUST-045879,0.0,79
CUST-045881,6552.57,1
CUST-045882,252196.97,57
CUST-045884,69015.75,34
CUST-045885,27874.8,13
CUST-045886,82742.79,48
CUST-045887,20379.45,34
CUST-045888,45804.38,17
CUST-045889,10749.33,73
CUST-045890,3914.86,60
CUST-045891,75978.29,33
CUST-045892,150061.45,0
CUST-045894,112559.47,35
CUST-045895,32998.74,8
CUST-045896,81027.65,30
CUST-045897,34195.97,43
CUST-045898,10103.47,33
CUST-045899,33592.35,4
CUST-045900,13101.01,17
CUST-045901,83812.3,0
CUST-045902,118159.21,6
CUST-045904,45243.97,29
CUST-045906,56732.77,19
CUST-045907,58311.97,25
CUST-045908,34460.33,6
CUST-045909,21475.94,12
CUST-045910,79322.22,34
CUST-045911,47608.34,21
CUST-045914,26932.64,33
CUST-045915,79240.46,7
CUST-045916,19437.65,36
CUST-045917,20375.48,26
CUST-045918,167333.87,32
CUST-045919,4006.49,21
CUST-045921,140330.47,25
CUST-045922,105900.35,49
CUST-045923,9508.41,54
CUST-045924,28631.62,48
CUST-045925,62954.81,31
CUST-045928,13456.53,60
CUST-045929,72150.71,0
CUST-045932,59118.73,14
CUST-045933,8445.71,24
CUST-045934,20551.47,73
CUST-045935,1820.16,70
CUST-045936,40084.22,25
CUST-045937,24731.36,32
CUST-045938,33180.3,20
CUST-045939,38435.19,70
CUST-045940,259.36,45
CUST-045942,133515.75,0
CUST-045944,8453.38,31
CUST-045945,5140.77,63
CUST-045946,146021.67,4
CUST-045951,34240.5,20
CUST-045952,68367.02,24
CUST-045953,72358.3,55
CUST-045954,18148.49,24
CUST-045956,3715.29,0
CUST-045957,208186.04,39
CUST-045958,9543.01,64
CUST-045960,7707.12,0
CUST-045961,1388.13,57
CUST-045962,53038.76,17
CUST-045964,62806.62,35
CUST-045965,55884.57,50
CUST-045966,620.19,11
CUST-045967,102203.26,3
CUST-045968,50944.3,19
CUST-045969,43323.99,25
CUST-045970,53850.98,16
CUST-045971,104.16,38
CUST-045972,1555.47,23
CUST-045973,114296.93,18
CUST-045974,18724.86,60
CUST-045975,44635.32,36
CUST-045976,115433.49,3
CUST-045977,34838.31,23
CUST-045978,28539.15,22
CUST-045980,14776.94,0
CUST-045981,10486.31,0
CUST-045982,79678.53,42
CUST-045983,4221.53,24
CUST-045984,167475.64,69
CUST-045985,43801.32,4
CUST-045986,9658.84,46
CUST-045987,22445.48,8
CUST-045988,74922.79,24
CUST-045989,31590.21,21
CUST-045990,8074.15,59
CUST-045991,5933.4,5
CUST-045993,118245.43,35
CUST-045994,9375.49,17
CUST-045995,134344.08,32
CUST-045996,14904.05,14
CUST-045997,16208.23,45
CUST-045998,138997.21,17
CUST-045999,12812.86,0
CUST-046002,96760.76,39
CUST-046003,16174.71,26
CUST-046004,10527.0,34
CUST-046005,42894.96,12
CUST-046006,129704.32,33
CUST-046007,13589.89,21
CUST-046008,128205.34,44
CUST-046010,13810.13,7
CUST-046012,20509.84,42
CUST-046013,72823.93,16
CUST-046014,71197.96,0
CUST-046015,9467.27,24
CUST-046018,6317.06,26
CUST-046019,62234.69,30
CUST-046020,174630.44,28
CUST-046021,438.28,64
CUST-046024,97732.41,0
CUST-046025,49966.33,24
CUST-046026,2790.43,44
CUST-046027,33287.4,51
CUST-046028,18899.44,33
CUST-046029,37137.82,35
CUST-046030,82648.08,11
CUST-046032,149004.27,9
CUST-046033,32433.51,32
CUST-046034,3652.72,1
CUST-046035,3602.63,0
CUST-046037,43861.74,34
CUST-046038,10847.47,22
CUST-046039,152694.21,25
CUST-046041,94253.57,27
CUST-046042,215972.62,32
CUST-046043,274839.75,23
CUST-046044,162746.39,21
CUST-046045,96049.34,49
CUST-046046,19168.74,31
CUST-046048,42767.77,40
CUST-046049,23079.95,67
CUST-046050,28289.2,20
CUST-046052,59223.36,20
CUST-046053,0.0,60
CUST-046054,38679.35,10
CUST-046055,18890.03,17
CUST-046058,4130.78,56
CUST-046059,174763.58,18
CUST-046060,13360.79,6
CUST-046061,39131.05,5
CUST-046062,21877.97,33
CUST-046063,18861.04,40
CUST-046064,167485.17,34
CUST-046065,48204.46,9
CUST-046067,114159.21,4
CUST-046069,58143.53,39
CUST-046070,98444.68,50
CUST-046071,30658.76,43
CUST-046072,154182.95,22
CUST-046074,1418.68,50
CUST-046075,35232.03,8
CUST-046077,51323.95,45
CUST-046078,166026.03,0
CUST-046080,32770.83,42
CUST-046081,15109.57,17
CUST-046082,180522.62,23
CUST-046084,13444.7,74
CUST-046085,102673.52,40
CUST-046086,19336.87,0
CUST-046088,135499.25,0
CUST-046090,112905.74,34
CUST-046091,3275.74,51
CUST-046092,18750.05,33
CUST-046093,6411.21,38
CUST-046094,118868.36,0
CUST-046096,54016.44,19
CUST-046097,99625.56,74
CUST-046100,15127.51,48
CUST-046101,65022.56,61
CUST-046102,168235.15,4
CUST-046103,249721.12,2
CUST-046104,8011.22,11
CUST-046105,55169.15,6
CUST-046106,69040.35,30
CUST-046107,151962.57,54
CUST-046108,18802.29,19
CUST-046110,60506.67,54
CUST-046111,126955.44,73
CUST-046112,69631.65,0
CUST-046113,122724.61,46
CUST-046114,11033.07,0
CUST-046115,69967.23,47
CUST-046116,134840.69,49
CUST-046118,60254.21,11
CUST-046119,3792.5,30
CUST-046120,46705.18,23
CUST-046121,41903.31,40
CUST-046122,30288.57,49
CUST-046124,157444.93,55
CUST-046125,149675.66,48
CUST-046129,92226.61,30
CUST-046130,2920.12,62
CUST-046132,56534.84,3
CUST-046133,20340.88,41
CUST-046134,23948.43,2
CUST-046135,72906.1,40
CUST-046136,956.43,33
CUST-046137,13476.15,55
CUST-046138,110671.53,10
CUST-046139,30334.65,11
CUST-046140,22883.6,0
CUST-046141,39825.2,1
CUST-046142,94711.27,7
CUST-046144,64714.46,43
CUST-046145,141170.66,10
CUST-046147,8299.94,6
CUST-046149,44518.71,42
CUST-046151,15721.07,59
CUST-046152,51312.28,43
CUST-046153,36595.53,5
CUST-046154,56523.85,0
CUST-046155,22485.96,58
CUST-046156,92801.41,23
CUST-046157,5076.07,0
CUST-046158,50062.26,80
CUST-046159,133123.05,2
CUST-046163,81923.42,10
CUST-046164,26929.91,0
CUST-046166,1541.96,8
CUST-046167,68363.05,45
CUST-046168,89619.8,19
CUST-046171,13464.4,45
CUST-046172,12274.41,19
CUST-046176,22470.69,10
CUST-046178,15485.46,24
CUST-046179,48161.38,8
CUST-046181,29237.62,0
CUST-046182,35996.37,31
CUST-046184,200689.16,0
CUST-046185,68050.87,16
CUST-046186,57601.52,0
CUST-046187,55884.62,0
CUST-046188,65162.27,0
CUST-046189,36962.07,23
CUST-046190,14255.27,25
CUST-046191,8628.03,5
CUST-046194,1805.21,9
CUST-046196,141849.6,3
CUST-046197,142455.47,38
CUST-046198,3405.64,46
CUST-046200,48174.93,0
CUST-046202,51807.49,43
CUST-046204,56969.3,47
CUST-046206,32569.96,31
CUST-046207,89910.98,5
CUST-046208,1319.37,78
CUST-046209,68139.22,34
CUST-046210,103679.3,44
CUST-046211,64344.8,38
CUST-046212,36386.5,45
CUST-046213,47465.24,45
CUST-046214,73983.58,0
CUST-046215,66528.39,42
CUST-046217,47133.97,5
CUST-046218,1021.07,22
CUST-046219,90055.15,45
CUST-046220,109766.02,16
CUST-046221,137.86,0
CUST-046222,15044.88,28
CUST-046223,34701.22,50
CUST-046224,7383.64,42
CUST-046225,73177.16,53
CUST-046226,1646.63,0
CUST-046228,78832.92,45
CUST-046229,45760.66,0
CUST-046230,103425.9,29
CUST-046231,25557.13,0
CUST-046233,87423.73,2
CUST-046234,19854.45,34
CUST-046236,3571.1,8
CUST-046237,753.25,43
CUST-046240,7837.95,3
CUST-046241,64169.4,13
CUST-046242,36776.76,34
CUST-046243,9463.81,12
CUST-046244,96104.62,14
CUST-046245,33798.81,0
CUST-046246,16897.95,0
CUST-046248,33330.71,6
CUST-046250,118900.2,53
CUST-046251,137216.67,23
CUST-046252,72646.72,45
CUST-046253,96036.92,56
CUST-046254,7572.15,51
CUST-046255,38470.97,22
CUST-046256,9008.86,26
CUST-046258,75281.58,20
CUST-046259,62846.9,69
CUST-046261,113846.88,15
CUST-046262,1494.6,44
CUST-046263,124523.3,28
CUST-046265,6798.91,0
CUST-046268,80995.36,15
CUST-046269,172250.44,47
CUST-046270,86218.62,48
CUST-046271,19850.42,33
CUST-046272,1143.49,21
CUST-046273,102886.63,33
CUST-046274,14101.34,9
CUST-046275,39605.79,44
CUST-046277,144481.24,0
CUST-046278,4230.04,17
CUST-046279,118121.1,0
CUST-046280,121650.51,10
CUST-046281,44073.91,45
CUST-046282,19872.76,44
CUST-046284,138679.74,30
CUST-046285,4089.01,30
CUST-046286,46278.42,43
CUST-046287,21787.6,30
CUST-046288,0.0,29
CUST-046289,14291.32,8
CUST-046290,5118.87,50
CUST-046293,172172.86,53
CUST-046294,2139.88,49
CUST-046295,90298.17,49
CUST-046296,78833.69,0
CUST-046298,24018.91,48
CUST-046299,5409.02,57
CUST-046300,46743.88,64
CUST-046301,27896.99,61
CUST-046302,118235.88,28
CUST-046305,97804.08,50
CUST-046306,102718.79,23
CUST-046307,81832.32,40
CUST-046308,1503.28,62
CUST-046309,109735.6,34
CUST-046310,108182.24,8
CUST-046311,34729.16,0
CUST-046312,1577.49,82
CUST-046313,150724.71,49
CUST-046314,139058.74,55
CUST-046317,91200.63,46
CUST-046319,28994.73,53
CUST-046320,26306.23,60
CUST-046322,294.86,3
CUST-046324,57816.45,33
CUST-046325,75121.93,13
CUST-046327,9738.04,5
CUST-046328,113601.45,46
CUST-046329,15534.12,0
CUST-046333,94076.9,1
CUST-046334,80538.36,61
CUST-046335,3976.98,33
CUST-046337,6821.06,58
CUST-046339,40031.25,20
CUST-046341,8413.65,0
CUST-046344,53943.28,31
CUST-046345,221718.2,31
CUST-046347,27162.13,32
CUST-046348,14790.57,0
CUST-046349,13672.36,51
CUST-046350,64923.86,85
CUST-046351,53450.47,32
CUST-046352,28597.84,49
CUST-046353,65397.71,37
CUST-046354,19228.58,20
CUST-046356,35180.7,5
CUST-046357,467.22,41
CUST-046358,32847.75,24
CUST-046360,100527.04,33
CUST-046362,0.0,66
CUST-046363,89380.66,35
CUST-046364,118349.71,66
CUST-046366,90194.23,45
CUST-046367,208478.59,19
CUST-046368,5470.49,1
CUST-046369,49092.96,30
CUST-046370,1454.89,10
CUST-046371,106610.19,19
CUST-046372,15813.49,7
CUST-046374,46972.73,34
CUST-046376,24721.56,18
CUST-046377,56287.58,13
CUST-046378,45662.52,0
CUST-046380,46260.15,58
CUST-046382,3623.73,20
CUST-046383,165551.38,5
CUST-046385,91539.1,22
CUST-046387,1179.67,64
CUST-046388,102451.69,22
CUST-046389,95255.85,32
CUST-046390,163676.49,9
CUST-046391,37377.32,0
CUST-046392,22483.19,9
CUST-046395,54456.98,0
CUST-046396,105202.75,23
CUST-046397,153759.04,2
CUST-046398,73343.37,31
CUST-046399,21091.62,6
CUST-046400,100663.24,32
CUST-046401,4572.97,42
CUST-046402,630.21,45
CUST-046403,96644.02,0
CUST-046404,70995.23,32
CUST-046405,17257.01,9
CUST-046406,62130.66,46
CUST-046407,93154.57,0
CUST-046409,36097.16,31
CUST-046410,7251.3,30
CUST-046412,6143.27,8
CUST-046413,29499.34,26
CUST-046414,5463.64,32
CUST-046415,31475.88,0
CUST-046416,4236.81,82
CUST-046417,31370.01,18
CUST-046418,1312.97,65
CUST-046419,13193.28,50
CUST-046421,18958.19,47
CUST-046422,66752.25,46
CUST-046423,117418.72,30
CUST-046424,14633.68,33
CUST-046425,39268.74,37
CUST-046426,44145.59,30
CUST-046427,99334.95,27
CUST-046428,67758.6,0
CUST-046429,36196.92,26
CUST-046430,10084.08,5
CUST-046431,22722.04,36
CUST-046432,107278.28,17
CUST-046433,12215.47,62
CUST-046435,57887.74,24
CUST-046437,4989.69,36
CUST-046438,131379.68,1
CUST-046439,44547.33,22
CUST-046440,2254.32,49
CUST-046441,45953.11,38
CUST-046442,33601.47,5
CUST-046444,63505.9,4
CUST-046445,96208.75,47
CUST-046446,145053.02,16
CUST-046447,177830.17,47
CUST-046449,127756.51,61
CUST-046451,4287.3,16
CUST-046453,185487.43,24
CUST-046455,12667.12,0
CUST-046459,16648.2,0
CUST-046460,5380.09,58
CUST-046461,33199.74,38
CUST-046462,132799.36,32
CUST-046463,463.22,47
CUST-046464,13617.98,11
CUST-046466,17268.57,9
CUST-046467,68747.25,22
CUST-046470,35671.4,50
CUST-046472,14003.88,22
CUST-046473,35966.45,14
CUST-046475,10457.37,36
CUST-046476,6137.84,23
CUST-046477,16364.75,65
CUST-046478,99254.81,16
CUST-046479,0.0,58
CUST-046480,62245.87,19
CUST-046481,8397.93,58
CUST-046483,19583.97,71
CUST-046485,1636.54,2
CUST-046486,12343.19,42
CUST-046487,70536.08,0
CUST-046488,13350.83,8
CUST-046489,34009.27,1
CUST-046490,14499.22,25
CUST-046491,82315.01,35
CUST-046493,93946.79,31
CUST-046495,27188.34,16
CUST-046496,24949.24,35
CUST-046497,21484.07,36
CUST-046498,14312.37,7
CUST-046500,18081.1,42
CUST-046501,16848.98,17
CUST-046502,23318.53,14
CUST-046503,26819.13,21
CUST-046504,3166.33,6
CUST-046505,228547.0,40
CUST-046506,64064.75,34
CUST-046507,75821.44,37
CUST-046508,33087.43,6
CUST-046509,62331.89,6
CUST-046510,3923.48,46
CUST-046512,21208.31,26
CUST-046513,41608.92,47
CUST-046515,6069.4,9
CUST-046516,11544.92,0
CUST-046517,52255.33,45
CUST-046518,37554.89,22
CUST-046519,11430.64,23
CUST-046521,49006.99,30
CUST-046522,10040.71,74
CUST-046523,44040.04,10
CUST-046524,22947.27,37
CUST-046527,150171.71,66
CUST-046528,1748.63,13
CUST-046529,144723.44,19
CUST-046530,157401.58,23
CUST-046531,115081.16,56
CUST-046532,63834.21,30
CUST-046534,32986.75,0
CUST-046535,17618.87,57
CUST-046538,72205.41,0
CUST-046540,200561.74,2
CUST-046541,21440.92,0
CUST-046542,36161.75,24
CUST-046543,37623.17,30
CUST-046544,86754.32,0
CUST-046545,202285.17,60
CUST-046546,11657.87,45
CUST-046547,21748.95,43
CUST-046549,22579.1,8
CUST-046550,37076.23,59
CUST-046551,31665.05,29
CUST-046552,143472.58,49
CUST-046553,109694.9,0
CUST-046555,171906.97,18
CUST-046556,25494.54,8
CUST-046558,13324.2,4
CUST-046560,240898.51,15
CUST-046561,20653.73,23
CUST-046562,706.2,20
CUST-046563,93724.1,57
CUST-046567,49508.48,46
CUST-046568,47552.43,6
CUST-046569,93743.55,37
CUST-046570,97508.07,54
CUST-046571,164081.73,27
CUST-046572,50385.29,0
CUST-046574,10073.84,34
CUST-046576,20523.86,24
CUST-046577,71593.3,43
CUST-046578,73145.0,9
CUST-046579,179531.59,35
CUST-046580,127775.94,38
CUST-046581,73653.83,15
CUST-046582,50969.45,4
CUST-046583,85651.51,0
CUST-046584,67159.76,21
CUST-046585,9729.7,24
CUST-046586,86239.03,40
CUST-046587,141249.82,34
CUST-046588,23821.24,35
CUST-046589,55839.04,18
CUST-046590,62703.44,39
CUST-046591,158357.88,0
CUST-046592,17799.21,50
CUST-046593,47582.45,45
CUST-046594,24991.14,23
CUST-046595,25831.19,39
CUST-046596,60523.68,30
CUST-046597,185833.04,47
CUST-046598,9482.01,0
CUST-046599,102540.84,8
CUST-046600,88025.43,27
CUST-046601,16166.71,0
CUST-046602,54003.34,24
CUST-046603,96214.14,15
CUST-046604,12100.57,43
CUST-046606,13212.74,74
CUST-046609,104599.34,55
CUST-046610,2677.01,43
CUST-046611,27565.62,29
CUST-046612,69105.75,60
CUST-046613,15870.02,25
CUST-046615,5666.07,36
CUST-046617,204271.41,0
CUST-046618,88176.78,0
CUST-046620,20329.76,0
CUST-046621,8846.46,19
CUST-046623,38776.65,9
CUST-046624,18014.85,8
CUST-046625,74966.58,30
CUST-046626,16318.2,19
CUST-046627,167900.03,16
CUST-046628,53362.95,13
CUST-046629,28786.24,25
CUST-046630,91578.56,23
CUST-046631,162938.72,73
CUST-046632,17427.59,40
CUST-046633,123205.44,35
CUST-046635,31315.65,19
CUST-046637,47463.78,32
CUST-046638,69616.57,41
CUST-046640,142142.19,61
CUST-046641,4906.15,19
CUST-046642,9552.57,15
CUST-046643,65892.96,34
CUST-046644,12904.82,9
CUST-046646,255441.38,0
CUST-046647,54167.53,16
CUST-046648,27285.29,50
CUST-046650,15014.52,30
CUST-046651,196820.14,48
CUST-046654,7763.39,0
CUST-046655,159784.57,21
CUST-046656,164367.19,10
CUST-046657,386.83,1
CUST-046658,5596.56,3
CUST-046659,60698.13,37
CUST-046660,192903.11,36
CUST-046661,6379.07,11
CUST-046662,37552.88,62
CUST-046663,42680.88,43
CUST-046664,53640.49,18
CUST-046665,39648.18,14
CUST-046666,4274.16,30
CUST-046667,80262.08,4
CUST-046669,196085.38,23
CUST-046670,57602.89,42
CUST-046671,937.86,61
CUST-046672,39766.97,10
CUST-046673,10027.29,56
CUST-046674,40320.12,56
CUST-046676,83695.68,72
CUST-046677,28061.96,33
CUST-046678,63477.62,0
CUST-046679,120515.61,22
CUST-046680,57503.61,13
CUST-046681,94333.74,0
CUST-046682,94265.91,0
CUST-046683,62030.7,10
CUST-046685,178219.99,17
CUST-046686,120114.51,40
CUST-046687,18043.07,29
CUST-046688,2676.13,30
CUST-046689,0.0,65
CUST-046690,152615.86,27
CUST-046691,41945.43,0
CUST-046692,130784.59,0
CUST-046693,39372.83,9
CUST-046694,4885.08,5
CUST-046695,66347.47,30
CUST-046696,52920.28,23
CUST-046697,209292.12,8
CUST-046699,5371.6,11
CUST-046700,175142.44,46
CUST-046701,78007.5,34
CUST-046702,3376.81,35
CUST-046703,81567.77,2
CUST-046705,114248.45,33
CUST-046706,10106.59,7
CUST-046708,47493.28,6
CUST-046709,4594.06,20
CUST-046712,108044.89,42
CUST-046713,93524.1,0
CUST-046714,132658.97,23
CUST-046715,85014.22,43
CUST-046716,13998.13,19
CUST-046717,5580.71,31
CUST-046718,11618.06,22
CUST-046721,9366.71,25
CUST-046722,59295.04,8
CUST-046723,25687.34,7
CUST-046724,25687.79,1
CUST-046725,3235.03,35
CUST-046726,7678.69,42
CUST-046727,140501.99,18
CUST-046728,25933.63,0
CUST-046729,107000.4,42
CUST-046730,60185.37,18
CUST-046731,65915.51,49
CUST-046732,83489.2,16
CUST-046733,54091.98,50
CUST-046734,95564.53,57
CUST-046737,82166.56,8
CUST-046738,70725.05,15
CUST-046739,164819.21,55
CUST-046740,54524.23,11
CUST-046741,9980.83,0
CUST-046742,24381.77,34
CUST-046743,15648.83,40
CUST-046744,45903.48,19
CUST-046745,98658.09,5
CUST-046746,77138.57,46
CUST-046747,109107.87,39
CUST-046749,23433.82,41
CUST-046750,22784.8,44
CUST-046751,5302.77,7
CUST-046752,22202.47,8
CUST-046753,83086.26,10
CUST-046754,531.53,6
CUST-046755,191759.39,20
CUST-046756,65884.62,38
CUST-046758,12470.03,44
CUST-046760,30986.24,8
CUST-046761,4024.96,0
CUST-046762,43288.62,42
CUST-046764,22713.41,36
CUST-046765,7790.22,34
CUST-046766,3121.56,53
CUST-046767,89972.26,7
CUST-046769,79505.96,13
CUST-046770,80078.77,51
CUST-046771,36737.6,0
CUST-046772,115030.42,32
CUST-046773,40793.2,33
CUST-046774,72359.96,46
CUST-046775,34501.62,46
CUST-046776,130610.5,19
CUST-046780,81535.97,0
CUST-046781,126292.55,8
CUST-046782,144413.59,0
CUST-046783,3451.02,21
CUST-046784,166723.39,49
CUST-046785,63092.09,43
CUST-046787,95107.34,0
CUST-046788,73179.19,30
CUST-046790,1459.44,8
CUST-046791,135185.43,19
CUST-046792,7950.52,22
CUST-046793,15536.89,5
CUST-046796,3173.46,19
CUST-046797,5364.74,46
CUST-046798,41671.08,0
CUST-046799,58259.08,38
CUST-046800,25396.66,38
CUST-046802,1431.42,37
CUST-046803,24852.6,40
CUST-046804,36615.19,37
CUST-046805,63601.32,45
CUST-046808,6909.52,14
CUST-046809,75358.55,0
CUST-046810,27778.83,33
CUST-046811,14877.92,42
CUST-046812,99012.99,3
CUST-046813,133.8,53
CUST-046814,59524.29,72
CUST-046815,45229.89,44
CUST-046816,101163.37,43
CUST-046817,128231.83,18
CUST-046818,368.81,26
CUST-046819,15308.19,15
CUST-046820,13143.88,44
CUST-046821,29184.28,1
CUST-046822,31279.56,17
CUST-046823,75647.55,53
CUST-046824,99989.32,29
CUST-046825,155239.49,34
CUST-046826,906.74,30
CUST-046827,170637.41,0
CUST-046828,31899.09,8
CUST-046829,129909.34,28
CUST-046830,74255.47,17
CUST-046833,254090.49,41
CUST-046834,7313.83,41
CUST-046836,127601.12,0
CUST-046837,183101.32,46
CUST-046838,65982.94,50
CUST-046839,122963.37,33
CUST-046840,144325.45,28
CUST-046842,28877.02,46
CUST-046843,53231.83,13
CUST-046844,62589.72,50
CUST-046845,214634.29,10
CUST-046846,14007.32,0
CUST-046847,24571.36,54
CUST-046848,54583.51,11
CUST-046849,43082.2,16
CUST-046850,5383.68,28
CUST-046851,5452.64,6
CUST-046852,2933.24,35
CUST-046853,52309.89,27
CUST-046854,166629.53,23
CUST-046855,105955.83,56
CUST-046856,6404.42,43
CUST-046858,91367.99,13
CUST-046859,31249.28,3
CUST-046862,59644.61,29
CUST-046863,85928.45,29
CUST-046864,50424.96,68
CUST-046866,13782.63,41
CUST-046868,13769.26,33
CUST-046870,136853.62,46
CUST-046871,67717.67,0
CUST-046872,54897.26,48
CUST-046873,29528.54,0
CUST-046874,162179.92,20
CUST-046875,92378.67,70
CUST-046877,89866.92,59
CUST-046878,3928.78,3
CUST-046879,42684.06,0
CUST-046881,122897.64,15
CUST-046882,2947.57,31
CUST-046883,6766.46,18
CUST-046884,112614.11,0
CUST-046885,8265.2,50
CUST-046886,28673.45,5
CUST-046887,55639.47,15
CUST-046888,71602.77,26
CUST-046889,1652.28,18
CUST-046890,69511.19,10
CUST-046891,66397.78,8
CUST-046892,28630.65,47
CUST-046893,14857.14,17
CUST-046894,114860.42,39
CUST-046895,4410.68,40
CUST-046896,67415.77,24
CUST-046897,119510.72,57
CUST-046898,67916.46,0
CUST-046899,4948.56,21
CUST-046900,165684.53,8
CUST-046903,31725.29,18
CUST-046904,72314.47,25
CUST-046906,21264.33,52
CUST-046907,149905.45,24
CUST-046908,19500.53,22
CUST-046909,41872.07,59
CUST-046910,67311.38,19
CUST-046911,47298.49,19
CUST-046912,186084.33,35
CUST-046913,40531.12,2
CUST-046914,54417.51,62
CUST-046915,33841.18,24
CUST-046917,14920.86,60
CUST-046918,89464.25,50
CUST-046919,132421.88,0
CUST-046921,69884.15,25
CUST-046922,992.23,50
CUST-046923,136390.79,63
CUST-046924,71753.93,44
CUST-046925,22814.81,35
CUST-046926,36788.29,11
CUST-046927,37589.5,35
CUST-046928,90501.61,0
CUST-046929,74053.55,45
CUST-046930,76564.18,32
CUST-046931,61003.7,19
CUST-046932,31601.75,9
CUST-046933,41927.99,19
CUST-046934,17069.46,62
CUST-046935,4782.29,55
CUST-046936,15254.44,33
CUST-046937,11206.27,31
CUST-046938,12956.8,33
CUST-046939,69427.18,8
CUST-046941,164511.41,30
CUST-046942,66576.92,45
CUST-046943,30904.04,47
CUST-046944,146709.91,17
CUST-046945,167369.4,19
CUST-046946,55137.59,15
CUST-046947,107028.82,19
CUST-046948,214085.02,27
CUST-046949,15888.66,15
CUST-046950,202512.8,49
CUST-046951,49005.68,0
CUST-046952,6583.71,0
CUST-046954,51837.94,39
CUST-046955,23020.49,0
CUST-046956,986.31,38
CUST-046960,1523.02,26
CUST-046961,11468.69,49
CUST-046962,2957.84,18
CUST-046963,24706.3,38
CUST-046964,56263.26,10
CUST-046965,25474.98,25
CUST-046966,254601.3,45
CUST-046967,28536.13,7
CUST-046969,90251.91,35
CUST-046970,5216.03,15
CUST-046971,245811.13,15
CUST-046972,18638.86,16
CUST-046973,28217.99,18
CUST-046975,80557.46,4
CUST-046976,2092.05,46
CUST-046978,2296.74,69
CUST-046979,123244.47,37
CUST-046980,4704.23,0
CUST-046981,53442.04,55
CUST-046983,58233.04,15
CUST-046984,118665.96,18
CUST-046986,170232.35,0
CUST-046988,106553.2,26
CUST-046990,60204.93,0
CUST-046991,44111.41,46
CUST-046992,2312.24,38
CUST-046993,6595.85,23
CUST-046994,71456.53,6
CUST-046995,55206.87,26
CUST-046997,49664.71,20
CUST-046998,121212.47,25
CUST-047000,84460.79,7
CUST-047001,84026.57,9
CUST-047002,45314.17,45
CUST-047003,45236.48,9
CUST-047005,18878.86,18
CUST-047006,65357.76,2
CUST-047008,109121.78,24
CUST-047010,59245.47,23
CUST-047011,120328.91,30
CUST-047012,73402.76,12
CUST-047013,55819.24,60
CUST-047014,6772.89,0
CUST-047015,29080.91,22
CUST-047017,42705.12,8
CUST-047018,35191.76,0
CUST-047019,5430.2,15
CUST-047020,143765.42,0
CUST-047022,12576.66,1
CUST-047023,1909.35,27
CUST-047024,27743.19,56
CUST-047025,146968.74,46
CUST-047026,125861.33,7
CUST-047027,96504.07,50
CUST-047029,58365.66,34
CUST-047031,51898.01,10
CUST-047032,90027.54,11
CUST-047033,12335.04,31
CUST-047034,38194.28,0
CUST-047035,203376.89,0
CUST-047036,22487.22,40
CUST-047037,96224.76,0
CUST-047038,3120.42,23
CUST-047039,22208.09,6
CUST-047040,54218.52,33
CUST-047041,30742.22,14
CUST-047042,27445.57,5
CUST-047043,180408.07,24
CUST-047044,48720.59,21
CUST-047045,9484.1,0
CUST-047046,137119.89,48
CUST-047047,10736.97,29
CUST-047050,13232.67,37
CUST-047051,4847.08,39
CUST-047052,26163.35,39
CUST-047053,5474.54,48
CUST-047054,3758.08,18
CUST-047055,2899.98,48
CUST-047056,62046.59,37
CUST-047058,90439.44,31
CUST-047059,2089.7,25
CUST-047061,58574.78,45
CUST-047062,82252.69,60
CUST-047064,10068.73,10
CUST-047065,3511.83,42
CUST-047066,12071.93,19
CUST-047067,132746.48,5
CUST-047070,19727.59,15
CUST-047071,27790.83,31
CUST-047073,22742.69,72
CUST-047074,4248.77,18
CUST-047075,1471.49,58
CUST-047076,15788.64,0
CUST-047077,127515.03,23
CUST-047078,49387.67,0
CUST-047080,4935.35,17
CUST-047081,107215.59,48
CUST-047082,11252.37,40
CUST-047084,60577.89,10
CUST-047085,6159.53,0
CUST-047086,108912.63,24
CUST-047087,49382.77,22
CUST-047089,89906.84,71
CUST-047090,8656.36,37
CUST-047091,25355.74,44
CUST-047092,36264.84,0
CUST-047093,6661.73,42
CUST-047094,87060.72,0
CUST-047095,154380.93,15
CUST-047096,194116.83,14
CUST-047097,130344.35,0
CUST-047098,10240.16,9
CUST-047099,31661.69,34
CUST-047100,23461.45,49
CUST-047102,1045.28,34
CUST-047103,113987.44,6
CUST-047104,980.54,23
CUST-047105,36724.19,0
CUST-047106,20364.31,33
CUST-047107,110058.94,0
CUST-047108,105235.45,0
CUST-047109,3308.9,23
CUST-047111,154001.72,36
CUST-047112,1618.51,18
CUST-047113,24714.92,22
CUST-047114,69583.95,34
CUST-047116,8686.33,22
CUST-047117,210162.85,67
CUST-047118,67205.37,18
CUST-047119,212617.36,23
CUST-047120,45104.12,14
CUST-047122,77833.28,0
CUST-047125,4318.49,19
CUST-047126,111931.34,0
CUST-047128,101231.88,27
CUST-047129,17153.44,24
CUST-047130,60225.71,52
CUST-047131,49795.88,25
CUST-047132,3777.66,72
CUST-047133,215026.74,32
CUST-047136,170507.42,21
CUST-047137,89370.81,41
CUST-047138,23823.62,19
CUST-047139,102112.42,23
CUST-047140,6413.29,48
CUST-047141,17031.32,59
CUST-047142,48701.39,20
CUST-047143,92657.4,36
CUST-047144,165096.08,8
CUST-047145,58762.28,33
CUST-047146,159610.53,37
CUST-047147,114406.18,55
CUST-047148,22530.72,0
CUST-047149,102634.69,7
CUST-047152,30963.47,47
CUST-047153,101530.44,0
CUST-047154,102978.47,48
CUST-047155,35155.46,50
CUST-047156,67292.08,9
CUST-047158,32441.33,9
CUST-047159,67019.23,0
CUST-047160,48482.11,0
CUST-047161,8208.39,0
CUST-047162,92458.37,15
CUST-047163,19225.49,42
CUST-047164,75247.4,36
CUST-047165,23501.33,0
CUST-047166,73490.0,7
CUST-047167,25835.94,37
CUST-047169,31450.28,6
CUST-047170,641.38,8
CUST-047171,147671.85,35
CUST-047172,76089.45,8
CUST-047173,42884.46,22
CUST-047174,27938.5,0
CUST-047175,11834.16,8
CUST-047176,22773.37,0
CUST-047179,18872.73,14
CUST-047180,21401.93,23
CUST-047181,9024.92,28
CUST-047182,152003.08,0
CUST-047183,1766.59,23
CUST-047184,125874.0,0
CUST-047185,19501.92,14
CUST-047187,26102.63,42
CUST-047188,1793.58,19
CUST-047189,48076.75,32
CUST-047191,36862.88,9
CUST-047192,136711.51,10
CUST-047193,6125.21,0
CUST-047194,15053.36,0
CUST-047195,73716.41,57
CUST-047196,92426.59,8
CUST-047197,28126.93,6
CUST-047198,95295.27,0
CUST-047199,131368.22,51
CUST-047200,43928.24,32
CUST-047201,175157.23,19
CUST-047202,77835.65,8
CUST-047203,11036.58,24
CUST-047205,36104.84,35
CUST-047208,36625.17,0
CUST-047209,10578.51,21
CUST-047210,116919.93,24
CUST-047211,3579.8,24
CUST-047212,19721.89,12
CUST-047213,92797.02,23
CUST-047214,36051.1,11
CUST-047215,4427.69,38
CUST-047218,164213.61,54
CUST-047219,56049.88,22
CUST-047220,1699.7,19
CUST-047221,162892.77,0
CUST-047222,90391.34,24
CUST-047223,36054.87,10
CUST-047225,26908.36,0
CUST-047226,8398.13,34
CUST-047227,26990.24,45
CUST-047228,4169.07,6
CUST-047229,76655.32,34
CUST-047230,17365.55,0
CUST-047231,229645.69,63
CUST-047232,4126.43,8
CUST-047233,7764.84,10
CUST-047234,18707.36,66
CUST-047236,17442.91,30
CUST-047237,24978.23,0
CUST-047239,49098.49,28
CUST-047240,6003.34,14
CUST-047242,5386.58,70
CUST-047243,80049.49,23
CUST-047244,198433.52,1
CUST-047245,26234.19,20
CUST-047246,3854.66,52
CUST-047248,96696.06,25
CUST-047250,66252.32,13
CUST-047251,13353.6,41
CUST-047252,55664.37,7
CUST-047253,135000.41,17
CUST-047254,98876.51,7
CUST-047255,49898.41,11
CUST-047256,187009.26,33
CUST-047258,31385.7,16
CUST-047259,3699.67,19
CUST-047260,55325.19,29
CUST-047261,201861.56,11
CUST-047264,22495.17,33
CUST-047265,82893.35,11
CUST-047266,18536.87,37
CUST-047267,10918.86,43
CUST-047269,56748.45,83
CUST-047270,110632.11,8
CUST-047271,91057.76,16
CUST-047272,28338.54,34
CUST-047273,152348.84,0
CUST-047274,84423.19,59
CUST-047275,33615.02,46
CUST-047276,945.46,45
CUST-047277,52071.2,27
CUST-047278,6754.71,50
CUST-047279,8140.17,45
CUST-047280,30111.71,15
CUST-047281,151529.45,72
CUST-047283,47036.27,7
CUST-047284,18328.8,39
CUST-047286,120301.66,43
CUST-047287,127721.65,34
CUST-047291,188046.43,0
CUST-047292,27920.81,87
CUST-047294,65477.91,7
CUST-047295,54052.62,0
CUST-047296,24323.0,55
CUST-047297,150351.57,21
CUST-047298,75340.67,8
CUST-047299,7531.5,34
CUST-047300,40974.01,19
CUST-047301,11784.83,28
CUST-047302,4321.43,26
CUST-047303,3941.05,24
CUST-047305,20647.36,1
CUST-047306,12311.58,38
CUST-047307,8189.58,12
CUST-047309,71254.17,42
CUST-047310,4163.61,35
CUST-047311,39335.91,17
CUST-047312,162519.2,15
CUST-047313,7594.6,14
CUST-047314,42385.27,22
CUST-047315,202792.5,20
CUST-047316,74748.84,34
CUST-047317,26544.13,51
CUST-047318,84345.84,8
CUST-047319,3038.6,49
CUST-047320,38313.32,8
CUST-047321,46403.3,34
CUST-047323,44133.26,60
CUST-047324,108347.93,5
CUST-047325,110692.59,0
CUST-047326,15148.31,15
CUST-047327,4075.04,46
CUST-047328,72605.24,50
CUST-047329,8297.94,48
CUST-047331,61601.39,17
CUST-047332,69567.91,39
CUST-047333,41804.31,13
CUST-047334,1561.65,38
CUST-047335,146096.53,35
CUST-047336,1664.98,38
CUST-047337,137794.36,34
CUST-047338,32320.29,10
CUST-047340,30930.54,18
CUST-047341,122705.89,5
CUST-047342,24828.29,27
CUST-047343,22783.7,3
CUST-047346,34506.15,41
CUST-047348,137124.59,50
CUST-047349,117600.61,22
CUST-047351,73327.06,35
CUST-047352,85869.74,16
CUST-047353,19513.48,11
CUST-047354,76577.92,49
CUST-047355,130885.0,25
CUST-047356,5950.61,51
CUST-047357,54796.52,20
CUST-047358,25473.89,14
CUST-047359,5348.93,46
CUST-047361,60316.67,6
CUST-047362,51590.35,0
CUST-047363,40615.5,25
CUST-047364,12435.9,8
CUST-047365,81487.26,19
CUST-047366,5999.53,9
CUST-047367,135486.6,50
CUST-047368,25164.99,0
CUST-047369,115849.84,35
CUST-047370,21225.33,30
CUST-047371,13942.22,14
CUST-047372,34699.09,28
CUST-047373,7482.82,26
CUST-047374,11733.88,36
CUST-047376,101997.27,16
CUST-047377,16433.99,29
CUST-047378,69286.32,19
CUST-047382,50984.85,3
CUST-047383,43026.03,58
CUST-047384,12395.75,0
CUST-047385,104795.53,6
CUST-047386,8259.61,26
CUST-047387,14461.08,22
CUST-047388,131368.64,40
CUST-047389,93593.47,48
CUST-047390,12914.15,34
CUST-047391,93910.0,33
CUST-047392,212465.73,25
CUST-047393,30655.52,1
CUST-047394,132970.38,5
CUST-047396,46726.67,18
CUST-047397,9260.23,19
CUST-047398,32095.04,16
CUST-047399,8296.19,8
CUST-047400,59443.28,70
CUST-047406,3265.94,17
CUST-047407,169403.43,0
CUST-047409,39932.59,39
CUST-047410,142025.36,0
CUST-047411,1137.02,40
CUST-047412,94579.97,24
CUST-047414,41382.09,29
CUST-047415,57750.0,29
CUST-047416,101581.57,0
CUST-047417,2787.54,17
CUST-047418,7216.77,31
CUST-047419,24226.95,34
CUST-047420,35739.27,20
CUST-047421,50063.39,6
CUST-047422,9717.24,5
CUST-047423,55216.05,0
CUST-047424,0.0,57
CUST-047425,16894.98,64
CUST-047426,211076.13,68
CUST-047427,59053.55,58
CUST-047428,10256.39,0
CUST-047430,53012.61,57
CUST-047432,22223.31,23
CUST-047433,2275.96,7
CUST-047434,11697.31,42
CUST-047435,39668.0,0
CUST-047437,72925.61,23
CUST-047439,60351.36,14
CUST-047440,45953.32,41
CUST-047441,28916.04,15
CUST-047443,110420.71,32
CUST-047444,16292.03,44
CUST-047446,30618.63,29
CUST-047447,7031.79,23
CUST-047448,4622.89,82
CUST-047449,20191.91,23
CUST-047450,74548.02,23
CUST-047451,27476.09,5
CUST-047452,63428.62,49
CUST-047453,48267.19,0
CUST-047454,61949.47,5
CUST-047455,120578.68,9
CUST-047456,4459.93,62
CUST-047457,29764.94,32
CUST-047458,2967.37,43
CUST-047459,95365.96,39
CUST-047461,83151.39,5
CUST-047463,162365.42,12
CUST-047464,3717.94,18
CUST-047465,218728.42,18
CUST-047466,7111.15,32
CUST-047467,7784.59,8
CUST-047468,160678.87,4
CUST-047469,81455.17,0
CUST-047470,7415.04,29
CUST-047471,134094.49,30
CUST-047473,103881.43,18
CUST-047474,30716.32,9
CUST-047475,117036.37,1
CUST-047476,22691.56,42
CUST-047477,5707.81,46
CUST-047479,152207.4,35
CUST-047480,16710.38,29
CUST-047481,27492.48,26
CUST-047482,20078.26,44
CUST-047483,1508.31,31
CUST-047484,77963.39,40
CUST-047485,119281.89,25
CUST-047486,104169.79,55
CUST-047488,19571.31,33
CUST-047489,5403.85,76
CUST-047490,13732.19,8
CUST-047491,90280.91,41
CUST-047492,70862.51,81
CUST-047493,36805.89,69
CUST-047494,3875.96,25
CUST-047495,2181.58,67
CUST-047496,106159.39,17
CUST-047498,16416.02,18
CUST-047500,35539.13,21
CUST-047501,14918.8,15
CUST-047502,145429.55,33
CUST-047503,13140.54,64
CUST-047505,64971.32,15
CUST-047506,18542.36,24
CUST-047507,64868.4,0
CUST-047508,24275.47,35
CUST-047510,21743.76,3
CUST-047511,7634.92,51
CUST-047512,36660.66,39
CUST-047513,49943.47,36
CUST-047514,23414.05,16
CUST-047515,1930.56,20
CUST-047517,143235.3,36
CUST-047518,21528.34,39
CUST-047519,44146.85,50
CUST-047520,9582.6,39
CUST-047522,51623.38,14
CUST-047524,13038.35,9
CUST-047526,28212.95,13
CUST-047527,96123.14,35
CUST-047528,22164.86,0
CUST-047529,43569.64,16
CUST-047530,17740.16,49
CUST-047531,103112.69,19
CUST-047532,30884.49,47
CUST-047533,3241.87,7
CUST-047534,109157.97,23
CUST-047536,20716.64,8
CUST-047538,6614.08,22
CUST-047539,466.59,17
CUST-047540,48340.75,61
CUST-047544,7467.52,31
CUST-047545,27673.09,2
CUST-047546,346.0,6
CUST-047547,115139.96,16
CUST-047550,74804.59,6
CUST-047552,3972.15,30
CUST-047554,11873.91,30
CUST-047555,11741.6,44
CUST-047556,114602.59,16
CUST-047557,20510.17,47
CUST-047558,38653.82,22
CUST-047560,12085.02,20
CUST-047561,40583.6,0
CUST-047562,8740.22,60
CUST-047563,44061.83,15
CUST-047564,11679.56,43
CUST-047565,44060.85,12
CUST-047566,39099.02,25
CUST-047567,17330.61,18
CUST-047568,58269.97,46
CUST-047569,5506.2,50
CUST-047571,4543.59,50
CUST-047572,64187.83,28
CUST-047574,2352.59,31
CUST-047575,217846.73,22
CUST-047576,21780.48,24
CUST-047578,53953.26,36
CUST-047580,260158.49,4
CUST-047581,17051.03,18
CUST-047582,27067.85,35
CUST-047583,28393.98,70
CUST-047584,4781.4,0
CUST-047585,46075.99,29
CUST-047586,157415.41,20
CUST-047588,95376.63,34
CUST-047589,28170.57,48
CUST-047590,80679.76,53
CUST-047591,12639.03,26
CUST-047593,11259.07,6
CUST-047594,18258.26,45
CUST-047595,154287.95,23
CUST-047596,2221.52,25
CUST-047598,87561.75,1
CUST-047599,82655.23,26
CUST-047600,123705.15,30
CUST-047601,50068.59,60
CUST-047603,82110.27,21
CUST-047605,11356.4,21
CUST-047606,90775.62,8
CUST-047607,44403.77,0
CUST-047608,50943.34,0
CUST-047611,44134.73,0
CUST-047613,8035.38,41
CUST-047614,7521.83,44
CUST-047615,23414.62,39
CUST-047618,64389.84,23
CUST-047619,50419.14,22
CUST-047620,162557.62,34
CUST-047621,9013.49,46
CUST-047622,18703.9,34
CUST-047623,76239.16,88
CUST-047625,231346.1,24
CUST-047626,36925.94,42
CUST-047627,168693.8,34
CUST-047628,79185.22,16
CUST-047629,120304.84,31
CUST-047630,59146.96,4
CUST-047631,44463.82,24
CUST-047632,153901.07,24
CUST-047634,25101.83,24
CUST-047636,89235.45,84
CUST-047637,103810.38,37
CUST-047638,1170.37,0
CUST-047639,104248.4,30
CUST-047640,26413.85,58
CUST-047641,21556.35,45
CUST-047642,196064.77,24
CUST-047644,22588.49,56
CUST-047645,34108.53,53
CUST-047646,10379.83,17
CUST-047647,73474.78,0
CUST-047648,39063.41,8
CUST-047650,13572.19,45
CUST-047652,10990.31,33
CUST-047653,6482.9,58
CUST-047654,36616.32,15
CUST-047655,14247.27,31
CUST-047656,25148.45,22
CUST-047657,81318.01,27
CUST-047658,3971.5,42
CUST-047659,32736.19,0
CUST-047660,51911.39,0
CUST-047661,24184.01,24
CUST-047662,13633.88,4
CUST-047663,5773.76,34
CUST-047664,3579.84,20
CUST-047665,11385.5,54
CUST-047666,37665.89,1
CUST-047667,29770.85,34
CUST-047668,14000.96,45
CUST-047669,11647.21,34
CUST-047670,73773.04,0
CUST-047671,76590.07,0
CUST-047672,14476.07,45
CUST-047673,216136.13,10
CUST-047675,57913.3,48
CUST-047676,78910.09,26
CUST-047677,144782.45,32
CUST-047679,12534.86,48
CUST-047680,10388.82,14
CUST-047681,99130.85,41
CUST-047682,43473.74,44
CUST-047683,291.61,18
CUST-047684,15006.21,50
CUST-047685,49415.47,0
CUST-047686,7984.52,13
CUST-047687,0.0,55
CUST-047688,4516.93,19
CUST-047690,9507.46,21
CUST-047691,29446.09,15
CUST-047693,4875.79,0
CUST-047697,120649.25,30
CUST-047698,3598.38,26
CUST-047699,88902.84,17
CUST-047700,16580.68,56
CUST-047701,9049.77,42
CUST-047702,56592.21,27
CUST-047703,36713.08,31
CUST-047705,29616.37,0
CUST-047706,30403.19,4
CUST-047707,202165.76,8
CUST-047708,8279.69,0
CUST-047709,105998.28,36
CUST-047710,61919.15,8
CUST-047712,29795.8,39
CUST-047713,2293.9,21
CUST-047715,160570.66,34
CUST-047717,53298.97,31
CUST-047718,6977.81,8
CUST-047719,111231.54,5
CUST-047720,48535.5,39
CUST-047723,29716.83,45
CUST-047724,40551.44,7
CUST-047726,539.17,47
CUST-047727,42859.2,1
CUST-047728,54461.66,0
CUST-047729,11381.05,31
CUST-047730,124045.02,23
CUST-047732,36469.0,17
CUST-047733,34581.86,6
CUST-047735,144023.73,4
CUST-047736,5470.5,33
CUST-047737,48610.27,8
CUST-047738,16262.82,29
CUST-047740,14283.37,46
CUST-047741,48067.64,10
CUST-047742,33238.29,0
CUST-047744,134372.88,52
CUST-047745,1540.07,32
CUST-047746,24481.67,39
CUST-047747,52196.53,15
CUST-047748,4845.5,9
CUST-047749,85443.52,5
CUST-047750,53919.99,43
CUST-047752,100448.99,50
CUST-047753,7154.67,46
CUST-047754,86366.91,8
CUST-047755,32962.03,40
CUST-047758,32392.55,18
CUST-047760,89211.14,30
CUST-047761,84500.5,14
CUST-047762,9234.69,21
CUST-047765,4094.23,15
CUST-047766,20714.82,50
CUST-047767,44660.85,23
CUST-047769,48515.7,8
CUST-047770,30785.16,29
CUST-047772,12816.23,24
CUST-047773,59039.56,21
CUST-047774,33957.25,14
CUST-047775,52634.76,34
CUST-047776,13249.14,8
CUST-047777,108546.43,47
CUST-047778,41259.86,0
CUST-047779,8663.94,0
CUST-047780,3635.15,15
CUST-047781,2750.55,10
CUST-047782,13336.9,11
CUST-047784,17546.36,8
CUST-047785,152219.26,0
CUST-047787,117375.13,20
CUST-047788,51389.08,43
CUST-047789,260172.22,14
CUST-047790,156898.15,23
CUST-047792,163419.24,8
CUST-047793,3237.17,37
CUST-047794,145695.47,15
CUST-047796,18356.63,0
CUST-047797,106445.35,16
CUST-047798,26380.23,0
CUST-047799,92183.13,48
CUST-047800,223.88,45
CUST-047801,63267.99,57
CUST-047802,53598.93,46
CUST-047803,134137.97,49
CUST-047804,9347.8,25
CUST-047805,127372.04,49
CUST-047806,24668.21,35
CUST-047808,3934.19,18
CUST-047809,380.59,55
CUST-047810,102761.56,32
CUST-047811,169850.78,43
CUST-047812,13375.87,60
CUST-047813,8856.99,8
CUST-047815,61229.4,13
CUST-047816,54643.93,5
CUST-047817,18945.99,16
CUST-047818,28393.93,7
CUST-047819,177114.87,0
CUST-047820,121222.46,39
CUST-047821,3684.05,40
CUST-047822,7152.97,6
CUST-047823,34414.58,29
CUST-047825,73245.27,30
CUST-047826,90140.45,23
CUST-047827,7286.98,40
CUST-047828,64675.18,41
CUST-047829,85934.26,36
CUST-047830,560.81,55
CUST-047831,3096.49,29
CUST-047832,155000.38,84
CUST-047833,30909.63,25
CUST-047834,77147.07,0
CUST-047835,38443.72,0
CUST-047837,12586.66,17
CUST-047838,11699.26,21
CUST-047839,13942.54,17
CUST-047840,31784.14,20
CUST-047842,32286.64,37
CUST-047844,6177.08,22
CUST-047846,55176.98,38
CUST-047850,4780.29,48
CUST-047851,30201.15,29
CUST-047852,266711.24,19
CUST-047854,109114.37,30
CUST-047855,3888.17,30
CUST-047856,150205.08,23
CUST-047857,89075.93,0
CUST-047858,18659.46,5
CUST-047859,18069.15,17
CUST-047860,30801.32,20
CUST-047861,22416.82,60
CUST-047863,32110.17,16
CUST-047864,16694.84,49
CUST-047865,12806.76,15
CUST-047866,4245.29,18
CUST-047867,96344.73,16
CUST-047868,20808.98,0
CUST-047869,16334.49,11
CUST-047870,248817.89,26
CUST-047871,151571.71,0
CUST-047872,15878.8,11
CUST-047873,73771.5,20
CUST-047874,52179.96,16
CUST-047875,239848.73,28
CUST-047876,97494.71,0
CUST-047878,14441.22,54
CUST-047880,5203.48,18
CUST-047881,61192.48,31
CUST-047882,92516.58,19
CUST-047883,37453.12,30
CUST-047884,18615.6,35
CUST-047885,20909.17,50
CUST-047886,147782.79,33
CUST-047887,21726.52,18
CUST-047888,66535.86,32
CUST-047889,20588.41,22
CUST-047890,29605.43,0
CUST-047891,155401.0,6
CUST-047892,17883.5,5
CUST-047893,91066.37,20
CUST-047894,2487.82,68
CUST-047896,20537.01,88
CUST-047897,82013.54,60
CUST-047898,81629.0,14
CUST-047899,84902.86,3
CUST-047900,62654.74,82
CUST-047901,117849.72,50
CUST-047903,37129.25,42
CUST-047904,54224.16,39
CUST-047906,15239.31,27
CUST-047907,115984.21,40
CUST-047909,94916.68,16
CUST-047910,119479.83,17
CUST-047912,3991.62,32
CUST-047913,37388.29,74
CUST-047914,131737.48,33
CUST-047915,20343.02,26
CUST-047916,14452.98,22
CUST-047917,8041.65,25
CUST-047918,42970.98,21
CUST-047919,201825.92,18
CUST-047921,20292.55,33
CUST-047924,12467.84,59
CUST-047925,67566.63,56
CUST-047926,19594.06,0
CUST-047927,11516.41,7
CUST-047928,151729.36,33
CUST-047929,26032.64,28
CUST-047930,76292.35,0
CUST-047931,19842.07,22
CUST-047932,62581.21,26
CUST-047933,33541.39,0
CUST-047935,135422.18,31
CUST-047936,3195.89,37
CUST-047939,42406.84,29
CUST-047940,82308.36,5
CUST-047941,15572.0,34
CUST-047942,28080.32,32
CUST-047943,4575.47,6
CUST-047944,166721.54,10
CUST-047946,4560.98,29
CUST-047948,28144.2,20
CUST-047949,3329.61,0
CUST-047950,199162.0,24
CUST-047951,107301.84,41
CUST-047952,16167.06,5
CUST-047953,78574.03,5
CUST-047954,77287.78,46
CUST-047955,169724.29,44
CUST-047957,126233.34,19
CUST-047958,14858.45,58
CUST-047959,211979.92,0
CUST-047963,19036.94,37
CUST-047964,45250.48,1
CUST-047965,19522.9,52
CUST-047966,99464.16,40
CUST-047967,53317.59,0
CUST-047968,120552.4,31
CUST-047969,7680.51,59
CUST-047970,18233.67,21
CUST-047972,19822.74,47
CUST-047973,93931.54,43
CUST-047974,9772.75,23
CUST-047976,99420.24,35
CUST-047978,64098.86,3
CUST-047979,71628.91,29
CUST-047980,92637.08,26
CUST-047981,56604.3,36
CUST-047982,4881.41,17
CUST-047983,1017.18,28
CUST-047984,78813.28,38
CUST-047985,113486.32,63
CUST-047986,2046.85,8
CUST-047987,39337.4,16
CUST-047988,98727.36,40
CUST-047989,41565.14,34
CUST-047990,14269.17,68
CUST-047991,79521.28,33
CUST-047992,9886.59,16
CUST-047993,196114.37,11
CUST-047994,25640.32,23
CUST-047995,0.0,34
CUST-047996,1385.09,23
CUST-047997,54228.76,18
CUST-047998,6125.62,16
CUST-047999,42983.38,32
CUST-048001,2814.51,0
CUST-048004,4967.67,37
CUST-048005,67634.02,9
CUST-048006,15986.61,10
CUST-048007,81747.41,60
CUST-048008,114876.82,14
CUST-048009,37342.71,24
CUST-048010,52741.59,55
CUST-048011,25113.15,30
CUST-048012,56470.39,20
CUST-048013,46749.8,12
CUST-048014,6404.19,0
CUST-048016,19445.65,57
CUST-048017,51225.53,37
CUST-048018,112630.5,43
CUST-048019,55816.44,48
CUST-048020,41560.59,20
CUST-048021,230055.23,9
CUST-048022,184541.09,30
CUST-048023,32612.66,7
CUST-048025,17578.92,15
CUST-048026,102787.82,40
CUST-048027,2642.05,19
CUST-048028,51296.07,19
CUST-048029,114924.3,5
CUST-048030,2363.17,61
CUST-048031,48058.23,35
CUST-048032,97490.58,20
CUST-048033,11057.98,32
CUST-048034,8755.48,18
CUST-048035,49399.28,55
CUST-048036,3043.35,27
CUST-048037,55072.6,15
CUST-048038,72131.39,0
CUST-048039,6785.22,5
CUST-048040,3672.15,50
CUST-048041,66118.59,44
CUST-048042,14032.22,11
CUST-048043,29782.33,5
CUST-048044,48896.8,35
CUST-048045,1247.13,34
CUST-048046,194356.79,35
CUST-048047,142296.74,6
CUST-048048,41270.26,2
CUST-048049,33003.16,23
CUST-048050,231069.7,46
CUST-048051,13275.82,5
CUST-048052,47889.51,7
CUST-048053,525.73,25
CUST-048054,12517.39,4
CUST-048055,11573.11,18
CUST-048056,154724.38,12
CUST-048057,54908.62,34
CUST-048058,8059.03,44
CUST-048059,235795.97,40
CUST-048060,22414.7,44
CUST-048061,1154.67,15
CUST-048065,985.23,43
CUST-048066,59297.5,71
CUST-048067,170696.32,5
CUST-048068,30332.81,20
CUST-048069,17457.97,8
CUST-048070,34773.14,15
CUST-048071,3943.86,58
CUST-048074,170511.12,23
CUST-048076,88950.08,21
CUST-048077,30172.49,11
CUST-048079,24892.85,30
CUST-048080,2109.79,5
CUST-048081,10277.25,17
CUST-048082,5505.48,0
CUST-048083,4128.15,20
CUST-048084,22080.53,0
CUST-048085,25305.89,10
CUST-048087,99057.02,0
CUST-048088,92166.68,0
CUST-048089,95850.9,10
CUST-048091,11823.73,16
CUST-048092,128991.39,44
CUST-048093,1504.21,48
CUST-048094,1521.1,3
CUST-048095,22304.09,7
CUST-048096,73822.21,63
CUST-048097,89415.61,38
CUST-048098,149553.48,8
CUST-048099,188158.25,29
CUST-048100,89361.12,44
CUST-048101,73269.82,25
CUST-048102,137772.42,23
CUST-048103,60369.48,17
CUST-048104,72084.54,33
CUST-048107,26920.88,6
CUST-048108,9229.57,38
CUST-048109,49401.62,5
CUST-048110,72869.21,24
CUST-048111,4404.12,17
CUST-048112,137473.42,31
CUST-048113,25590.25,73
CUST-048114,29125.17,45
CUST-048115,28094.33,25
CUST-048117,4595.51,29
CUST-048118,5630.57,49
CUST-048120,49630.01,43
CUST-048121,30249.04,23
CUST-048122,5852.95,3
CUST-048123,53905.34,7
CUST-048124,1766.24,36
CUST-048125,65923.7,23
CUST-048128,14470.43,34
CUST-048130,39397.57,49
CUST-048131,3309.26,17
CUST-048132,35339.49,36
CUST-048133,7932.29,37
CUST-048135,113738.15,25
CUST-048136,19516.31,43
CUST-048137,155851.98,33
CUST-048139,25520.41,5
CUST-048141,113579.56,41
CUST-048142,10207.85,1
CUST-048143,166721.11,15
CUST-048144,2070.56,20
CUST-048145,62519.59,40
CUST-048146,185089.65,16
CUST-048148,15898.7,87
CUST-048150,223080.1,31
CUST-048151,157636.05,22
CUST-048152,60461.97,25
CUST-048153,45874.99,21
CUST-048154,31945.84,13
CUST-048155,103075.57,35
CUST-048156,5318.3,0
CUST-048157,79732.13,6
CUST-048158,10429.9,33
CUST-048159,55221.09,0
CUST-048160,85601.89,13
CUST-048161,98732.9,40
CUST-048162,26258.22,20
CUST-048163,6614.61,45
CUST-048164,49152.79,31
CUST-048165,5437.23,5
CUST-048166,30467.1,46
CUST-048167,47609.29,35
CUST-048168,62070.33,34
CUST-048171,26809.29,13
CUST-048172,103027.77,8
CUST-048174,1582.03,1
CUST-048175,46760.65,0
CUST-048176,32929.05,33
CUST-048177,43310.94,1
CUST-048178,135921.97,0
CUST-048179,17556.03,34
CUST-048180,3587.82,9
CUST-048181,6267.02,15
CUST-048182,70741.96,11
CUST-048184,107499.98,22
CUST-048185,6427.76,0
CUST-048186,93870.25,5
CUST-048188,32624.5,25
CUST-048189,188645.13,35
CUST-048191,59315.28,10
CUST-048192,14529.67,46
CUST-048193,26708.97,34
CUST-048194,50523.14,24
CUST-048195,12763.52,0
CUST-048197,5044.38,20
CUST-048198,22704.63,15
CUST-048199,19717.24,21
CUST-048200,37507.5,5
CUST-048201,33871.68,0
CUST-048202,97766.26,20
CUST-048203,42083.21,38
CUST-048206,11041.14,59
CUST-048207,1683.13,25
CUST-048208,189729.4,20
CUST-048209,14701.73,17
CUST-048210,61878.3,38
CUST-048212,24018.2,39
CUST-048213,183284.99,9
CUST-048214,70841.52,6
CUST-048215,29382.3,59
CUST-048216,82639.75,5
CUST-048218,69101.88,37
CUST-048219,8149.93,20
CUST-048220,4246.54,31
CUST-048221,110276.44,15
CUST-048222,120242.09,0
CUST-048223,10976.37,87
CUST-048224,52604.31,59
CUST-048226,634.67,0
CUST-048227,95185.98,46
CUST-048228,11116.17,41
CUST-048229,121931.86,0
CUST-048231,59692.26,9
CUST-048232,31883.73,23
CUST-048234,112246.21,31
CUST-048237,8012.56,32
CUST-048238,47599.69,8
CUST-048239,47440.9,5
CUST-048240,14562.84,49
CUST-048241,6434.33,15
CUST-048242,16398.94,37
CUST-048243,100476.71,33
CUST-048245,35885.87,29
CUST-048248,41416.56,35
CUST-048249,99152.91,37
CUST-048250,244904.89,18
CUST-048252,15202.11,48
CUST-048255,33504.35,32
CUST-048256,20306.32,33
CUST-048257,105294.47,22
CUST-048258,24276.94,6
CUST-048259,65265.18,6
CUST-048262,57786.7,4
CUST-048263,93246.49,18
CUST-048264,10875.9,35
CUST-048265,1934.43,41
CUST-048266,2311.38,84
CUST-048268,150839.59,0
CUST-048269,73511.0,63
CUST-048271,1182.96,37
CUST-048273,17725.99,30
CUST-048275,90769.84,14
CUST-048276,48176.13,48
CUST-048278,175279.67,3
CUST-048279,125266.22,47
CUST-048280,69994.76,3
CUST-048281,9282.6,21
CUST-048282,58543.97,14
CUST-048283,16403.06,21
CUST-048284,28527.79,35
CUST-048285,16863.22,34
CUST-048286,6336.75,34
CUST-048287,127259.53,8
CUST-048288,2415.04,36
CUST-048289,24785.69,21
CUST-048290,107937.36,58
CUST-048291,173288.33,31
CUST-048293,36827.26,23
CUST-048294,64570.27,45
CUST-048295,22301.19,31
CUST-048297,9097.74,31
CUST-048299,27525.56,6
CUST-048300,57121.45,2
CUST-048301,14642.78,11
CUST-048303,10847.31,33
CUST-048305,68099.95,38
CUST-048306,19255.77,18
CUST-048307,5584.07,19
CUST-048309,15584.59,20
CUST-048311,58682.61,9
CUST-048312,122796.51,44
CUST-048313,23972.12,38
CUST-048314,56908.3,20
CUST-048315,16043.15,53
CUST-048317,19661.52,42
CUST-048319,15146.71,11
CUST-048322,48747.1,45
CUST-048323,133382.49,31
CUST-048324,151154.49,20
CUST-048325,110048.85,55
CUST-048326,27183.93,3
CUST-048327,563.77,23
CUST-048329,26852.93,20
CUST-048331,14067.56,42
CUST-048332,8949.11,7
CUST-048335,60587.89,10
CUST-048336,10755.46,48
CUST-048338,110065.21,41
CUST-048339,23527.02,34
CUST-048340,91585.02,29
CUST-048341,3911.48,24
CUST-048342,90252.0,36
CUST-048343,130594.59,27
CUST-048344,35943.19,58
CUST-048348,34328.87,19
CUST-048349,203910.02,59
CUST-048352,29560.31,45
CUST-048353,4071.0,31
CUST-048354,65583.94,10
CUST-048355,27854.31,84
CUST-048356,61876.12,59
CUST-048357,148393.71,18
CUST-048358,37816.21,21
CUST-048359,56297.39,0
CUST-048360,16770.93,34
CUST-048362,59319.95,47
CUST-048366,347.43,70
CUST-048367,23440.36,25
CUST-048368,54225.58,23
CUST-048369,11032.53,1
CUST-048370,3490.04,54
CUST-048371,79488.34,6
CUST-048372,148609.22,49
CUST-048373,3802.24,10
CUST-048374,43982.18,0
CUST-048375,21815.31,31
CUST-048376,94145.84,48
CUST-048378,23532.03,0
CUST-048379,19895.43,22
CUST-048380,80198.63,5
CUST-048381,190501.09,0
CUST-048382,42252.2,37
CUST-048383,8827.98,2
CUST-048385,776.12,44
CUST-048386,55589.88,23
CUST-048390,97011.91,20
CUST-048392,137109.27,48
CUST-048393,66196.27,12
CUST-048397,8412.68,6
CUST-048399,134672.07,65
CUST-048400,250.45,19
CUST-048401,28477.26,19
CUST-048402,3110.38,30
CUST-048404,51512.88,68
CUST-048405,60992.78,0
CUST-048406,27017.5,23
CUST-048407,10678.88,18
CUST-048409,91903.88,24
CUST-048410,106470.61,24
CUST-048411,5316.85,29
CUST-048412,57290.18,24
CUST-048413,51555.31,25
CUST-048415,86203.63,32
CUST-048417,21298.98,0
CUST-048419,152858.57,7
CUST-048420,41848.4,18
CUST-048421,152742.13,47
CUST-048423,42918.02,44
CUST-048424,18849.55,17
CUST-048425,88388.1,1
CUST-048427,19868.65,39
CUST-048430,30132.38,23
CUST-048433,33367.77,4
CUST-048434,34088.58,0
CUST-048435,68783.19,25
CUST-048436,72047.64,34
CUST-048437,50055.54,0
CUST-048438,8402.58,18
CUST-048439,5512.03,0
CUST-048440,19574.99,58
CUST-048441,21371.06,15
CUST-048442,80452.18,3
CUST-048444,46698.88,26
CUST-048445,39432.53,60
CUST-048447,10541.87,44
CUST-048448,76489.03,0
CUST-048450,29553.48,0
CUST-048451,9654.27,59
CUST-048452,56331.08,23
CUST-048453,92189.0,7
CUST-048454,13467.23,61
CUST-048455,88716.08,6
CUST-048456,79099.46,21
CUST-048457,64210.03,5
CUST-048458,16385.36,34
CUST-048459,66127.49,18
CUST-048460,4449.33,39
CUST-048461,28028.3,1
CUST-048462,21075.57,1
CUST-048463,66593.26,0
CUST-048466,70990.31,22
CUST-048469,25964.4,46
CUST-048470,5951.75,11
CUST-048471,4892.42,0
CUST-048474,118193.44,18
CUST-048475,125894.69,46
CUST-048476,9564.48,19
CUST-048477,103629.15,41
CUST-048478,60344.35,72
CUST-048479,30552.31,21
CUST-048480,30095.68,21
CUST-048482,73970.96,25
CUST-048484,31720.49,60
CUST-048485,54897.68,33
CUST-048486,63132.47,44
CUST-048488,8188.97,31
CUST-048489,24961.25,27
CUST-048490,985.22,75
CUST-048491,98412.73,0
CUST-048494,26037.86,7
CUST-048495,19542.11,45
CUST-048496,18386.14,7
CUST-048497,117664.6,39
CUST-048498,11305.11,0
CUST-048500,184969.16,55
CUST-048501,100992.72,28
CUST-048502,19158.0,43
CUST-048503,46438.1,40
CUST-048504,56351.07,20
CUST-048505,130970.46,17
CUST-048506,4377.88,61
CUST-048507,72684.73,33
CUST-048508,137288.75,17
CUST-048509,17240.27,48
CUST-048510,4811.29,34
CUST-048511,20488.53,46
CUST-048512,2010.3,5
CUST-048513,6619.14,46
CUST-048514,27448.63,75
CUST-048515,47158.71,38
CUST-048516,8851.78,7
CUST-048517,22316.05,0
CUST-048518,5782.44,18
CUST-048519,41032.96,4
CUST-048520,62824.97,83
CUST-048521,13077.44,5
CUST-048522,51391.04,10
CUST-048523,8312.8,32
CUST-048524,2897.32,55
CUST-048525,43663.48,30
CUST-048527,1820.63,15
CUST-048530,12985.22,11
CUST-048531,191732.63,5
CUST-048532,86801.74,20
CUST-048533,25667.83,19
CUST-048534,1255.57,31
CUST-048535,37017.8,59
CUST-048536,53805.28,31
CUST-048537,9435.54,20
CUST-048538,2397.42,16
CUST-048539,149228.79,7
CUST-048540,193109.53,19
CUST-048541,48329.56,3
CUST-048542,2123.16,48
CUST-048543,19748.47,42
CUST-048545,20748.99,11
CUST-048547,50106.72,15
CUST-048548,25496.08,54
CUST-048549,74810.82,33
CUST-048550,76178.94,44
CUST-048554,33027.18,14
CUST-048555,70064.69,5
CUST-048556,83882.38,35
CUST-048557,54550.24,50
CUST-048558,48562.92,22
CUST-048559,15927.69,20
CUST-048561,77041.7,6
CUST-048562,51752.61,60
CUST-048564,52683.33,35
CUST-048566,71204.28,4
CUST-048567,6751.11,66
CUST-048568,1845.54,10
CUST-048569,58638.96,32
CUST-048570,75569.18,0
CUST-048571,71861.04,37
CUST-048573,27473.11,57
CUST-048574,91626.06,14
CUST-048575,113431.35,55
CUST-048577,4011.36,34
CUST-048579,13394.03,0
CUST-048580,99743.54,12
CUST-048581,84743.36,3
CUST-048584,14311.13,0
CUST-048585,1923.29,0
CUST-048586,12976.46,0
CUST-048587,77538.67,47
CUST-048588,1446.44,0
CUST-048589,28149.59,77
CUST-048590,125076.37,16
CUST-048591,136395.82,31
CUST-048592,83564.13,38
CUST-048593,87545.38,60
CUST-048595,25737.29,12
CUST-048596,9694.06,24
CUST-048597,90524.77,35
CUST-048598,13791.35,15
CUST-048599,55699.83,32
CUST-048600,28515.66,45
CUST-048601,62933.2,54
CUST-048602,202918.32,34
CUST-048603,27992.26,22
CUST-048604,28643.94,26
CUST-048605,133794.38,44
CUST-048609,114947.35,40
CUST-048611,42913.71,20
CUST-048612,5707.09,23
CUST-048613,131188.72,64
CUST-048615,116772.49,5
CUST-048616,79440.35,34
CUST-048617,56602.05,44
CUST-048618,14610.61,42
CUST-048619,47540.11,20
CUST-048622,67677.89,11
CUST-048623,2542.47,63
CUST-048624,10944.92,75
CUST-048625,35139.4,9
CUST-048627,119538.58,15
CUST-048628,112772.04,10
CUST-048629,30520.03,30
CUST-048630,30600.67,8
CUST-048631,9989.11,17
CUST-048632,88101.01,24
CUST-048633,94755.63,15
CUST-048635,138491.15,18
CUST-048636,33424.28,8
CUST-048637,90398.0,45
CUST-048638,59090.46,31
CUST-048639,37488.62,18
CUST-048641,45993.77,0
CUST-048642,23485.61,32
CUST-048643,61535.64,8
CUST-048644,91309.37,14
CUST-048645,36425.25,34
CUST-048646,158579.19,16
CUST-048647,16423.01,35
CUST-048648,12277.79,23
CUST-048649,10658.02,21
CUST-048650,268.24,85
CUST-048652,101787.23,7
CUST-048653,12493.31,48
CUST-048654,26699.25,46
CUST-048656,43459.42,46
CUST-048657,86038.11,48
CUST-048659,24259.74,14
CUST-048660,4157.52,54
CUST-048661,18309.35,21
CUST-048662,96573.65,25
CUST-048663,5341.77,9
CUST-048664,6439.56,9
CUST-048665,16561.97,0
CUST-048666,221926.63,41
CUST-048667,4078.18,62
CUST-048668,86000.58,0
CUST-048669,8878.53,68
CUST-048670,49223.33,48
CUST-048671,110622.63,24
CUST-048672,67451.7,63
CUST-048674,89623.91,0
CUST-048675,12521.04,35
CUST-048676,23695.62,54
CUST-048677,63376.92,20
CUST-048678,76588.38,15
CUST-048679,69808.19,33
CUST-048680,57172.06,0
CUST-048682,23152.78,17
CUST-048683,9568.75,65
CUST-048684,147354.35,19
CUST-048687,81378.22,27
CUST-048688,29426.94,46
CUST-048689,154910.8,0
CUST-048690,28100.75,13
CUST-048691,151732.76,9
CUST-048692,71172.17,48
CUST-048693,952.63,0
CUST-048694,33187.45,44
CUST-048695,253891.16,24
CUST-048696,19757.5,35
CUST-048698,74465.9,24
CUST-048699,102591.09,16
CUST-048700,232792.17,30
CUST-048701,7046.94,47
CUST-048702,40983.99,0
CUST-048703,24144.09,52
CUST-048704,41230.58,11
CUST-048705,61387.02,33
CUST-048707,2883.05,45
CUST-048708,18547.69,15
CUST-048709,0.0,24
CUST-048710,31407.07,0
CUST-048711,184393.17,0
CUST-048712,13400.76,10
CUST-048714,10478.48,56
CUST-048715,16386.96,37
CUST-048718,20114.85,27
CUST-048719,4578.71,8
CUST-048720,14627.62,33
CUST-048722,27624.08,63
CUST-048724,85722.44,25
CUST-048725,73129.83,0
CUST-048726,112896.1,28
CUST-048727,57795.46,19
CUST-048728,45260.15,31
CUST-048729,174264.83,0
CUST-048730,13967.83,43
CUST-048731,240376.25,0
CUST-048732,2204.93,17
CUST-048733,4504.64,43
CUST-048734,71505.17,9
CUST-048735,39968.75,11
CUST-048736,95542.72,0
CUST-048737,352.52,52
CUST-048738,26834.0,23
CUST-048739,53766.82,5
CUST-048740,160084.04,41
CUST-048741,7879.14,36
CUST-048742,2025.48,16
CUST-048743,14390.69,18
CUST-048745,135420.71,0
CUST-048747,31610.76,0
CUST-048748,118812.05,22
CUST-048749,5152.73,55
CUST-048750,41892.88,5
CUST-048751,50342.42,20
CUST-048752,53209.64,74
CUST-048753,29319.61,23
CUST-048754,45138.96,31
CUST-048756,20634.35,8
CUST-048757,9699.15,56
CUST-048758,33102.41,59
CUST-048759,64995.66,36
CUST-048760,32599.01,11
CUST-048761,4608.86,35
CUST-048762,11919.87,1
CUST-048763,2809.03,37
CUST-048764,52186.78,10
CUST-048765,135166.68,40
CUST-048766,65761.87,37
CUST-048768,66529.32,35
CUST-048769,7761.61,55
CUST-048770,7951.12,0
CUST-048771,45172.35,7
CUST-048772,3258.33,91
CUST-048773,5408.14,39
CUST-048774,152513.04,7
CUST-048775,1531.04,30
CUST-048776,18900.77,50
CUST-048777,66154.82,21
CUST-048778,226360.9,36
CUST-048779,141328.32,0
CUST-048780,1237.24,19
CUST-048781,121764.9,25
CUST-048783,5227.59,6
CUST-048785,11878.38,15
CUST-048789,52647.6,31
CUST-048790,17907.04,6
CUST-048792,80822.48,78
CUST-048793,133976.97,33
CUST-048794,2381.36,10
CUST-048795,21232.5,12
CUST-048796,106532.82,0
CUST-048797,92197.51,0
CUST-048798,89959.08,31
CUST-048799,138661.66,2
CUST-048800,255293.46,45
CUST-048802,34530.14,2
CUST-048803,38210.62,42
CUST-048804,38136.46,47
CUST-048805,104744.01,33
CUST-048806,45775.33,34
CUST-048808,10610.06,36
CUST-048811,19332.09,10
CUST-048814,10848.57,14
CUST-048815,47511.4,3
CUST-048817,130186.39,35
CUST-048818,65587.79,32
CUST-048820,44705.5,13
CUST-048821,21081.09,21
CUST-048822,40824.14,44
CUST-048824,15605.58,21
CUST-048825,57435.69,14
CUST-048827,6257.67,0
CUST-048829,6115.6,39
CUST-048830,6371.29,20
CUST-048831,1626.22,31
CUST-048833,35877.11,31
CUST-048834,254590.66,6
CUST-048835,62589.44,10
CUST-048836,16657.84,47
CUST-048838,3732.75,14
CUST-048839,23878.7,52
CUST-048840,121437.63,8
CUST-048841,21612.31,44
CUST-048842,13089.24,32
CUST-048843,45448.71,0
CUST-048844,9172.38,21
CUST-048845,43565.11,56
CUST-048846,93616.1,33
CUST-048847,10308.93,8
CUST-048848,88797.96,22
CUST-048849,185527.28,0
CUST-048850,6229.06,19
CUST-048851,89289.53,30
CUST-048852,121618.37,43
CUST-048853,35447.64,36
CUST-048854,37620.86,9
CUST-048855,143659.55,63
CUST-048856,12312.07,22
CUST-048857,49489.17,62
CUST-048858,64738.48,43
CUST-048861,156210.79,36
CUST-048864,40088.34,38
CUST-048865,89995.64,0
CUST-048866,138514.71,9
CUST-048867,157.03,38
CUST-048868,24589.85,53
CUST-048869,182556.16,7
CUST-048870,33600.16,15
CUST-048871,57589.76,40
CUST-048873,122683.81,32
CUST-048875,27069.38,25
CUST-048876,26547.67,12
CUST-048878,42211.62,30
CUST-048879,10911.08,0
CUST-048880,126098.23,6
CUST-048881,5469.75,26
CUST-048882,94072.19,6
CUST-048883,15703.0,13
CUST-048884,1742.65,2
CUST-048886,514.53,8
CUST-048887,2660.85,0
CUST-048888,35986.86,26
CUST-048889,137830.33,63
CUST-048891,64671.41,35
CUST-048892,33793.86,44
CUST-048894,84018.36,10
CUST-048896,122463.88,9
CUST-048897,68749.8,61
CUST-048898,13036.73,35
CUST-048899,57091.92,23
CUST-048900,35573.55,32
CUST-048902,59502.03,20
CUST-048903,13287.5,25
CUST-048904,18902.01,7
CUST-048906,45343.26,14
CUST-048907,64212.69,20
CUST-048909,35718.72,20
CUST-048910,37623.09,27
CUST-048911,36057.5,0
CUST-048912,138492.16,24
CUST-048913,5278.21,32
CUST-048915,220080.84,11
CUST-048917,51994.47,0
CUST-048920,193080.78,6
CUST-048923,52710.88,23
CUST-048924,3479.56,33
CUST-048925,103220.63,3
CUST-048926,69307.28,0
CUST-048927,30275.07,5
CUST-048928,123769.11,51
CUST-048929,16214.06,11
CUST-048930,6831.93,8
CUST-048934,25609.23,7
CUST-048935,19890.83,21
CUST-048937,39929.25,0
CUST-048938,45592.53,8
CUST-048940,50303.53,13
CUST-048941,47370.14,20
CUST-048942,29196.51,0
CUST-048943,4133.55,47
CUST-048946,36684.68,4
CUST-048947,116935.18,17
CUST-048949,105828.52,0
CUST-048950,82830.01,31
CUST-048951,36703.49,5
CUST-048953,64212.76,34
CUST-048954,1457.88,78
CUST-048955,65773.62,0
CUST-048956,0.0,87
CUST-048957,50393.23,45
CUST-048958,4906.58,45
CUST-048959,76226.28,63
CUST-048960,1148.48,17
CUST-048961,32973.51,12
CUST-048963,17748.42,44
CUST-048964,12198.48,29
CUST-048965,49523.83,7
CUST-048967,31474.0,30
CUST-048968,15924.53,25
CUST-048969,19258.71,0
CUST-048970,59723.8,6
CUST-048971,117094.59,4
CUST-048972,44391.9,45
CUST-048973,88459.45,69
CUST-048974,17515.57,16
CUST-048976,21634.65,40
CUST-048977,225423.32,33
CUST-048978,27755.76,30
CUST-048979,6191.31,19
CUST-048982,8928.7,36
CUST-048983,18124.6,43
CUST-048984,65429.39,25
CUST-048985,50706.86,57
CUST-048986,44791.95,31
CUST-048987,78527.83,0
CUST-048988,4664.55,30
CUST-048989,33180.16,32
CUST-048991,35811.17,40
CUST-048992,67476.15,2
CUST-048994,129922.58,27
CUST-048995,41822.04,15
CUST-048996,16824.13,40
CUST-048997,132254.87,22
CUST-048998,9654.07,44
CUST-048999,1096.17,65
CUST-049000,16386.19,61
CUST-049001,22083.29,24
CUST-049002,6112.32,36
CUST-049003,15460.54,14
CUST-049004,1724.83,82
CUST-049005,55123.18,10
CUST-049006,4671.82,1
CUST-049007,7635.03,38
CUST-049009,10709.97,43
CUST-049010,54677.92,17
CUST-049011,16816.01,33
CUST-049012,28279.9,68
CUST-049013,122227.01,64
CUST-049014,42259.02,20
CUST-049016,8695.59,9
CUST-049017,103212.01,25
CUST-049018,15907.03,15
CUST-049019,38887.43,0
CUST-049021,63872.37,18
CUST-049022,17023.95,20
CUST-049023,102960.49,46
CUST-049024,30436.77,15
CUST-049025,41110.34,64
CUST-049028,4244.62,11
CUST-049033,121831.09,35
CUST-049034,15560.41,35
CUST-049035,68431.56,25
CUST-049037,48177.48,34
CUST-049039,6093.39,18
CUST-049040,125507.92,31
CUST-049041,135268.76,21
CUST-049042,57449.33,55
CUST-049043,29651.2,14
CUST-049044,12017.84,25
CUST-049045,15767.29,0
CUST-049046,28882.82,0
CUST-049047,15409.69,69
CUST-049048,5853.61,25
CUST-049049,15323.49,0
CUST-049050,37398.91,24
CUST-049051,49536.55,75
CUST-049052,253632.32,56
CUST-049053,13389.26,8
CUST-049054,3121.53,48
CUST-049055,19728.6,50
CUST-049056,69214.1,43
CUST-049057,136965.06,26
CUST-049058,9463.41,28
CUST-049060,41151.59,75
CUST-049061,65827.0,0
CUST-049062,33407.65,47
CUST-049064,3848.08,13
CUST-049067,66736.3,32
CUST-049068,88028.67,34
CUST-049069,19827.52,12
CUST-049070,6911.89,0
CUST-049071,6308.88,21
CUST-049072,168043.04,37
CUST-049073,70927.73,17
CUST-049074,24019.86,9
CUST-049075,166576.01,16
CUST-049076,130059.3,31
CUST-049077,15624.9,35
CUST-049078,70674.72,23
CUST-049079,53621.93,21
CUST-049080,34574.06,51
CUST-049081,42248.42,10
CUST-049082,2246.55,45
CUST-049083,7680.57,22
CUST-049084,6216.2,19
CUST-049086,78766.67,46
CUST-049087,145783.04,50
CUST-049088,19786.51,46
CUST-049089,86113.83,5
CUST-049090,16407.74,42
CUST-049091,27648.7,42
CUST-049092,25730.44,20
CUST-049093,7974.3,36
CUST-049097,9325.21,49
CUST-049098,84794.98,16
CUST-049099,20656.18,38
CUST-049100,155214.75,35
CUST-049101,139013.19,37
CUST-049102,98000.41,15
CUST-049103,20709.64,28
CUST-049104,63597.14,10
CUST-049105,105841.82,0
CUST-049106,33934.8,50
CUST-049108,59278.69,43
CUST-049109,6615.75,13
CUST-049110,36238.98,0
CUST-049112,31819.63,30
CUST-049113,62135.8,74
CUST-049114,64869.15,31
CUST-049115,27151.33,19
CUST-049116,19184.94,33
CUST-049117,11138.59,4
CUST-049118,94316.16,18
CUST-049119,4205.17,35
CUST-049120,56147.88,4
CUST-049121,33131.06,2
CUST-049122,71961.32,33
CUST-049123,33418.55,18
CUST-049124,39379.97,55
CUST-049125,83687.66,38
CUST-049126,21282.89,11
CUST-049128,78140.67,9
CUST-049130,135005.85,32
CUST-049131,51779.07,13
CUST-049132,106204.73,18
CUST-049133,14553.54,39
CUST-049134,162994.3,41
CUST-049135,148344.48,21
CUST-049136,6786.55,22
CUST-049137,191748.7,0
CUST-049138,49786.66,42
CUST-049139,2857.73,13
CUST-049140,153382.26,23
CUST-049141,5654.48,29
CUST-049143,46151.84,35
CUST-049144,1152.99,45
CUST-049145,18142.55,9
CUST-049146,11298.45,42
CUST-049148,74786.1,0
CUST-049149,7796.31,34
CUST-049150,71877.75,14
CUST-049151,57472.79,60
CUST-049152,39509.5,45
CUST-049153,92512.59,43
CUST-049154,8567.93,26
CUST-049155,5994.25,0
CUST-049156,160689.95,70
CUST-049157,25739.48,41
CUST-049158,21766.38,33
CUST-049159,1694.63,35
CUST-049160,129822.18,23
CUST-049161,44529.67,44
CUST-049162,147444.25,23
CUST-049163,109461.97,39
CUST-049164,58570.19,30
CUST-049165,17886.13,35
CUST-049167,103639.27,16
CUST-049169,3381.85,33
CUST-049170,151165.8,18
CUST-049171,9606.77,27
CUST-049173,12115.67,14
CUST-049174,105075.43,5
CUST-049175,146068.18,0
CUST-049176,102791.25,32
CUST-049177,143810.34,0
CUST-049178,76436.36,23
CUST-049179,8456.34,0
CUST-049180,180024.56,25
CUST-049182,78645.88,8
CUST-049183,118429.84,55
CUST-049184,163330.91,47
CUST-049186,100169.2,11
CUST-049187,79458.07,17
CUST-049190,18745.27,12
CUST-049191,12958.72,32
CUST-049192,16931.81,44
CUST-049194,2818.95,30
CUST-049195,6790.14,24
CUST-049196,11460.22,43
CUST-049198,26332.55,57
CUST-049199,1927.24,23
CUST-049200,41690.08,49
CUST-049201,7612.51,47
CUST-049202,242.04,54
CUST-049203,123673.61,36
CUST-049204,50219.02,22
CUST-049206,12606.98,32
CUST-049207,61451.05,25
CUST-049208,167966.7,36
CUST-049210,105643.48,63
CUST-049211,56693.46,0
CUST-049212,5756.57,6
CUST-049213,72960.21,63
CUST-049214,60601.58,0
CUST-049215,30806.68,23
CUST-049216,60479.85,40
CUST-049217,95364.87,8
CUST-049219,27183.45,22
CUST-049220,110330.78,15
CUST-049222,9430.49,70
CUST-049223,60772.11,25
CUST-049224,54056.54,24
CUST-049225,106182.22,49
CUST-049227,42996.8,34
CUST-049228,144755.2,59
CUST-049229,72358.33,4
CUST-049230,93681.94,17
CUST-049231,1657.53,9
CUST-049232,256517.68,45
CUST-049234,94022.06,50
CUST-049235,2312.91,16
CUST-049236,56393.08,49
CUST-049237,48753.36,46
CUST-049238,40472.36,0
CUST-049239,114757.07,16
CUST-049241,37396.79,61
CUST-049242,61266.82,57
CUST-049243,97973.18,38
CUST-049244,13564.71,8
CUST-049245,35713.13,43
CUST-049246,5035.28,29
CUST-049248,24142.18,31
CUST-049249,93578.24,15
CUST-049250,0.0,27
CUST-049251,44809.59,69
CUST-049252,9207.3,47
CUST-049254,26468.98,45
CUST-049255,163023.78,48
CUST-049256,3740.85,39
CUST-049258,28599.75,6
CUST-049259,77713.7,30
CUST-049260,25172.95,65
CUST-049261,23261.39,0
CUST-049263,10854.33,47
CUST-049264,28865.49,41
CUST-049265,931.79,45
CUST-049266,44666.48,16
CUST-049267,836.82,33
CUST-049268,28930.61,8
CUST-049270,16656.92,18
CUST-049272,103555.06,28
CUST-049273,27057.89,18
CUST-049274,40065.16,11
CUST-049275,27204.97,48
CUST-049276,1894.64,32
CUST-049278,17768.62,33
CUST-049279,1098.59,27
CUST-049280,59199.78,4
CUST-049281,90399.27,32
CUST-049282,27754.14,8
CUST-049283,25963.4,58
CUST-049284,27795.63,48
CUST-049285,21447.78,51
CUST-049286,80656.9,55
CUST-049287,158427.2,0
CUST-049288,20021.58,17
CUST-049289,53937.05,23
CUST-049290,48235.26,29
CUST-049293,45744.38,0
CUST-049294,49067.57,29
CUST-049296,80594.97,20
CUST-049297,119369.88,5
CUST-049298,69217.77,25
CUST-049300,3084.54,23
CUST-049301,43201.68,35
CUST-049302,114060.75,71
CUST-049303,15213.83,11
CUST-049304,4433.04,9
CUST-049306,2450.38,0
CUST-049307,44861.94,0
CUST-049309,1825.3,35
CUST-049310,88782.46,24
CUST-049313,30132.65,2
CUST-049314,14777.91,41
CUST-049315,125510.67,0
CUST-049316,29370.04,7
CUST-049318,43020.12,12
CUST-049319,43806.62,47
CUST-049320,111596.16,88
CUST-049321,83166.9,0
CUST-049322,6168.38,25
CUST-049323,94656.67,22
CUST-049324,30552.76,5
CUST-049327,62700.2,20
CUST-049328,21644.62,18
CUST-049329,32101.4,42
CUST-049331,69991.67,32
CUST-049332,11333.01,0
CUST-049333,5679.18,29
CUST-049334,52369.55,15
CUST-049336,66593.53,49
CUST-049337,10561.59,42
CUST-049338,24794.73,25
CUST-049339,11858.32,23
CUST-049340,27650.79,1
CUST-049342,19191.23,16
CUST-049343,25099.17,6
CUST-049344,70264.49,13
CUST-049345,19285.35,6
CUST-049346,109827.97,29
CUST-049348,5170.84,34
CUST-049349,80153.87,12
CUST-049350,72423.24,9
CUST-049351,43563.63,12
CUST-049353,609.58,21
CUST-049354,42843.91,21
CUST-049355,144850.84,35
CUST-049356,1747.93,25
CUST-049357,33046.49,35
CUST-049358,202378.69,0
CUST-049359,14535.46,0
CUST-049360,62027.86,27
CUST-049361,34972.86,1
CUST-049362,24048.59,35
CUST-049363,16186.97,21
CUST-049364,29733.66,62
CUST-049365,43450.6,25
CUST-049366,23147.8,46
CUST-049367,42628.24,36
CUST-049368,18702.94,65
CUST-049369,3989.81,30
CUST-049370,100226.91,0
CUST-049371,97914.9,1
CUST-049374,20962.46,14
CUST-049375,3651.15,23
CUST-049377,38758.02,19
CUST-049378,61476.6,0
CUST-049379,28072.15,28
CUST-049382,138824.24,1
CUST-049383,1759.44,13
CUST-049384,532.37,35
CUST-049385,11188.6,20
CUST-049387,55309.62,74
CUST-049388,114091.85,4
CUST-049389,2968.64,58
CUST-049390,33871.7,45
CUST-049391,54216.18,64
CUST-049392,133288.05,53
CUST-049393,7441.25,9
CUST-049394,103765.47,35
CUST-049395,42252.05,29
CUST-049396,113128.45,0
CUST-049397,155811.55,11
CUST-049398,65018.13,30
CUST-049399,102281.53,19
CUST-049400,3820.21,64
CUST-049401,19951.38,7
CUST-049402,5047.19,0
CUST-049403,66188.39,23
CUST-049404,132451.39,17
CUST-049405,104951.32,39
CUST-049406,2228.57,19
CUST-049407,146151.61,23
CUST-049408,48653.42,3
CUST-049410,16128.69,15
CUST-049411,34241.38,47
CUST-049412,94610.75,74
CUST-049413,35200.14,20
CUST-049414,80610.8,15
CUST-049415,99160.06,9
CUST-049416,8834.94,30
CUST-049417,26270.18,38
CUST-049418,91719.15,65
CUST-049419,30963.48,40
CUST-049420,70076.69,7
CUST-049421,98224.14,0
CUST-049422,7093.34,16
CUST-049423,22974.08,19
CUST-049424,107205.36,69
CUST-049426,49763.82,71
CUST-049427,46019.43,62
CUST-049428,83781.48,32
CUST-049429,190399.84,0
CUST-049430,21942.77,15
CUST-049431,10513.19,55
CUST-049432,61347.72,16
CUST-049434,32156.45,5
CUST-049435,91647.93,34
CUST-049436,4023.71,24
CUST-049438,523.81,4
CUST-049439,10123.21,55
CUST-049440,18807.41,33
CUST-049441,70794.27,31
CUST-049442,27780.69,39
CUST-049443,92911.4,5
CUST-049444,32638.88,16
CUST-049445,37707.28,33
CUST-049446,8637.67,0
CUST-049447,25197.6,48
CUST-049448,11543.97,12
CUST-049449,28572.34,32
CUST-049450,148823.51,13
CUST-049451,79712.75,27
CUST-049452,34319.43,45
CUST-049453,16505.98,16
CUST-049454,20312.76,46
CUST-049455,5561.08,6
CUST-049456,33293.24,20
CUST-049457,37370.22,12
CUST-049458,83658.4,22
CUST-049459,17691.42,1
CUST-049460,7278.0,15
CUST-049461,83442.24,20
CUST-049462,63117.39,24
CUST-049463,839.78,7
CUST-049464,18524.84,23
CUST-049465,21101.95,42
CUST-049466,19972.99,36
CUST-049467,7893.13,0
CUST-049468,0.0,25
CUST-049469,6860.66,21
CUST-049470,92126.97,23
CUST-049471,115277.19,21
CUST-049472,89365.97,0
CUST-049473,119347.33,34
CUST-049476,23266.97,37
CUST-049478,88936.21,30
CUST-049479,2978.69,25
CUST-049481,153612.66,21
CUST-049482,24386.31,80
CUST-049483,177573.3,31
CUST-049484,4541.55,46
CUST-049485,25920.57,22
CUST-049488,210795.91,9
CUST-049489,32751.68,40
CUST-049491,24877.36,0
CUST-049492,21200.18,89
CUST-049493,824.77,8
CUST-049494,15822.09,59
CUST-049495,18227.64,3
CUST-049496,5613.22,28
CUST-049497,49355.0,60
CUST-049500,65534.16,0
CUST-049501,179695.47,55
CUST-049502,69197.29,27
CUST-049503,29488.18,55
CUST-049504,88156.55,14
CUST-049505,99016.46,8
CUST-049506,98344.36,27
CUST-049508,100132.31,8
CUST-049509,141079.82,30
CUST-049510,105832.26,43
CUST-049511,134757.2,19
CUST-049512,15287.15,33
CUST-049514,74674.5,43
CUST-049516,9582.39,33
CUST-049517,42006.15,46
CUST-049518,23372.11,8
CUST-049519,1749.39,8
CUST-049520,32369.15,25
CUST-049521,32010.63,8
CUST-049522,144205.32,15
CUST-049523,39803.79,28
CUST-049524,60266.34,52
CUST-049525,33325.53,10
CUST-049526,30072.95,0
CUST-049527,164153.17,34
CUST-049528,117326.96,0
CUST-049529,35423.31,17
CUST-049530,59648.77,7
CUST-049532,27537.12,0
CUST-049533,30614.23,58
CUST-049534,23030.92,9
CUST-049535,17802.17,23
CUST-049537,128422.87,45
CUST-049538,45180.85,20
CUST-049539,28568.16,12
CUST-049541,7370.62,36
CUST-049542,240601.05,10
CUST-049543,133265.64,17
CUST-049544,20509.27,2
CUST-049545,32257.92,18
CUST-049547,182246.21,55
CUST-049548,6558.72,57
CUST-049551,139577.06,69
CUST-049552,316.18,18
CUST-049553,97739.88,17
CUST-049554,32645.77,26
CUST-049555,56745.93,61
CUST-049556,20217.31,41
CUST-049557,125918.66,38
CUST-049559,147273.66,90
CUST-049560,1833.18,54
CUST-049561,139871.76,0
CUST-049562,28252.38,22
CUST-049563,17670.34,6
CUST-049564,6026.71,2
CUST-049565,21496.86,6
CUST-049566,20087.22,24
CUST-049567,11669.78,0
CUST-049568,27603.95,0
CUST-049569,5083.71,39
CUST-049570,208237.57,49
CUST-049571,58565.5,58
CUST-049572,29820.03,38
CUST-049573,153185.99,64
CUST-049574,34323.75,25
CUST-049575,4904.11,0
CUST-049576,73178.83,14
CUST-049577,21822.74,3
CUST-049581,90084.67,1
CUST-049582,87278.54,15
CUST-049583,72092.19,1
CUST-049584,24195.42,35
CUST-049586,179352.76,29
CUST-049588,30939.65,15
CUST-049589,162190.94,9
CUST-049590,30729.07,0
CUST-049591,192615.45,17
CUST-049592,4633.46,45
CUST-049593,101949.33,10
CUST-049594,42081.72,0
CUST-049595,84130.86,0
CUST-049596,2725.84,29
CUST-049598,130329.61,22
CUST-049600,117415.29,55
CUST-049602,43698.42,37
CUST-049603,2283.65,16
CUST-049604,12345.59,7
CUST-049605,270364.56,25
CUST-049606,37246.96,18
CUST-049607,134626.4,6
CUST-049608,2121.91,42
CUST-049609,29154.26,5
CUST-049610,1469.0,29
CUST-049611,8153.53,45
CUST-049612,130618.57,7
CUST-049614,123193.28,30
CUST-049617,48470.91,47
CUST-049618,28140.83,37
CUST-049619,13727.66,15
CUST-049620,6895.66,46
CUST-049622,112665.48,64
CUST-049623,30146.35,38
CUST-049624,238644.76,6
CUST-049625,8065.36,49
CUST-049626,16922.89,0
CUST-049627,67949.32,24
CUST-049628,95573.98,15
CUST-049629,44842.16,19
CUST-049630,23354.67,36
CUST-049631,1875.82,8
CUST-049633,87675.6,0
CUST-049634,21236.15,6
CUST-049635,21106.57,33
CUST-049639,26858.64,32
CUST-049640,59853.74,6
CUST-049641,46962.6,16
CUST-049643,15609.28,52
CUST-049644,8067.07,6
CUST-049646,26268.61,75
CUST-049647,90667.36,29
CUST-049648,58328.06,58
CUST-049649,104170.62,0
CUST-049650,71029.93,46
CUST-049652,22763.48,8
CUST-049653,117171.82,9
CUST-049654,66754.15,5
CUST-049655,13656.44,62
CUST-049656,77177.13,36
CUST-049657,69607.27,50
CUST-049658,9517.62,41
CUST-049659,109029.59,0
CUST-049660,131204.05,10
CUST-049661,50964.85,20
CUST-049662,12223.55,9
CUST-049663,23688.54,50
CUST-049664,172339.09,20
CUST-049665,514.97,53
CUST-049666,150711.37,20
CUST-049667,7395.74,20
CUST-049668,132233.66,15
CUST-049669,18947.93,15
CUST-049670,86430.24,31
CUST-049672,7211.64,6
CUST-049673,80839.26,50
CUST-049675,10628.52,10
CUST-049676,119063.87,43
CUST-049678,67151.78,42
CUST-049679,22390.16,33
CUST-049680,31477.61,10
CUST-049681,229556.11,40
CUST-049683,82766.98,41
CUST-049684,146377.85,18
CUST-049685,3189.16,65
CUST-049687,149514.34,31
CUST-049688,20089.07,13
CUST-049689,32620.4,52
CUST-049690,124807.12,24
CUST-049693,33694.0,11
CUST-049694,9418.36,12
CUST-049695,53335.55,40
CUST-049696,28606.38,12
CUST-049699,2802.94,16
CUST-049700,72308.27,47
CUST-049701,11778.11,29
CUST-049702,33467.87,19
CUST-049704,13117.72,7
CUST-049705,72538.93,56
CUST-049706,93068.4,0
CUST-049708,49593.15,29
CUST-049709,5153.39,41
CUST-049711,37838.95,35
CUST-049712,63445.8,5
CUST-049713,4174.65,7
CUST-049714,6702.4,31
CUST-049715,55403.71,33
CUST-049716,53127.47,25
CUST-049717,62364.42,23
CUST-049719,31752.32,11
CUST-049720,76253.09,17
CUST-049721,55328.61,23
CUST-049723,17004.03,9
CUST-049725,125712.2,20
CUST-049726,3773.62,23
CUST-049727,18046.34,54
CUST-049729,14336.22,9
CUST-049730,23518.16,0
CUST-049731,5879.89,7
CUST-049733,23896.58,45
CUST-049734,40094.53,31
CUST-049736,31245.67,24
CUST-049737,99880.31,16
CUST-049738,15625.4,21
CUST-049739,36995.91,10
CUST-049740,159025.51,15
CUST-049741,233007.8,11
CUST-049742,4765.09,23
CUST-049743,44031.4,17
CUST-049744,245927.88,0
CUST-049746,18142.34,35
CUST-049747,47683.03,42
CUST-049748,11545.81,31
CUST-049749,51283.96,22
CUST-049750,649.97,84
CUST-049752,66945.43,0
CUST-049753,15065.77,22
CUST-049754,39005.21,0
CUST-049755,33756.93,10
CUST-049756,130012.71,0
CUST-049757,51669.55,5
CUST-049758,112498.85,50
CUST-049759,104013.91,15
CUST-049760,124654.72,0
CUST-049761,3322.6,0
CUST-049762,120778.74,0
CUST-049763,11744.94,10
CUST-049764,50883.62,36
CUST-049765,104965.23,50
CUST-049766,240993.54,6
CUST-049767,22574.69,0
CUST-049769,5167.23,0
CUST-049770,10314.87,14
CUST-049772,97072.05,0
CUST-049773,102631.24,20
CUST-049774,17397.19,11
CUST-049775,11467.12,61
CUST-049776,18093.68,57
CUST-049778,39541.33,50
CUST-049779,60257.48,47
CUST-049780,214108.75,10
CUST-049781,153891.8,37
CUST-049782,21611.21,19
CUST-049783,167963.57,0
CUST-049784,1736.55,45
CUST-049785,23923.48,32
CUST-049787,80882.42,23
CUST-049790,36694.37,0
CUST-049791,59280.35,4
CUST-049792,31030.29,20
CUST-049793,35002.64,25
CUST-049795,13043.06,4
CUST-049796,121398.91,19
CUST-049797,46614.01,10
CUST-049798,70738.8,61
CUST-049799,23627.54,12
CUST-049800,63035.45,12
CUST-049801,108944.42,7
CUST-049802,99572.35,9
CUST-049803,158591.95,10
CUST-049804,6621.01,40
CUST-049806,35753.17,49
CUST-049807,47370.37,23
CUST-049808,18563.27,30
CUST-049809,61651.75,0
CUST-049810,66240.01,37
CUST-049811,92185.53,5
CUST-049812,177707.15,31
CUST-049813,96667.21,12
CUST-049814,156062.22,45
CUST-049815,5115.8,27
CUST-049816,14130.27,45
CUST-049817,38362.43,16
CUST-049818,68277.3,32
CUST-049819,76165.4,24
CUST-049820,11357.47,52
CUST-049821,108741.02,50
CUST-049822,27143.3,34
CUST-049824,40082.0,20
CUST-049825,44810.26,58
CUST-049826,72712.74,50
CUST-049827,43985.15,40
CUST-049829,83382.65,46
CUST-049830,24096.97,9
CUST-049831,72285.91,55
CUST-049832,7863.98,50
CUST-049834,36426.6,23
CUST-049836,13494.19,7
CUST-049837,8637.37,20
CUST-049838,16498.19,53
CUST-049839,3735.77,2
CUST-049840,217850.09,22
CUST-049841,40239.28,43
CUST-049842,214267.72,55
CUST-049843,76049.03,37
CUST-049844,29489.4,17
CUST-049845,83667.82,26
CUST-049846,153068.75,40
CUST-049847,90013.84,49
CUST-049848,121992.88,24
CUST-049849,15160.06,21
CUST-049850,9497.53,12
CUST-049851,99822.93,24
CUST-049852,127545.19,44
CUST-049853,21931.36,10
CUST-049854,4168.66,34
CUST-049855,8288.91,5
CUST-049856,113077.42,23
CUST-049857,91278.0,11
CUST-049859,112666.87,51
CUST-049860,50168.57,19
CUST-049861,160685.14,43
CUST-049863,134504.19,21
CUST-049864,57073.93,29
CUST-049865,120522.12,29
CUST-049866,11339.34,20
CUST-049867,173416.68,19
CUST-049868,1279.99,34
CUST-049869,28270.21,54
CUST-049871,62201.73,0
CUST-049872,5926.45,19
CUST-049873,3102.3,7
CUST-049874,27871.77,41
CUST-049875,44372.59,5
CUST-049876,71380.85,36
CUST-049878,12827.03,76
CUST-049879,43160.64,23
CUST-049880,40247.56,2
CUST-049881,88323.65,37
CUST-049882,26015.08,21
CUST-049883,77717.02,0
CUST-049884,114988.91,25
CUST-049885,8909.21,21
CUST-049886,18629.18,0
CUST-049887,41842.76,4
CUST-049888,106585.56,36
CUST-049889,53889.56,7
CUST-049890,1851.37,6
CUST-049891,143174.02,20
CUST-049892,957.72,0
CUST-049893,108293.24,51
CUST-049894,9382.57,25
CUST-049895,3806.93,9
CUST-049897,73012.76,0
CUST-049898,25063.61,15
CUST-049899,53730.46,1
CUST-049900,49734.34,29
CUST-049901,6236.19,17
CUST-049902,47747.11,33
CUST-049903,8301.21,20
CUST-049904,32542.98,33
CUST-049905,28515.01,9
CUST-049906,3310.9,46
CUST-049907,101705.06,38
CUST-049908,160408.4,17
CUST-049910,500.95,29
CUST-049911,1541.88,17
CUST-049912,69499.26,11
CUST-049915,44007.98,11
CUST-049916,140147.46,50
CUST-049917,22876.44,50
CUST-049919,13519.23,18
CUST-049920,20002.65,11
CUST-049921,13926.4,0
CUST-049922,49443.75,28
CUST-049924,21635.14,35
CUST-049927,35974.78,28
CUST-049928,425.61,54
CUST-049930,11716.13,30
CUST-049931,36053.59,20
CUST-049932,28519.69,59
CUST-049933,61857.38,17
CUST-049934,9107.58,44
CUST-049935,63474.32,3
CUST-049936,1577.93,20
CUST-049939,73922.8,25
CUST-049941,23412.49,26
CUST-049942,56746.05,61
CUST-049943,17402.11,35
CUST-049944,33319.79,5
CUST-049945,6440.76,20
CUST-049946,1548.96,24
CUST-049947,176416.8,87
CUST-049948,26519.29,43
CUST-049949,968.26,74
CUST-049950,22745.67,1
CUST-049951,127425.79,4
CUST-049952,33619.79,10
CUST-049953,19930.81,49
CUST-049954,4193.4,22
CUST-049955,140366.19,44
CUST-049956,134836.23,16
CUST-049957,87692.37,0
CUST-049959,8477.51,0
CUST-049961,12492.77,48
CUST-049963,23097.22,22
CUST-049964,6260.61,0
CUST-049965,4379.64,29
CUST-049966,34819.81,46
CUST-049967,68168.06,0
CUST-049969,39012.9,7
CUST-049970,77420.19,41
CUST-049971,45815.04,7
CUST-049972,85701.24,19
CUST-049973,22482.27,12
CUST-049974,128884.88,28
CUST-049975,9826.31,15
CUST-049976,45733.02,35
CUST-049978,70708.8,9
CUST-049979,55312.55,45
CUST-049980,72212.67,19
CUST-049981,47876.06,1
CUST-049982,8325.15,0
CUST-049984,41301.22,25
CUST-049985,57803.44,1
CUST-049986,11809.06,43
CUST-049987,116123.39,0
CUST-049988,87742.77,34
CUST-049990,116392.45,47
CUST-049992,6383.26,37
CUST-049994,41492.42,74
CUST-049995,20004.88,35
CUST-049996,2716.69,71
CUST-049997,107209.52,34
CUST-049998,226985.79,10
CUST-049999,38423.44,30
CUST-050000,106000.61,30
